ARPT_ID,RWY_ID,VGSI_LIGHT_TYPE,TH_CROSS_HT,CMSN_ANGLE_MSMT,REF_PT_LAT_DEG,REF_PT_LAT_MIN,REF_PT_LAT_SEC,LAT_HEMIS,REF_PT_LONG_DEG,REF_PT_LONG_MIN,REF_PT_LONG_SEC,LONG_HEMIS,REF_PT_ELEV,REF_PT_THRES
00U,8,PAPI-2L,40,3,45,44,39.827,N,107,39,56.02,W,3018.6,941.012
00U,26,PAPI-2L,40,3,45,44,39.865,N,107,39,16.723,W,3007,762
01J,18,PAPI-2R,32.1,3,30,41,17.195,N,81,54,23.007,W,58.7,621
01J,36,PAPI-2L,42.8,3,30,41,7.08,N,81,54,22.79,W,55.5,827
02A,8,PAPI-2L,38.3,4,32,50,59.008,N,86,36,56.887,W,578.7,633
02A,26,PAPI-2L,50.9,4,32,51,4.363,N,86,36,26.104,W,569.1,692
02G,25,PAPI-4L,26.2,3,40,40,30.01,N,80,38,14.983,W,1159.1,500
03D,12,PAPI-2L,40,3,40,26,54.31,N,92,13,45.81,W,812.9,851
03D,30,PAPI-2L,40,3,40,26,45.36,N,92,13,27.05,W,809.7,739.3
05C,8,PAPI-2L,43.9,3.5,41,31,8.51,N,87,24,20.25,W,632.1,750
05C,26,PAPI-2R,32.6,4,41,31,12.84,N,87,23,47.5,W,631.1,500
06A,13,PAPI-2L,30,3,32,27,53.215,N,85,41,10.881,W,0,0
06A,31,PAPI-2L,30,3,32,27,22.157,N,85,40,25.382,W,0,0
06D,14,PAPI-2L,27.4,3,48,53,18.71,N,99,37,28.92,W,1820.2,558
06D,32,PAPI-2L,27.2,3,48,52,51.18,N,99,37,4.8,W,1816.1,518
06FA,10,PAPI-4L,54,3,26,54,29.354,N,80,20,6.954,W,28,1028
06FA,28,PAPI-4L,40,3,26,54,29.359,N,80,19,14.886,W,27,780
06N,8,PAPI-2L,44.4,4,41,25,53.521,N,74,23,33.15,W,507.7,540
06N,26,PAPI-2R,30.1,4,41,25,59.41,N,74,23,17.903,W,522.7,402
06U,15,PAPI-2L,40,4,41,58,55.615,N,114,39,37.924,W,5214.5,698.981
06U,33,PAPI-2L,40,3.5,41,58,9.742,N,114,39,19.54,W,5175,633
07F,14,PAPI-2L,43.5,3,32,31,53.354,N,94,58,25.587,W,287.1,788
07FA,5,PAPI-2L,25.6,4,25,19,13.107,N,80,16,45.156,W,3.6,368
07FA,23,PAPI-2L,25.9,4,25,19,38.334,N,80,16,23.199,W,5.4,385
07K,16,PAPI-2L,40,3,41,6,52.064,N,98,3,8.967,W,1715.9,746
07K,34,PAPI-2L,40,3,41,6,31.253,N,98,3,0.679,W,1716.7,754
08D,10,PAPI-2L,40,3,48,18,6.398,N,102,24,38.683,W,2241.2,925
08D,28,PAPI-2L,40,3,48,17,59.5,N,102,24,7.912,W,2240.4,780
08R,29,TRCV-TRIL,20.9,5.5,41,29,21.209,N,71,37,4.869,W,129,210
09A,12,PAPI-2L,39.8,3,32,7,14.551,N,88,7,51.166,W,120.7,698
09A,30,PAPI-2L,40,3,32,7,6.032,N,88,7,30.339,W,124.5,783.008
09J,18,PAPI-2L,20,3,31,4,42.44,N,81,25,41.64,W,11.2,404
09J,36,PAPI-2L,22.2,3.25,31,4,13.79,N,81,25,38.39,W,11.1,403
0A3,6,PAPI-2L,27.8,3,35,58,59.74,N,85,48,47.98,W,1076.5,500
0A3,24,PAPI-2L,26.6,3.5,35,59,16.17,N,85,48,16.05,W,1076.5,500
0A8,10,PAPI-2L,40,4,32,56,14.31,N,87,5,44,W,237.1,560
0A8,28,PAPI-2L,40,4,32,56,11.69,N,87,5,8.45,W,247,604
0B4,13,PAPI-2L,45.8,3.5,42,36,22.906,N,97,15,20.469,W,1372.4,663
0B4,31,PAPI-2L,40,3.25,42,36,6.062,N,97,15,2.085,W,1382.4,698
0B5,16,PAPI-4L,40,3,42,35,35.8,N,72,31,28.99,W,348.7,836.7
0B8,7,PAPI-2L,20,3.75,41,15,5.567,N,72,2,0.652,W,4.8,337.86
0B8,12,PAPI-2L,20,3,41,15,8.792,N,72,2,4.323,W,6.4,344.494
0B8,25,PAPI-2L,20,3,41,15,10.861,N,72,1,47.872,W,7,354.029
0B8,30,PAPI-2R,20,3,41,15,5.667,N,72,1,42.778,W,4.3,324.515
0C4,15,PAPI-2L,40,3,42,6,56.88,N,96,43,45.47,W,1341.2,843
0C4,33,PAPI-2L,40,3,42,6,38.83,N,96,43,34.23,W,1333.3,743
0E0,26,PAPI-2L,38.7,3,34,58,56.141,N,105,59,40.406,W,6187.5,704
0F2,17,PAPI-2L,35,3,33,36,15.76,N,97,46,33.19,W,1096.9,808
0F2,35,PAPI-2L,40,3,33,35,55.64,N,97,46,30.82,W,1086.6,752
0F4,16,PAPI-2L,39.9,3,41,17,21.672,N,98,59,26.504,W,2070.5,800
0F4,34,PAPI-2L,39.9,3,41,16,59.397,N,98,59,19.022,W,2066.9,774
0G3,15,PAPI-2L,40,3,40,24,12.55,N,96,10,18.215,W,1305.6,757
0G3,33,PAPI-2L,40,3,40,23,53.936,N,96,10,8.803,W,1303.4,724
0G6,7,PAPI-4L,35,3,41,27,57.15,N,84,30,41.37,W,729.5,707
0G6,25,PAPI-4L,35.1,3,41,28,6.12,N,84,30,11.5,W,729.2,707.2
0G7,1,PAPI-2L,40,3,42,52,48.07,N,76,46,54.56,W,491.7,765
0G7,19,PAPI-2L,40,3,42,53,15.08,N,76,46,57.51,W,485.3,692
0I8,11,PAPI-2L,41.2,4,38,22,1.691,N,84,17,16.085,W,720.2,599
0I8,29,PAPI-2L,40.2,4,38,21,57.472,N,84,16,56.781,W,718.8,562
0J0,18,PAPI-2L,43.5,3,31,36,22.799,N,85,14,21.451,W,466,806
0J0,36,PAPI-2L,43.9,3,31,35,49.596,N,85,14,16.073,W,466.2,807
0K7,12,PAPI-2L,40,3,42,44,9.977,N,94,14,56.147,W,1098,674
0K7,30,PAPI-2L,40,3,42,44,1.466,N,94,14,32.286,W,1085.2,765
0M0,36,PAPI-2L,40,3,33,52,47.11,N,91,32,4.27,W,162.5,763.2
0M3,2,PAPI-2L,40,3,35,32,33.589,N,87,35,55.011,W,949,736
0M3,20,PAPI-2L,34.5,3,35,32,51.767,N,87,35,47.928,W,962.3,844
0M4,4,PAPI-2L,16.9,3.5,36,0,16.4,N,88,7,44.38,W,467.2,290
0M4,22,PAPI-2L,17.2,3.35,36,0,52.305,N,88,7,13.664,W,463.2,289.378
0R0,5,PAPI-4L,42.2,3,31,17,40.669,N,89,48,59.746,W,245.4,771
0R0,23,PAPI-4L,42.7,3,31,18,3.087,N,89,48,24.131,W,265.9,897
0R1,18,PAPI-2L,40.1,3,31,1,12.58,N,87,26,48.368,W,284,759
0R1,36,PAPI-2L,40.1,3,31,0,43.66,N,87,26,48.275,W,283.3,710
0R4,14,PAPI-2L,50.5,3,31,33,50.263,N,91,30,29.356,W,54.3,963
0R4,32,PAPI-2L,50.5,3,31,33,36.108,N,91,30,17.213,W,54.3,963
0R7,18,PAPI-2L,50,3,31,59,39.9,N,93,18,27.369,W,175,994
0R7,36,PAPI-2L,50,3,31,59,9.176,N,93,18,27.432,W,168,903
0S9,9,PAPI-2L,42.7,4.25,48,3,15.886,N,122,48,51.729,W,110,559
0S9,27,PAPI-2R,42.2,4.25,48,3,11.503,N,122,48,24.795,W,106.9,558
0TE5,17,PVASI-PSIL,45.8,3,27,26,22.76,N,99,11,9.08,W,515.7,864.4
0TE5,35,PVASI-PSIL,49.8,3,27,25,40.61,N,99,11,9.68,W,514.6,871.1
0V3,16,PAPI-2L,40,3,40,31,3.797,N,98,56,48.714,W,2158.5,723
0V3,34,PAPI-2L,40,3.5,40,30,39.033,N,98,56,40.885,W,2156.2,599
0V4,6,PAPI-2R,43,3,37,8,23.812,N,79,1,9.711,W,596.5,815
0V4,24,PAPI-2L,45.5,3,37,8,36.653,N,79,0,48.271,W,591.9,815
0V7,5,PAPI-2L,27,3,36,42,48.4173,N,110,14,15.45,W,5680.2,655
0V7,23,PAPI-2L,38,3,36,43,10.0255,N,110,13,9.4234,W,5623.9,692
0VG,7,PAPI-4L,40.2,3,36,39,5.637,N,83,13,23.809,W,1371.3,662
0VG,25,PAPI-4R,44.1,3.25,36,39,22.596,N,83,12,47.228,W,1403.8,901
0W3,1,PAPI-2L,21.1,3.5,39,33,57.903,N,76,12,14.225,W,404.9,415
0W3,19,PAPI-2L,41.9,3.25,39,34,15.534,N,76,12,15.218,W,401.1,902
0XA5,14,PVASI-PSIL,20,3,28,41,19.82,N,98,23,9.3,W,318.8,400
10G,27,PAPI-2L,25,3,40,32,13.103,N,81,56,58.11,W,1187.2,400
10U,5,PAPI-2L,43.9,3,41,57,6.061,N,116,11,12.167,W,5373.8,901
10U,23,PAPI-2L,43.6,3,41,57,20.396,N,116,10,37.94,W,5366.1,832
10X,17,PAPI-2L,51.7,3.75,29,28,1.164,N,100,6,51.251,W,1300.3,869
10X,35,PAPI-2L,60.2,3.3,29,27,20.566,N,100,6,51.641,W,1276.7,774
11A,10,PAPI-2L,30.2,3.2,31,53,1.9,N,85,29,26.24,W,419.9,540
11A,28,PAPI-2L,37.1,3.75,31,52,57.73,N,85,28,44.49,W,432.3,565.9
11R,16,PAPI-2L,36,3,30,13,27.47,N,96,22,30.77,W,291.8,1301
11R,16,PAPI-2L,36,3,30,13,27.47,N,96,22,30.77,W,291.8,1301
11R,34,PAPI-4L,48.2,3.5,30,12,48.4,N,96,22,23.91,W,255.1,709
12D,8,PAPI-2L,40,3,47,49,4.888,N,92,17,24.183,W,1367.8,720
12D,26,PAPI-2L,46.8,3.5,47,49,5.804,N,92,16,56.375,W,1368.4,780
12J,12,PAPI-2L,47.9,3.25,31,3,1.684,N,87,4,14.428,W,83.6,818
12J,30,PAPI-2L,42,3.5,31,2,44.605,N,87,3,39.885,W,96.9,718
12K,14,PAPI-2L,40,3,40,2,54.357,N,98,3,43.176,W,1682.7,926
12K,32,PAPI-2L,40,3,40,2,31.655,N,98,3,22.481,W,1649.4,569
12Y,13,PAPI-4L,40,2.75,44,26,33.32,N,93,55,5.577,W,846.3,624
12Y,31,PAPI-4L,40,2.75,44,26,22.989,N,93,54,51.189,W,862,898
13C,10,PAPI-2L,43.6,3,43,27,7.89,N,85,16,5.04,W,963.2,835.9
13C,28,PAPI-2L,49.6,3,43,27,8.24,N,85,15,41.28,W,969.1,910.1
13K,18,PAPI-2L,34,3,37,51,13.139,N,96,17,26.64,W,1206.2,647
13K,36,PAPI-2L,40,3,37,50,52.007,N,96,17,31.617,W,1199.9,682
14M,8,PAPI-2L,40,3,33,10,57,N,90,49,58.27,W,112.5,779.7
14M,26,PAPI-2L,40,3,33,10,57.12,N,90,49,41.27,W,110.6,777.6
14TS,16,VASI-2L,22.7,3,27,25,41.551,N,98,36,27.4,W,534.5,400
14TS,34,PAPI-2L,47.3,3,27,24,58.265,N,98,36,5.954,W,531.7,831
14Y,16,PAPI-4L,22.7,3,45,54,3.379,N,94,52,29.418,W,1330.3,492
14Y,34,PAPI-4L,21.5,3,45,53,38.457,N,94,52,20.361,W,1327,404
15J,5,PAPI-2L,45.1,3,31,7,56.389,N,83,27,31.8,W,233.5,866
15J,23,PAPI-2L,32.5,3,31,8,18.961,N,83,27,3.34,W,235.1,619
15M,1,PAPI-4L,42.3,3,34,46,14.472,N,88,9,58.66,W,608,1034
15M,19,PAPI-4L,52.4,4,34,46,35.429,N,88,9,57.078,W,619.3,844
16A,18,PAPI-4L,18.9,3,60,54,29.69,N,162,26,21.45,W,11.6,360
16A,36,PAPI-4L,19.7,3,60,54,13.72,N,162,26,30.73,W,11.6,375
16G,6,PAPI-4L,37.7,3,41,5,31.49,N,83,12,59.16,W,785.9,700
16G,24,PAPI-4L,37.7,3,41,5,45.67,N,83,12,30.86,W,782,700
16J,14,PAPI-2L,34.3,3,31,44,45.676,N,84,25,22.303,W,326.5,763
16J,32,PAPI-2L,47.5,3,31,44,25.999,N,84,24,56.595,W,296.3,763
17G,4,PAPI-2L,43.9,3.5,40,46,45.329,N,82,58,36.319,W,1002,700
17G,22,PAPI-4L,42.5,3,40,47,2.488,N,82,58,20.07,W,1001.1,779
17J,1,PAPI-2L,25.5,3,31,0,0.586,N,84,52,40.635,W,132,446
17J,19,PAPI-2L,46,3,31,0,41.45,N,84,52,38.59,W,144.1,933
17K,4,PAPI-4L,41.9,3,36,46,18.901,N,102,30,50.057,W,4172.6,768
17K,22,PAPI-4L,42.3,3,36,46,36.036,N,102,30,25.126,W,4165.3,774
17M,18,PAPI-2L,43.3,3,31,51,53.441,N,89,48,2.303,W,554.8,795
17XS,1,PAPI-2L,26.5,3.25,32,10,17.92,N,98,26,15.729,W,1317.4,405
17XS,19,PAPI-2L,20.4,3,32,11,3.835,N,98,25,55.826,W,1412.1,575
18A,8,PAPI-2L,23.2,3,34,20,18.94,N,83,8,14.52,W,829.7,420
18A,26,PAPI-2L,22.7,3,34,20,30.72,N,83,7,30.49,W,875.6,700
18I,4,PAPI-2L,20,4,36,41,34.333,N,84,23,37.32,W,1365.7,382
18I,22,PAPI-2L,24,3,36,41,52.369,N,84,23,21.548,W,1344.9,385
19M,1,PAPI-2L,40,3,33,7,23.53,N,90,1,34,W,325.7,759.4
19M,19,PAPI-2L,40,4,33,7,40.43,N,90,1,29.79,W,332.1,694.6
19N,5,PVASI-PSIR,23.3,4,39,46,38.9,N,74,56,55.59,W,142.8,363.2
19N,23,PVASI-PSIR,39.5,4,39,46,48.19,N,74,56,46.2,W,139.8,560.6
1A3,2,PAPI-2L,44.6,3,35,0,47.958,N,84,20,51.312,W,1780,724
1A3,20,PAPI-2L,43,4,35,1,6.226,N,84,20,45.779,W,1788.3,642
1A5,7,PAPI-2L,42.5,3,35,13,15.162,N,83,25,28.018,W,2020.1,1071
1A5,25,PAPI-2L,39.6,3,35,13,26.574,N,83,24,52.6,W,2008.9,773
1A6,28,PAPI-2L,46.5,3.9,36,36,35.52,N,83,44,1.325,W,1141,665
1A9,9,PAPI-4L,62.1,4,32,26,19.21,N,86,31,5.61,W,217.7,991
1A9,27,PAPI-4L,44.9,3,32,26,19.7,N,86,30,23.21,W,202.3,776
1B1,3,PAPI-4L,40,3,42,17,10.491,N,73,42,42.183,W,196.4,797
1B1,21,PAPI-4R,40.7,3.52,42,17,46.494,N,73,42,32.23,W,192.1,672
1B9,32,PAPI-4L,37.7,4,41,59,54.92,N,71,11,36.715,W,119.1,539
1D1,13,PAPI-2L,37.2,3,45,14,4.89,N,96,34,6.42,W,1115.1,672.1
1D1,31,PAPI-2L,36.2,3,45,13,45.82,N,96,33,41.48,W,1113.8,696.8
1D2,18,PAPI-2L,25.2,4,42,20,59.986,N,83,27,23.194,W,695.2,348
1D2,36,PAPI-4R,29.4,3,42,20,45.761,N,83,27,22.435,W,687.9,513.028
1D7,12,PAPI-2L,35.3,3,45,17,40.487,N,97,30,55.737,W,1855,700
1D7,30,PAPI-2L,36.4,3,45,17,28.089,N,97,30,28.703,W,1845.4,700
1D8,17,PAPI-2R,40,3,44,51,33.012,N,98,31,53.922,W,1306.9,795
1D8,35,PAPI-2L,35.6,3,44,51,14.272,N,98,31,50.922,W,1301.8,795
1F0,17,PAPI-4L,41,4,34,9,7.533,N,97,7,21.871,W,836.07,641.8
1F0,35,PAPI-4L,40,3,34,8,35.999,N,97,7,21.323,W,823.11,1183.9
1G0,10,PAPI-2L,40.5,3,41,23,30.339,N,83,37,56.729,W,672.4,768.006
1G0,18,PAPI-4L,37.7,3,41,23,29.247,N,83,38,3.379,W,671.7,721.03
1G0,28,PAPI-2L,39.7,3,41,23,29.958,N,83,37,21.661,W,671.7,758.023
1G3,2,VASI-4L,42,3.5,41,8,52.3786,N,81,24,56.9385,W,1118.4,659
1G3,20,VASI-4L,35,3,41,9,17.1016,N,81,24,52.0076,W,1130.7,757
1G4,17,PAPI-4L,38.5,3,35,59,28.32,N,113,48,58.776,W,4768.1,640
1G4,35,PAPI-4L,37.7,3,35,58,54.32,N,113,49,2.751,W,4809.5,905
1G5,1,PAPI-4L,25,3,41,7,41.489,N,81,45,42.996,W,1173.9,454
1G5,9,PAPI-4L,25,3,41,7,53.503,N,81,46,18.322,W,1165,553
1G5,19,PAPI-4L,34,4,41,7,53.409,N,81,45,42.717,W,1181,471
1G5,27,PAPI-4L,30,3.5,41,7,56.157,N,81,45,46.817,W,1178.6,577
1H0,16,PAPI-4L,40,3,38,43,46.276,N,90,30,44.497,W,448.1,821
1H0,34,PAPI-4L,42.8,3,38,43,22.464,N,90,30,32.487,W,448.3,1089
1H2,1,PVASI-PSIL,40.3,4,39,4,0.415,N,88,32,5.132,W,571.9,573
1H2,19,PVASI-PSIL,38.1,3.5,39,4,21.524,N,88,32,1.556,W,577.5,672
1I9,18,PAPI-2L,26.3,3,40,32,41.625,N,86,40,53.438,W,670.3,511.96
1I9,36,PAPI-2L,46.1,3,40,32,16.284,N,86,40,53.164,W,668.8,924.01
1K8,18,PAPI-4L,42,4,36,32,59.226,N,95,0,48.588,W,774.5,673
1K8,36,PAPI-4L,35.7,3,36,32,35.286,N,95,0,48.754,W,775,762
1L7,13,PAPI-2L,35.8,3,37,44,54.82,N,111,34,25.13,W,5726.8,950
1L7,31,PAPI-2L,36.4,3,37,44,29.9,N,111,33,58.3,W,5719.2,733
1L9,4,PAPI-2L,44.6,3,37,51,25.828,N,112,49,12.186,W,5918.6,1009
1L9,22,PAPI-2L,43.1,3,37,51,45.427,N,112,48,38.882,W,5878.7,664
1M2,3,PAPI-2L,40,3,33,8,36.57,N,90,30,59.45,W,110.3,772.8
1M2,21,PAPI-2L,40,3,33,8,48.87,N,90,30,50.48,W,110.4,768.4
1M4,18,PAPI-4L,49.2,3,34,17,4.04,N,87,36,1.02,W,926.6,1000
1M4,36,PAPI-4L,39.1,3,34,16,30.74,N,87,36,2.2,W,910,640
1M7,9,PAPI-2L,34.7,3,36,31,32.432,N,88,55,21.366,W,377.2,602
1M7,27,PAPI-2L,27.6,3,36,31,32.166,N,88,54,49.024,W,399.6,599
1M9,20,PAPI-2L,38.1,4,36,49,20.907,N,87,54,19.282,W,570.5,584
1MO,8,PAPI-2L,42.8,4,37,7,13.847,N,92,18,46.511,W,1450.6,631
1MO,26,PAPI-2L,43.4,4,37,7,16.325,N,92,18,26.501,W,1473.8,651
1O2,28,PAPI-2L,40,4,38,59,20.683,N,122,53,49.938,W,1368.3,571.953
1O4,17,PAPI-2L,40,3,35,44,9.89,N,98,43,49.98,W,1729.5,793
1O4,35,PAPI-2L,40,3,35,43,50.45,N,98,43,49.87,W,1730.6,800
1R7,5,PAPI-2L,40,3,31,36,14.56,N,90,24,41.83,W,487.2,894.1
1R7,23,PAPI-2L,40,3,31,36,25.95,N,90,24,27.24,W,484,769.2
1R8,8,PAPI-2L,46.5,3.5,30,52,11.65,N,87,49,33.375,W,212.3,668
1R8,26,PAPI-2L,40.1,3,30,52,14.555,N,87,48,47.816,W,244,849.99
1S3,9,PAPI-2L,29.4,3,46,16,18.15,N,106,37,51.52,W,2728.9,598
1S3,27,PAPI-2L,28.5,3,46,16,14.14,N,106,37,0.59,W,2727.5,599
1U7,10,PAPI-2L,45,3.5,42,15,14.127,N,111,20,43.392,W,5930.5,705
1U7,28,PAPI-2L,51,3.5,42,14,56.508,N,111,19,52.768,W,5932.5,817
1V6,11,PAPI-2L,23,3,38,25,57.185,N,105,6,52.255,W,5428.7,700
1V6,29,PAPI-2L,40.2,3,38,25,36.91,N,105,6,9.14,W,5381.8,700
1VA1,8,VASI-2L,23.8,4.5,36,44,3.86,N,80,27,6.82,W,2948,508
1VA1,26,PAPI-2L,41.7,3.75,36,44,15.31,N,80,26,23.81,W,2914.6,824.7
20N,15,PAPI-2L,50.2,4.5,41,59,11.91,N,73,57,57.17,W,146,654
20N,33,PAPI-2L,53.3,3.6,41,59,3.5,N,73,57,47.75,W,139,793
20U,12,PAPI-2L,26.4,3,46,55,41.236,N,103,59,11.839,W,2754.5,530
20U,30,PAPI-2L,26.9,3,46,55,19.905,N,103,58,38.951,W,2747.6,526
20V,9,PAPI-2L,42.6,4,40,3,17.454,N,106,22,35.519,W,7402.1,591
20V,27,PAPI-2L,44.2,3,40,3,7.972,N,106,21,44.846,W,7413.2,891
21D,14,PAPI-4L,25,3.5,44,59,56.65,N,92,51,25.044,W,925.2,405
21D,32,PAPI-4L,24.9,3.5,44,59,37.498,N,92,51,0.395,W,928.6,472
22I,27,PAPI-2L,34.9,4,39,19,42.3159,N,82,26,11.8516,W,933.9,459
22N,8,PAPI-2L,40,3,40,48,31.99,N,75,45,49.17,W,524.8,857
22N,26,PAPI-2L,40,3,40,48,37.27,N,75,45,31.12,W,511.8,656
23M,16,PAPI-2L,56.2,4,32,5,17.946,N,88,44,24.021,W,321,741
23R,17,PAPI-2L,32.7,3,29,8,28.784,N,98,56,32.193,W,679.7,625
23R,35,PAPI-2L,32.7,3,29,8,7.648,N,98,56,29.408,W,700.4,625
24A,15,PAPI-2L,30,3.5,35,19,8.78,N,83,12,41.45,W,2841.1,729
24A,33,PAPI-2L,28.9,3.09,35,18,54.8,N,83,12,28.09,W,2811,535
24CL,14,VASI-2L,24.5,4,36,5,39.901,N,119,32,40.373,W,204.9,350
24CL,32,VASI-2L,19.3,3,36,4,56.919,N,119,32,18.517,W,203.7,350.165
24F,5,PAPI-2L,45,3.5,32,44,34.77,N,94,18,25.915,W,218.4,685
24F,23,PAPI-2L,45,3.5,32,44,44.393,N,94,18,7.339,W,221,654
24J,7,PAPI-2L,44.2,3,30,17,57.347,N,83,1,40.108,W,101,848
24J,25,PAPI-2L,51.1,3,30,18,4.991,N,83,1,17.137,W,102,1000
25D,13,PAPI-4L,29.4,3.5,45,14,57.17,N,92,59,42.574,W,926.2,464
25D,31,PAPI-4L,31.3,3.5,45,14,44.716,N,92,59,26.659,W,928,537
26N,6,PAPI-2R,36.1,3.5,39,15,42.58,N,74,36,35.06,W,4.9,607
26N,24,PAPI-2L,37.1,3.5,39,15,54.48,N,74,36,18.76,W,4.4,606
27K,3,PAPI-2L,33.4,3,38,13,44.745,N,84,26,16.565,W,933.5,592
27K,21,PAPI-2L,30,3,38,14,23.082,N,84,25,53.215,W,946.1,603
28J,9,PAPI-4L,31,3,29,39,28.392,N,81,41,53.522,W,33.8,570
28J,17,PAPI-2L,40,3,29,39,35.54,N,81,41,24.256,W,30.8,785
28J,27,PAPI-4L,38.2,3.5,29,39,30.422,N,81,41,4.094,W,32,614
28J,35,PAPI-2L,40,3.75,29,39,16.879,N,81,41,18.72,W,39.8,777
29D,10,PAPI-2L,37.1,3.8,41,8,46.32,N,80,10,23.22,W,1355.8,773
29D,28,PAPI-2L,56.1,3,41,8,45.21,N,80,9,45.37,W,1309.6,829
2A0,3,PAPI-2L,31,3,35,28,53.92,N,84,56,2.94,W,712,595
2A0,21,PAPI-2L,31,3,35,29,27.02,N,84,55,40.96,W,718,597
2A1,1,PAPI-4L,21.7,3,36,20,46.366,N,84,56,48.054,W,1674.9,478
2A1,19,PAPI-4L,27.4,3.55,36,21,10.917,N,84,56,47.855,W,1688.2,537
2A2,5,VASI-2L,31.1,3.5,35,38,56.27,N,92,24,25.58,W,1250.3,831
2A2,23,PAPI-2L,46.8,3,35,39,11.89,N,92,23,56.28,W,1259.5,678
2B7,36,PAPI-4L,40,3,44,45,54.77,N,69,22,24.12,W,176.1,763.3
2C7,33,PAPI-4L,24.9,3,64,22,2.41,N,161,13,13.49,W,18.4,515
2C8,16,PAPI-2L,26.4,3,48,47,12.42,N,97,37,59.13,W,890.9,500
2C8,34,PAPI-2L,35.7,4,48,46,50.37,N,97,37,51.05,W,890.7,500
2D5,12,PAPI-2L,27.2,3,46,10,35.67,N,98,5,2.42,W,1331.9,495
2D5,30,PAPI-2L,27.1,3,46,10,19.42,N,98,4,35.94,W,1335,523
2D7,28,VASI-2R,40.2,3,40,38,46.86,N,81,33,20.86,W,972,825
2F6,18,PAPI-2L,40,3,36,21,26.819,N,96,0,39.721,W,670.6,718
2F7,18,PAPI-2L,40,3,33,17,45.493,N,95,53,46.46,W,512.4,825
2F7,36,PAPI-2L,40,3,33,17,22.097,N,95,53,47.758,W,508.8,715
2G2,32,PAPI-4L,41.2,3.6,40,21,25.698,N,80,41,49.243,W,1189,679
2G4,9,PAPI-4L,42.5,3,39,34,47.767,N,79,20,30.261,W,2931.9,833
2G4,27,PAPI-4L,41.6,3,39,34,54.58,N,79,19,45.223,W,2888.5,573
2G9,7,PAPI-2L,55.6,3,40,2,12.02,N,79,1,9.36,W,2275,1061.4
2G9,25,PVASI-PSIL,29,3,40,2,31.13,N,79,0,32.23,W,2205.9,464
2H0,36,PAPI-2L,29.3,4,39,24,29.701,N,88,50,50.912,W,618.4,450
2I0,5,PAPI-4R,51.7,3,37,21,10.231,N,87,24,11.075,W,426.8,1221
2I0,23,PAPI-4L,43.9,3,37,21,33.979,N,87,23,33.692,W,411.2,972
2I3,2,PAPI-2L,44.5,4,37,36,26.426,N,86,30,29.28,W,566,658
2I3,20,PAPI-4L,34.3,5,37,36,46.917,N,86,30,21.334,W,577.4,375
2J3,13,PAPI-2L,22.7,3.83,32,59,21.139,N,82,23,26.266,W,326.9,352
2J3,31,PAPI-2L,26.5,3.65,32,58,57.566,N,82,22,44.281,W,297.4,352
2J5,17,PAPI-2R,29.4,3,32,53,52.255,N,81,57,59.33,W,233,700
2J5,35,PAPI-2L,41.4,3,32,53,17.955,N,81,57,50.368,W,223.1,750
2J9,14,PAPI-2R,19.5,3,30,35,58.248,N,84,33,33.437,W,220.1,390
2J9,32,PAPI-2L,20.5,3,30,35,46.549,N,84,33,20.168,W,210.3,339
2M0,5,PAPI-2L,28.5,3.25,37,6,44.37,N,87,51,39.09,W,581.3,547
2M0,23,PAPI-2L,31.8,3,37,7,4.57,N,87,51,11.92,W,544.3,549
2M2,17,PAPI-4L,25,3,35,14,22.257,N,87,15,34.078,W,932.7,549
2M2,35,PAPI-4L,24.1,3,35,13,44.712,N,87,15,23.117,W,922.7,549
2M8,18,PAPI-2L,40,4,35,16,56.123,N,89,55,52.02,W,246.1,574
2M8,36,PAPI-2L,40,4,35,16,32.926,N,89,55,54.211,W,243.1,572
2O8,18,PAPI-2L,42.2,3,35,30,37.82,N,98,20,33.36,W,1577.7,802
2O8,36,PAPI-2L,43.4,3,35,30,14.96,N,98,20,33.11,W,1584.1,887
2R2,18,PAPI-2L,44.4,3,39,45,0.05,N,86,28,30.5,W,888.4,1025
2R2,36,PAPI-2L,43,3,39,44,33.43,N,86,28,30.75,W,872,680
2R6,18,PAPI-2L,25,3,30,57,34.427,N,92,14,2.736,W,59.7,476
2R6,36,PAPI-2L,26,3.25,30,57,13.941,N,92,14,2.686,W,60.1,459
2R9,16,PAPI-2L,43.5,3,28,49,37.216,N,97,51,57.605,W,287,862
2R9,34,PAPI-2L,47.5,3.6,28,49,21.076,N,97,51,54.142,W,276,697
2S8,20,PAPI-2L,43.6,3,47,45,20.915,N,118,44,28.589,W,2183.2,830
2T1,7,PAPI-2L,40,3,34,11,2.74,N,102,38,48.38,W,3779.3,791
2T1,25,PAPI-2L,40,3,34,11,10.28,N,102,38,7.24,W,3767.3,769
2TA8,13,PAPI-2L,45.2,3,26,51,42.064,N,98,13,33.763,W,181,880
2TA8,31,PAPI-2L,40.7,3,26,51,16.656,N,98,13,1.729,W,164,747
2V6,16,PAPI-2L,38.8,3,40,6,28.881,N,102,42,53.857,W,4129.8,773.519
2V6,34,PAPI-2L,38.9,3,40,6,3.013,N,102,42,50.239,W,4130.6,792.443
2W6,11,PAPI-4L,42.3,3,38,19,0.489,N,76,33,30.659,W,141.3,808
2W6,29,PAPI-4L,39.1,3,38,18,52.483,N,76,32,44.138,W,126.3,747
2XS2,15,PAPI-2R,40.4,3,28,16,4.276,N,100,9,54.111,W,756.8,807
2XS2,33,PAPI-2R,40,3,28,15,32.116,N,100,9,37.504,W,753.6,786
31E,14,PAPI-2L,45,4,39,40,1.061,N,74,18,36.243,W,31.2,644
31E,32,PAPI-2L,45,4,39,39,50.505,N,74,18,22.071,W,35.5,687
31VA,2,PAPI-2L,62,3,37,0,53.79,N,76,35,25.25,W,33.1,1000
31VA,20,PAPI-2L,55,3,37,1,31.63,N,76,35,14.72,W,33.4,1000
31VA,20,PAPI-2L,55,3,37,1,31.63,N,76,35,14.72,W,33.4,1000
32S,12,PAPI-2L,42.6,3,46,31,39.233,N,114,3,23.728,W,3550.4,591
33J,11,PAPI-4L,46.6,3.5,31,3,13.2,N,85,52,22.12,W,98.7,730
33J,29,PAPI-4L,46.6,3.5,31,3,5.83,N,85,51,54.72,W,97.6,771
33M,15,PAPI-2L,46.8,3,34,10,10.5,N,89,41,10.25,W,269.9,763
33M,33,PAPI-2L,40,3,34,9,58.16,N,89,41,0.89,W,269.9,763
33N,9,PAPI-2L,43.2,3,39,13,3.512,N,75,36,18,W,52.1,758
33N,27,PAPI-2L,43.2,3,39,13,11.082,N,75,35,45.497,W,47.9,773
34M,18,PAPI-2L,43.5,3,36,29,16.789,N,90,0,56.395,W,283,795
34M,36,PAPI-2R,43.6,3,36,29,3.196,N,90,0,56.61,W,283.1,831
35A,5,PAPI-2L,40.2,4,34,41,4.601,N,81,38,39.171,W,578.8,503
35A,23,PAPI-2L,37.7,4,34,41,20.497,N,81,38,18.432,W,603.4,642
35D,11,PAPI-4L,40,3,42,31,50.14,N,85,49,40.2,W,705.1,735.2
35D,29,PAPI-4L,40,3,42,31,46.45,N,85,49,3.11,W,702.7,763.3
37AA,5,PAPI-4L,45,3,70,8,4.49,N,146,18,7.1,W,55.3,925
37AA,23,PAPI-4L,45,3,70,8,14.9,N,146,16,39.54,W,49.5,868
37T,15,PAPI-2L,29.4,4,36,10,5.934,N,92,8,49.612,W,731,420
37T,33,PAPI-2L,29.4,4,36,9,47.324,N,92,8,36.63,W,698,420
38S,13,PAPI-2L,34.5,3.22,46,23,28.21,N,112,46,11.25,W,4680.1,816
38S,31,PAPI-2L,25,2.72,46,22,53.51,N,112,45,30.41,W,4631.7,450
39N,10,PAPI-2L,41.5,3.45,40,23,56.595,N,74,39,46.506,W,123.7,660
39N,28,PAPI-2L,40.8,3,40,23,56.784,N,74,39,25.312,W,127.9,830
3A2,7,PAPI-2L,35,3.5,36,24,23.539,N,83,33,48.034,W,1177,599
3AU,18,PAPI-4L,40,3,37,40,25.929,N,97,4,39.556,W,1324.8,777
3AU,36,PAPI-4L,40,3,37,39,55.765,N,97,4,42.334,W,1306.7,664
3B0,2,PAPI-4L,40,3,42,5,53.996,N,72,2,21.691,W,691,728.42
3B0,20,PAPI-4L,45,3.5,42,6,13.384,N,72,2,18.051,W,695.6,791
3B1,14,PAPI-4R,40,3,45,27,51.301,N,69,33,19.403,W,1390,650
3B1,32,PAPI-4L,40,3.1,45,27,38.944,N,69,32,45.463,W,1381.1,626
3CK,8,PAPI-2L,32.6,3,42,12,22.372,N,88,19,38.684,W,886.5,600
3CK,26,PAPI-2R,32.8,3,42,12,26.888,N,88,19,5.218,W,886.3,640
3CM,18,PAPI-4L,27,4,43,33,5.12,N,83,53,43.102,W,584.3,355
3CM,36,PAPI-4L,27.3,4,43,32,34.583,N,83,53,40.323,W,582.3,344
3D2,14,PAPI-2L,24,3.5,45,8,14.076,N,87,11,18.298,W,761.8,398
3D2,32,PAPI-2L,25,3,45,8,0.517,N,87,10,59.957,W,753.7,398
3F4,9,PAPI-2L,53.2,3,32,51,40.758,N,94,0,43.104,W,249.7,940
3F4,27,PAPI-2L,53.8,3,32,51,40.82,N,94,0,31.871,W,254,1100
3G3,2,PAPI-2L,37.1,3,40,59,56.702,N,81,45,20.666,W,965,708
3G3,20,PAPI-4L,42.7,3,41,0,14.387,N,81,45,16.321,W,970.6,872
3G4,1,PAPI-4L,25,3,40,53,58.94,N,82,15,20.5,W,1203.2,556.3
3G4,19,VASI-2L,19.8,3,40,54,24.82,N,82,15,20.05,W,1189.4,323.4
3H4,16,PAPI-2L,27.5,3,47,21,44.836,N,97,3,40.14,W,906.2,524
3H4,34,PAPI-2L,27.5,3,47,21,22.894,N,97,3,34.864,W,906.2,524
3I2,7,PAPI-2L,43.5,3,38,54,47.439,N,82,6,9.199,W,643.2,750
3I2,25,PAPI-2L,43.4,3,38,54,58.048,N,82,5,40.248,W,631,722
3J1,18,PAPI-2L,40,3,32,30,1.491,N,80,59,34.222,W,82.8,800
3J1,36,PAPI-2L,40,3,32,29,35.152,N,80,59,36.509,W,76.5,731
3JC,18,PAPI-2L,43.4,3,39,2,49.142,N,96,50,37.485,W,1087.6,801
3JC,36,PAPI-2L,43.3,3.5,39,2,30.762,N,96,50,43.21,W,1097,783
3K3,18,PAPI-4R,34.7,3,38,0,21.78,N,101,44,48.62,W,3324.6,730
3K3,36,PAPI-4L,43.6,3.2,37,59,50.891,N,101,44,55.313,W,3319.8,700
3K7,17,PAPI-2L,40,3,38,27,44.62,N,101,21,3.135,W,3302.2,776.981
3K7,35,PAPI-2L,40,3,38,27,9.294,N,101,21,3.09,W,3298.7,749
3K8,17,PAPI-2L,37.1,3,37,13,37.118,N,99,19,56.858,W,2084.1,745
3K8,35,PAPI-2L,41.4,3,37,13,7.509,N,99,19,53.807,W,2076.2,750
3LA4,12,PAPI-2L,40,3,29,48,5.55,N,92,48,24.818,W,2.6,739.402
3LF,9,PAPI-2L,24.6,3,39,10,2.49,N,89,40,56.27,W,683.3,450
3LF,18,PAPI-2L,22.9,3,39,9,42.97,N,89,40,20.48,W,687.4,475
3LF,27,PAPI-2L,23.9,3,39,10,2.48,N,89,40,18.17,W,690.8,450
3LF,36,PAPI-2L,24.9,3,39,9,12.79,N,89,40,20.32,W,680,475
3M7,1,PAPI-2L,36.8,3.5,36,30,56.02,N,86,3,31.19,W,958,766
3M7,19,PAPI-2L,39.6,3,36,31,30.8,N,86,3,26.41,W,948.5,697
3M9,3,PAPI-2L,40,3,33,33,27.951,N,92,5,15.181,W,198,743
3M9,21,PAPI-2L,40,3.5,33,33,45.156,N,92,5,1.28,W,223.1,986
3MY,36,VASI-4L,32,3.5,40,47,30.666,N,89,36,46.842,W,770.5,550
3N6,6,PAPI-2L,25,4,40,19,39.111,N,74,20,59.211,W,0,0
3N6,24,PAPI-2R,40,4,40,19,57.46,N,74,20,35.83,W,0,0
3N8,17,PAPI-2L,25.2,3,47,15,46.67,N,95,55,49.95,W,1242.6,500
3N8,35,PAPI-2L,24.8,3,47,15,23.5,N,95,55,42.82,W,1243.8,500
3O4,17,PAPI-2L,40.8,3,35,10,17.569,N,99,39,27.988,W,1911.7,741
3O4,35,PAPI-2L,44.7,3,35,9,52.698,N,99,39,28.191,W,1924.8,1020
3P3,10,PAPI-2L,26.6,3,46,21,36.852,N,102,20,2.326,W,2410.7,500
3P3,28,PAPI-2L,28.3,3,46,21,29.108,N,102,19,21.006,W,2412.8,498
3R2,4,PAPI-2L,50,3,30,9,27.2,N,92,29,11.316,W,11.7,944
3R2,22,PAPI-2L,50,3,30,9,43.967,N,92,28,52.223,W,13.1,977
3R4,12,PAPI-2L,50,3,31,32,45.403,N,93,29,13.578,W,316,1002
3R4,30,PAPI-2L,55.5,3.5,31,32,32.716,N,93,28,48.918,W,309.7,910
3R7,8,PAPI-2L,50.1,3,30,14,34.387,N,92,40,57.796,W,17.3,952
3R7,13,PAPI-2L,50,3,30,14,35.163,N,92,40,20.753,W,19.5,935
3R7,26,PAPI-2L,50.1,3,30,14,40.01,N,92,40,23.406,W,19,980
3R7,31,PAPI-2L,50,3,30,14,27.511,N,92,40,11.936,W,20.8,985
3S4,18,PAPI-2L,56.7,4,42,6,28.679,N,123,40,50.402,W,1367.5,617.979
3S4,36,PAPI-2L,51.6,4,42,5,57.251,N,123,41,2.994,W,1393.6,743.946
3S8,31,PAPI-4L,42.3,4,42,30,27.007,N,123,23,6.633,W,1118,781
3S9,7,PAPI-4L,40.1,3,45,14,47.666,N,120,10,12.993,W,2909.8,765
3S9,25,PAPI-4L,40,3,45,14,47.614,N,120,9,45.731,W,2904.9,785
3T3,8,PAPI-2L,34.2,4,45,2,36.961,N,92,1,32.69,W,952.9,500
3T3,26,PAPI-2L,20.4,3,45,2,39.503,N,92,1,0.873,W,963,500
3T5,16,PAPI-2L,42.1,3,29,54,46.68,N,96,57,6.55,W,318.4,600
3T5,34,PAPI-2L,31.4,3,29,54,10.8,N,96,56,53.54,W,324,600
3TR,15,PAPI-4L,35,4,41,50,17.79,N,86,13,38.73,W,741.2,531
3TR,33,PAPI-4L,37.2,4,41,49,56.41,N,86,13,19.4,W,743.3,657
3U3,4,PAPI-2L,44.2,3.25,46,8,52,N,112,52,4.11,W,5020.3,946
3U3,17,PAPI-2L,40,3,46,9,43.26,N,112,52,16.09,W,5001.5,699
3U3,22,PAPI-2L,21.8,3,46,9,9.18,N,112,51,25.68,W,4992.2,351.1
3U3,35,PAPI-2L,40,3,46,8,59.56,N,112,52,16.06,W,5026.4,884
3W7,22,PAPI-2L,53.2,4.2,47,55,27.795,N,119,4,43.186,W,1588.2,735
3Y2,17,PAPI-2L,40.7,3,42,59,18.289,N,91,47,28.27,W,1225.2,902
3Y2,35,PAPI-2L,37.6,3,42,58,52.371,N,91,47,23.753,W,1202.2,601
3Y3,14,PAPI-2L,31.9,3,41,21,51.08,N,94,1,21.36,W,1108.8,695
3Y3,32,PAPI-2L,40,3,41,21,39.66,N,94,1,9.81,W,1099,680
40D,21,PAPI-2R,23.8,3,45,47,34.942,N,89,7,9.089,W,1636.1,475
41U,3,PAPI-2L,40,3,39,19,40.281,N,111,37,2.172,W,5481.2,654
41U,21,PAPI-2L,40,3,39,20,4.014,N,111,36,31.15,W,5509.5,943
42A,3,PAPI-2L,44.5,3,36,4,6.858,N,91,49,55.098,W,728.5,970
42A,21,PAPI-2L,43.2,3,36,4,26.177,N,91,49,40.371,W,713.6,735
42J,5,PAPI-2L,40,3,29,50,16.542,N,82,3,1.812,W,179.3,699
42J,11,PAPI-2L,40,3,29,50,57.498,N,82,3,13.675,W,184.8,768
42J,23,PAPI-2L,40,3,29,50,41.3,N,82,2,33.4,W,193.6,809
42J,29,PAPI-2L,40,3,29,50,48.943,N,82,2,37.102,W,193.5,796
43A,3,PAPI-2L,48,3.5,35,22,52.176,N,79,47,30.984,W,581.7,636
43A,21,PAPI-2L,32.6,4,35,23,13.454,N,79,47,20.779,W,616.4,596
43D,2,PAPI-2L,17.1,3.5,47,20,41.406,N,118,40,50.374,W,1725.2,252
43D,20,PAPI-2L,13.6,3,47,21,1.049,N,118,40,25.748,W,1737.3,257
44N,35,PAPI-2L,33,3,41,42,15.721,N,73,44,9.348,W,695.2,662
45R,13,PAPI-2L,29,3,30,20,22.89,N,94,15,38.97,W,70.6,550
45R,31,PAPI-2L,31,4,30,19,57.94,N,94,15,14.62,W,69.5,450
46D,13,PAPI-2L,20,3,47,27,16.96,N,99,9,20.89,W,1604.3,382
46D,31,PAPI-2L,20,3,47,26,51.02,N,99,8,48.75,W,1604,382
46U,13,PAPI-2L,21.9,3,43,11,14.067,N,111,2,39.384,W,5625.1,404.038
47N,7,PAPI-2L,35.9,3.4,40,31,25.217,N,74,35,59.236,W,77.6,674
47N,25,PAPI-2L,40.3,3.3,40,31,32.562,N,74,35,44.927,W,69.1,660
48A,11,PAPI-2L,44.5,3.25,32,24,8.564,N,83,17,1.872,W,362.8,1042
48A,29,PAPI-2L,40,3,32,24,2.122,N,83,16,31.515,W,338.3,675
48D,4,PAPI-4L,35,4,43,50,1.602,N,84,44,30.818,W,829.2,427
48D,22,PAPI-2L,25,3,43,50,23.779,N,84,44,12.816,W,854.3,468
48I,20,PAPI-2L,40,4,38,41,27.03,N,80,39,5.18,W,1268.7,622
48K,17,PAPI-2L,40,3,38,28,36.584,N,99,54,32.851,W,2315.4,881
48K,35,PAPI-2L,40,3,38,28,12.192,N,99,54,32.8,W,2293.4,651
48S,29,PAPI-2L,35.1,3,48,33,56.563,N,108,46,16.094,W,2604.9,580
49B,11,PAPI-2L,22.1,3,44,25,15.91,N,103,22,55.81,W,3241.5,470
49B,29,PAPI-2L,29.2,3,44,24,53.84,N,103,22,7.4,W,3212.6,465
4A2,15,PAPI-4L,25,3,60,52,14.328,N,162,16,32.381,W,17.9,457
4A2,33,PAPI-4L,24,3,60,51,54.199,N,162,16,22.314,W,18.6,439
4A4,10,PAPI-2L,41,3,34,1,8.795,N,85,9,1.519,W,973,801
4A4,28,PAPI-2L,42.8,3,34,1,4.414,N,85,8,18.8,W,947.7,636
4A5,5,PAPI-2L,42.9,3.25,35,53,46.882,N,92,39,35.677,W,930.2,642
4A5,23,PAPI-2L,44.1,3.25,35,54,1.874,N,92,39,12.795,W,954.2,942
4A6,4,PAPI-4L,21.8,3,34,41,3.056,N,86,0,36.448,W,643.6,547
4A6,22,PAPI-4L,40,3,34,41,32.022,N,86,0,9.59,W,630.4,774
4A9,4,PAPI-4L,57.6,4,34,28,11.84,N,85,43,30.48,W,862.1,733
4A9,22,PAPI-4R,38,3,34,28,39.09,N,85,43,3.28,W,874,693
4B6,2,PAPI-2L,46.2,3,43,52,27.962,N,73,24,47.9,W,268.1,986
4B6,20,PAPI-2L,44.9,3,43,52,50.517,N,73,24,46.56,W,269.6,769
4B8,2,PAPI-2L,30,3,41,41,8.798,N,72,51,54.517,W,191.4,528
4B8,20,PAPI-2R,36.3,3.5,41,41,33.729,N,72,51,51.4,W,201,603
4C8,13,PAPI-2L,30,3,40,59,53.87,N,92,46,8.48,W,962.8,519
4C8,31,PAPI-2L,30,3,40,59,39.69,N,92,45,45.21,W,964.2,589
4D0,9,PAPI-4L,33.9,4,42,46,31.374,N,84,44,3.311,W,832.6,460
4D0,27,PAPI-2L,35.3,4,42,46,33.097,N,84,43,33.031,W,841.1,475
4D9,17,PAPI-2L,40.1,3,40,6,52.519,N,99,20,47.296,W,2069.8,824
4D9,35,PAPI-2L,40,3,40,6,36.025,N,99,20,46.821,W,2065.5,706
4E7,13,PAPI-2L,20,3,46,1,11.664,N,98,31,4.27,W,1457,416
4E7,31,PAPI-2L,20,3,46,0,51.124,N,98,30,40.636,W,1456.7,416
4G1,15,PAPI-2L,40,3,41,26,55.051,N,80,23,36.004,W,1170.8,587.5
4G1,33,PAPI-2L,44.4,3,41,26,44.33,N,80,23,24.262,W,1193.9,1011.1
4G5,25,PAPI-2L,39.9,3,39,46,49.514,N,81,5,55.657,W,1195.2,676
4G7,23,PAPI-2L,46.5,2.75,39,26,55.596,N,80,9,59.109,W,1014.9,916
4I3,10,PAPI-4L,40,3,40,19,46.794,N,82,32,0.109,W,1190.5,700
4I3,28,PAPI-4L,40,3,40,19,41.369,N,82,31,7.6,W,1185.3,700
4I9,28,PAPI-4L,46,4,40,31,28.097,N,82,50,46.035,W,1085.5,652
4J1,1,PAPI-2L,45.6,3,31,12,10.38,N,81,54,23.02,W,82.6,834
4J1,19,PAPI-2L,47,3,31,12,26.095,N,81,54,21.006,W,84.4,868
4J2,10,PAPI-4L,40.4,3,31,12,46.145,N,83,13,51.286,W,240.2,730
4J2,28,PAPI-4L,60,3,31,12,44.386,N,83,13,14.872,W,234.8,1105
4J5,10,PAPI-2L,41.7,3,30,48,19.663,N,83,35,38.486,W,174.3,701
4J5,28,PAPI-2R,23.7,4,30,48,17.303,N,83,34,56.261,W,182.5,369
4K6,18,PAPI-2L,40,3,40,44,2.72,N,92,25,41.89,W,876.2,975
4K6,36,PAPI-2L,40,3,40,43,47.77,N,92,25,41.7,W,883.8,914
4M1,7,PAPI-2L,32.7,3,36,22,49.073,N,93,37,43.948,W,1176.3,446
4M1,25,PAPI-2L,21.6,3,36,22,56.611,N,93,37,12.647,W,1204.1,438
4M3,9,PAPI-2L,48.4,3,34,48,21.61,N,91,43,10.28,W,239.6,894
4M3,18,PAPI-2L,39.7,3.25,34,48,53.17,N,91,42,32.91,W,238.4,700
4M3,27,PAPI-2L,46.5,3,34,48,21.09,N,91,42,37.54,W,240.6,876
4M3,27,PAPI-2L,46.5,3,34,48,21.09,N,91,42,37.54,W,240.6,876
4M3,36,PAPI-2L,39.7,3.25,34,48,22.57,N,91,42,33.6,W,240.8,700
4M7,7,PAPI-2L,38.6,3,36,47,52.344,N,86,48,54.812,W,686.3,840
4M7,25,PAPI-2L,42.9,3,36,48,5.68,N,86,48,21.59,W,664.5,640
4M9,18,PAPI-2L,40,3,36,24,29.14,N,90,38,52.37,W,293.2,743
4M9,36,PAPI-2L,40,3,36,24,1.33,N,90,38,52.7,W,292.1,743
4N1,24,PAPI-2L,44,3.5,41,7,49.198,N,74,20,37.248,W,789.4,676
4R3,1,PAPI-2L,42.2,3,31,28,0.73,N,87,53,47.64,W,44.7,1143.4
4R3,19,PAPI-2L,39.4,3,31,28,31.29,N,87,53,42.13,W,35.4,735.5
4R5,4,PAPI-2L,44.6,3.75,46,47,12.77,N,90,45,39.26,W,628.9,650
4R5,22,PAPI-2L,44.6,3.75,46,47,25.63,N,90,45,23.56,W,646.6,650
4R7,16,PAPI-2L,50,3,30,28,13.49,N,92,25,30.03,W,39.2,954
4R7,34,PAPI-2L,50,3,30,27,43.8,N,92,25,21.42,W,42.2,954
4R9,12,PAPI-2L,43.8,3,30,15,40.2844,N,88,7,43.3717,W,4.5,830
4R9,30,PAPI-2R,50.7,3.5,30,15,34.8452,N,88,7,33.8417,W,4.5,830
4S1,16,PAPI-2R,47.8,4,42,25,3.383,N,124,25,30.615,W,20.1,686
4S9,14,PAPI-2L,43,3,45,13,8.4845,N,122,35,29.4368,W,250.1,751
4S9,32,PAPI-2L,33,3,45,12,49.9867,N,122,35,19.6571,W,257.4,675
4U6,12,PAPI-2L,25,3,47,25,18.71,N,105,33,51.87,W,2424.3,450
4U6,30,PAPI-2L,20.8,3,47,24,54.54,N,105,33,21.92,W,2436.1,450
4V0,7,PAPI-2L,40,3,40,5,33.031,N,108,46,17.874,W,5241.5,742
4V1,9,PAPI-2L,41.3,3,37,41,48.615,N,104,47,16.065,W,6041,900
4V1,27,PAPI-2L,45.1,3,37,41,46.769,N,104,46,40.891,W,6023.8,771
4V4,8,PAPI-2L,26,3,47,43,29.459,N,97,35,38.091,W,1115.9,573
4V4,26,PAPI-2L,28,3,47,43,29.716,N,97,35,8.624,W,1118.9,572
4V9,1,PAPI-2L,40.6,3,42,6,29.17,N,98,2,23.62,W,1756.3,1100
4V9,19,PAPI-2L,40.6,3.5,42,6,47.97,N,98,2,17.99,W,1731.6,650
4X4,12,PAPI-4L,25.1,3,44,3,50.85,N,98,32,8.7,W,1540.9,560
4X4,30,PAPI-4L,25.1,3,44,3,34.1,N,98,31,42.05,W,1530.9,460
50F,17,VASI-2L,23.2,3,32,35,6.89,N,97,35,28.99,W,873,378
50F,35,VASI-2L,28.4,3.5,32,34,41.628,N,97,35,24.496,W,836.7,480
50I,9,PAPI-2L,39.5,3,40,45,31.529,N,87,26,0.792,W,697.9,775
50I,27,PAPI-2L,45.1,3,40,45,31.424,N,87,25,30.69,W,695.9,912
51D,14,PAPI-2L,27,3,46,21,5.44,N,98,44,14.573,W,1600.4,535
51D,32,PAPI-2L,26.5,3,46,20,43.446,N,98,43,55.559,W,1594.3,468
51M,10,PAPI-4L,26.9,3,44,40,29.41,N,84,7,18.48,W,1029.2,585
51M,28,PAPI-4L,37,4,44,40,29.522,N,84,7,6.736,W,1027.9,588
51Z,2,PAPI-4L,26.1,3,65,8,45.14,N,149,22,24.71,W,499.8,566
51Z,20,PAPI-4L,26.1,3,65,9,2.79,N,149,21,46.76,W,472.6,415
52A,14,PAPI-2L,32,3,33,36,54.85,N,83,27,48.56,W,645,437
52J,6,PAPI-2L,32,3,34,14,35.22,N,80,14,16.93,W,205.2,817
52J,24,PAPI-2L,32,3,34,14,46.75,N,80,14,0.05,W,193.6,550
53A,18,PAPI-2L,35.1,3.3,32,18,21.961,N,84,0,26.768,W,335.3,614
53A,36,PAPI-2L,31.2,3,32,17,52.244,N,84,0,27.088,W,337.7,603
54J,9,PAPI-2L,42.5,3,30,43,57.49,N,86,9,29.99,W,289.2,763
54J,27,PAPI-2L,48.8,3,30,43,57.36,N,86,9,6.89,W,280.8,763
55Y,16,PAPI-2L,40,3,43,49,1.676,N,91,49,50.537,W,1195,1099
55Y,34,PAPI-2L,40,3,43,48,48.852,N,91,49,44.639,W,1185,732
57C,8,PAPI-2L,43.7,3,42,47,49.044,N,88,22,34.004,W,838.5,924
57C,26,PAPI-2L,40,3,42,47,52.9058,N,88,22,6.7339,W,851.2,906
59FD,10,PAPI-4L,40.6,3,26,19,36.72,N,80,59,38.78,W,19.7,773.7
59FD,28,PAPI-2L,44.9,3,26,19,32.08,N,80,58,55.5,W,19.2,858
5A6,3,PAPI-2L,30,4,33,27,40.57,N,89,43,57.52,W,350.1,457.7
5A6,21,PAPI-2L,30,4,33,28,7.18,N,89,43,40.15,W,361.9,475.6
5A9,18,PAPI-2L,39.9,3,32,56,37.148,N,84,41,50.802,W,862,599
5A9,36,PAPI-2L,34.5,3,32,56,1.002,N,84,41,43.886,W,880,704
5B2,23,PAPI-2L,42.7,3,43,3,13.798,N,73,51,29.673,W,428.6,784
5C8,8,PAPI-2L,26.9,3,47,21,0.342,N,101,1,54.121,W,1907.9,497
5C8,26,PAPI-2L,26.2,3,47,21,0.296,N,101,1,14.844,W,1907.5,498
5F1,17,PAPI-2L,20,3,33,12,33.501,N,101,20,13.311,W,2520.5,380
5G0,10,PAPI-2L,30.7,3,42,58,53.243,N,77,56,24.091,W,776.9,647
5G0,28,PAPI-2L,53.1,3.5,42,58,52.153,N,77,55,54.357,W,770.6,994
5G7,23,PAPI-4L,42.9,3,40,53,15.313,N,83,51,54.196,W,847.7,800
5H4,11,PAPI-2L,26.9,3,47,47,34.82,N,99,56,10.7,W,1606.1,504
5H4,29,PAPI-2L,27.4,3,47,47,22.06,N,99,55,37.83,W,1606.9,505
5J9,26,SAVASI2L,38.2,3.5,34,5,21.89,N,78,51,38.94,W,99,550.3
5K2,35,PAPI-2L,43.4,3,38,26,48.661,N,101,45,0.217,W,3609.3,823
5L0,15,PAPI-2L,25.6,3,48,1,56.033,N,98,19,37.406,W,1510.6,500
5L0,33,PAPI-2L,26.3,3,48,1,32.119,N,98,19,27.899,W,1507.7,491
5M1,18,PAPI-2L,40,3,34,15,52.457,N,91,18,26.708,W,188.5,768
5M1,36,PAPI-2L,39.1,3,34,15,35.718,N,91,18,27.22,W,188.1,744
5N8,13,PAPI-2R,21,3,46,51,24.898,N,97,12,44.247,W,933.2,398
5N8,31,PAPI-2L,21.7,3,46,51,3.603,N,97,12,12.551,W,927.6,419
5NN,2,PAPI-4L,30,3.5,59,58,41.45,N,154,50,32.39,W,306.6,454
5NN,20,PAPI-4L,28,3.5,59,58,56.2,N,154,50,9.69,W,313.5,455.3
5P2,13,PAPI-2L,41.6,3,45,47,57.528,N,100,47,14.269,W,2002.2,699
5P2,31,PAPI-2L,38.3,3,45,47,39.476,N,100,46,52.298,W,2002.1,698
5R4,18,PAPI-2L,40,3,30,25,51.186,N,87,42,3.457,W,67,683
5R4,36,PAPI-2L,38.1,3,30,25,31.376,N,87,42,3.472,W,69,828
5R8,16,PAPI-2L,50.3,3,30,26,41.99,N,93,28,31.796,W,73,954
5R8,34,PAPI-2L,51.4,3,30,26,13.78,N,93,28,18.183,W,82.1,954
5TE0,15,PAPI-4L,25.2,3,28,37,59.373,N,100,9,54.889,W,734.4,480
5TE0,33,PAPI-4R,26.9,3,28,37,20.27,N,100,9,29.081,W,713,450
5V5,2,PAPI-2L,44.8,3,36,41,39.2833,N,108,42,12.7472,W,5257.1,1152
5V5,20,PAPI-2L,43.7,3,36,42,7.1742,N,108,41,51.7992,W,5228.5,765
60F,17,PAPI-2L,40,3,33,39,8.847,N,99,15,40.7,W,1343.4,715
60J,6,PAPI-2L,45.2,3.67,33,54,25.643,N,78,26,18.417,W,32.3,705
60J,24,PAPI-2L,38.6,3,33,54,40.134,N,78,25,53.596,W,29.5,750
60R,17,PAPI-2L,45,3,30,22,21.183,N,96,6,47.656,W,220.98,530
60R,35,PAPI-2L,46,3,30,21,41.993,N,96,6,45.629,W,205.68,510
61A,18,PAPI-2L,50.7,3.5,31,59,0.167,N,87,20,21.029,W,142.6,830
61A,36,PAPI-2L,50.5,3.5,31,58,34.019,N,87,20,20.607,W,142,830
61C,3,PAPI-2L,31.7,3,42,57,36.655,N,88,49,11.396,W,799,649
61C,21,PAPI-2L,33,3,42,57,58.845,N,88,48,55.212,W,797.4,602
62S,25,PAPI-2L,38.6,3,43,14,10.419,N,120,39,27.821,W,4319.6,744
63C,15,PAPI-2L,22.9,3,43,57,50.42,N,89,47,30.81,W,970.1,387
63C,33,PAPI-2L,20,3,43,57,27.11,N,89,47,14.89,W,978.1,378
65S,2,PAPI-2L,36.8,3.5,48,43,22.656,N,116,17,55.533,W,2315.7,598
67L,2,PAPI-2L,40,3,36,49,42.079,N,114,3,33.211,W,1886.8,562.715
67L,20,PAPI-2L,40,3,36,50,10.623,N,114,3,13.235,W,1953.2,1243.953
68IS,9,VASI-2L,14.4,3,42,8,54.96,N,88,33,59.26,W,847.4,275
68S,6,PAPI-2L,22.3,4,47,39,3.661,N,118,10,44.194,W,2415.8,300
68S,24,PAPI-2L,21.3,4,47,39,11.167,N,118,10,6.999,W,2424.2,302
6A1,1,PAPI-2L,29.8,3,32,33,52.597,N,84,14,42.642,W,656.4,622.258
6A1,19,PAPI-2L,32.9,3,32,34,30.48,N,84,14,42.62,W,625.8,550
6A2,32,PAPI-2L,29,3.5,33,13,28.66,N,84,16,20.332,W,936.5,477
6A4,7,PAPI-2L,55,4,36,24,56.698,N,81,49,45.53,W,2238.8,801.5
6A4,25,PAPI-2L,39,4,36,25,13.003,N,81,49,13.009,W,2241.1,568.4
6B6,21,PAPI-2L,24.1,3.5,42,27,49.6,N,71,31,3.43,W,268.2,390
6D6,10,PAPI-4L,26.9,3.5,43,8,32.91,N,85,15,33.91,W,849.7,524
6D6,28,PAPI-4L,31.8,3,43,8,30.48,N,85,14,52.03,W,841.5,561
6D9,8,PAPI-2L,39.3,3,44,18,42.954,N,83,25,41.784,W,604.8,802
6D9,26,PAPI-2L,32.4,3,44,18,49.79,N,83,24,56.723,W,604.5,651
6E5,16,PAPI-2L,31.3,3,44,26,10.1,N,97,33,35.19,W,1726,650
6E5,34,PAPI-2L,33.7,3,44,25,47.89,N,97,33,23.63,W,1729.6,650
6I2,11,PAPI-4L,37.8,3,37,38,5.08,N,85,14,51.87,W,829.7,604
6I2,29,PAPI-4L,29.5,3.3,37,37,56.155,N,85,14,10.271,W,864.4,605
6J0,36,PAPI-2L,31.5,3,33,47,25.37,N,81,14,42.1,W,451.2,600
6J4,1,PAPI-2L,32.2,3,33,55,26.97,N,81,47,42.39,W,539,624.6
6K3,13,PAPI-2L,40,3,42,28,25.51,N,97,53,17.27,W,1644.8,710
6K3,31,PAPI-2L,40,3,42,28,11.19,N,97,52,54.46,W,1645.1,749
6L3,14,PAPI-2L,34.5,3,46,27,1.263,N,97,43,48.142,W,1231.8,660
6L3,32,PAPI-2L,34.3,3,46,26,43.118,N,97,43,33.002,W,1227.2,615
6L4,6,PAPI-2L,46.6,3,37,51,15.37,N,81,55,7.47,W,1658.7,830.4
6L4,24,PAPI-2L,42,3,37,51,25.54,N,81,54,47.01,W,1664.8,834.8
6M2,31,PAPI-2L,40.1,3,36,13,8.247,N,91,45,4.693,W,778.1,741
6M6,18,PAPI-2L,40,3,40,7,54.88,N,91,40,41.46,W,668.4,753
6M6,36,PAPI-2L,40,3,40,7,36.06,N,91,40,42.06,W,674.6,841
6M7,18,PAPI-2L,52.3,3,34,47,7.931,N,90,48,35.661,W,218.6,997
6M7,36,PAPI-2L,53.2,3,34,46,48.087,N,90,48,36.066,W,218.9,1017
6M8,18,PAPI-2L,40,3,35,32,6.633,N,90,24,0.296,W,217.9,841
6M8,36,PAPI-2L,40,3,35,31,51.42,N,90,24,0.344,W,218.8,821
6R3,16,PAPI-4L,52,3,30,21,37.084,N,95,0,34.168,W,148.6,1019
6R3,34,PAPI-4L,45,3,30,21,7.504,N,95,0,22.926,W,142.9,832
6S2,15,PAPI-2L,45,4,43,59,5.712,N,124,6,43.245,W,47.9,715
6S2,33,PAPI-2L,45,4,43,58,50.107,N,124,6,38.455,W,41.4,666
6S3,10,PAPI-2L,44,3,45,37,53.664,N,109,14,34.504,W,3575.6,878
6S3,28,PAPI-2L,25,3,45,37,44.554,N,109,14,2.365,W,3567.1,458
6S8,4,PAPI-2L,34.4,3,45,42,10.724,N,108,45,41.925,W,3481.7,775
6S8,14,PAPI-2L,20.9,4,45,42,22.872,N,108,46,9.128,W,3533.5,459
6S8,22,PAPI-2L,41.3,3,45,42,33.812,N,108,45,2.282,W,3458.9,767
6S8,32,PAPI-2L,21.2,3,45,42,3.361,N,108,45,54.573,W,3488.8,312
6TE6,1,PAPI-2L,40.1,3,33,38,12.473,N,100,20,58.541,W,1761.7,706
6TE6,19,PAPI-2L,40,3,33,38,54.638,N,100,20,41.672,W,1780.2,805
6TX2,16,PAPI-4L,59.6,3.7,29,33,21.481,N,99,31,3.048,W,1284.7,962
6TX2,34,PAPI-4R,54.9,3.5,29,32,40.943,N,99,30,53.527,W,1272,855
6V0,12,PAPI-2L,27.6,3,43,17,56.079,N,103,50,53.398,W,3593.7,510
6V0,30,PAPI-2L,25.8,3,43,17,36.366,N,103,50,24.235,W,3590.4,460
6V4,13,PAPI-2L,43.3,3,44,0,10.042,N,102,15,32.937,W,2802.3,825
6V4,31,PAPI-2L,43.8,3,43,59,55.628,N,102,15,13.043,W,2809.8,871
70J,13,PAPI-2L,34.3,3.5,30,53,23.96,N,84,9,31.26,W,262.5,561
70J,31,PAPI-2L,27.3,3,30,53,8.97,N,84,9,1.86,W,240.7,463
71J,13,PAPI-4R,35.5,3.6,31,26,4.07,N,85,37,32.29,W,348.4,715
71J,31,PAPI-4L,40,3,31,25,44.96,N,85,36,55.53,W,348.4,712
72TE,15,PAPI-2R,45.4,3,28,53,0.827,N,99,59,39.809,W,679.6,853
72TE,33,PAPI-2L,43.8,3,28,52,28.441,N,99,59,26.047,W,680.6,854
74N,23,VASI-2R,25,3,40,33,35.74,N,76,33,30.92,W,782.7,520
74S,18,PAPI-4R,40,3,48,30,1.79,N,122,39,40.968,W,241.2,739
74S,36,PAPI-4L,43.3,3,48,29,49.033,N,122,39,47.968,W,242.1,903
74V,7,PAPI-4L,40,3,40,16,39.58,N,110,3,34.491,W,5166.6,944
74V,25,PAPI-4L,40.2,3,40,16,45.351,N,110,2,31.582,W,5116.4,644
77G,1,PAPI-2L,20.5,3,43,18,34.419,N,83,5,31.085,W,873,316
77G,10,PAPI-2R,43.5,3,43,18,37.011,N,83,5,39.915,W,873.4,796
77G,19,PAPI-2L,40.3,3,43,18,57.323,N,83,5,29.004,W,889.1,860
77G,28,PAPI-2L,45.1,3,43,18,37.203,N,83,5,10.622,W,880.6,833
77S,16,PAPI-2L,25.8,3.6,43,56,1.449,N,123,0,25.554,W,538,462
77S,34,PAPI-2L,47.1,4,43,55,41.995,N,123,0,22.805,W,536.8,660
79J,11,PAPI-4R,33.1,3,31,18,36.31,N,86,23,56.33,W,300.4,799
79J,29,PAPI-4L,46.7,3.5,31,18,23.72,N,86,23,7.32,W,300,763
79KY,9,PAPI-4L,16.2,4,37,52,17.81,N,84,37,2.04,W,898.5,282
79KY,27,PAPI-4L,48.4,4,37,52,15.72,N,84,36,19.91,W,886.8,788
79S,5,PAPI-2L,40,3,47,50,36.545,N,110,38,27.467,W,2863.61,900
79S,23,PAPI-2L,40,3,47,50,48.715,N,110,37,53.925,W,2860.01,800
7B2,14,PAPI-4L,59.9,4.5,42,19,46.296,N,72,36,50.014,W,121.3,762
7FL6,6,PAPI-2L,49.9,3,29,4,44.245,N,81,2,54.303,W,24.5,934
7FL6,24,PAPI-2L,23.2,3,29,4,56.199,N,81,2,37.025,W,24.8,439
7G8,29,PAPI-2L,23.1,3,41,26,56.409,N,81,3,30.401,W,1154.7,500
7G9,18,PAPI-2L,23.4,3,43,18,45.23,N,96,34,16.38,W,1287.5,500
7G9,36,PAPI-2L,29.2,3,43,18,19.57,N,96,34,16.38,W,1274,500
7K5,8,PAPI-2L,27.4,3,48,40,3.388,N,102,3,12.167,W,1961.2,550
7K5,26,PAPI-2L,30.1,3,48,40,3.423,N,102,2,33.453,W,1957.5,550
7L2,9,PAPI-2L,27.4,3,46,13,18.03,N,100,15,2.75,W,1766.1,495
7L2,27,PAPI-2L,27.4,3,46,13,10.73,N,100,14,26.49,W,1777.1,550
7M3,8,PAPI-2R,69.5,4,34,31,43.079,N,93,31,57.717,W,644.5,1000
7M3,26,PAPI-2R,72,4,34,31,45.997,N,93,31,36.339,W,631.2,1009
7M4,19,PAPI-2L,40,3,35,41,39.288,N,90,0,34.29,W,234.5,756
7M5,4,PAPI-2L,17.2,3,35,30,29.07,N,93,50,34,W,609.7,245.3
7M5,22,PAPI-2L,21.6,4,35,30,46.6,N,93,50,10.755,W,638.7,442
7M6,21,PAPI-2L,43.2,3,35,18,1.658,N,93,40,49.041,W,409,725.8
7S0,16,PAPI-2L,21.1,3,47,34,21.082,N,114,6,3.874,W,3084.5,448
7S0,34,PAPI-2L,22,3,47,33,42.562,N,114,6,3.841,W,3079,446
7S6,1,PAPI-2L,39,3,46,29,20.58,N,110,54,57.132,W,5043.5,798
7S6,19,PAPI-2L,35,3,46,30,2.586,N,110,54,32.07,W,5049.1,698
7V7,16,PAPI-2L,44.1,3.25,40,5,4.52,N,98,32,32.39,W,1735.7,928
7V7,34,PAPI-2L,40,3,40,4,44.81,N,98,32,24.48,W,1721.2,688
7W5,10,PAPI-2L,25,3,41,22,30.198,N,84,4,24.123,W,681.4,467
7W5,28,PAPI-2L,25,3,41,22,24.557,N,84,3,44.711,W,682.8,475
7W6,11,PAPI-2L,40,3,35,33,46.608,N,75,57,42.862,W,6.5,763
7W6,29,PAPI-2L,40,3,35,33,40.574,N,75,57,1.408,W,6.6,760
7Y3,33,PAPI-2L,45.7,4,46,49,26.82,N,94,30,18.789,W,1349,610
80F,18,PAPI-2L,40,3,34,11,49.244,N,95,38,59.557,W,576.8,747
80F,36,PAPI-2L,42.9,3,34,11,24.97,N,95,38,59.462,W,571,800
81R,13,PAPI-2L,39.5,3,31,14,16.952,N,98,43,13.678,W,1247.6,899
81R,31,PAPI-2L,40.1,3,31,13,59.286,N,98,42,52.358,W,1243.6,735
82C,14,VASI-2L,40.2,3.5,43,50,28.02,N,90,8,25.973,W,904.6,710
82C,32,VASI-2L,26.8,4,43,50,8.593,N,90,8,2.704,W,899.6,374
82IS,31,PAPI-2R,36,4,42,8,31.178,N,88,24,5.311,W,889,500
82V,8,PAPI-2L,25.4,3,41,9,8.908,N,104,8,33.256,W,5150.6,513
82V,26,PAPI-2L,25,3,41,9,8.917,N,104,7,36.188,W,5130.6,450
83D,7,PAPI-4L,31.2,4,45,53,23.711,N,84,44,36.538,W,623.2,429
83D,25,PAPI-4L,45,3.04,45,53,33.568,N,84,44,2.036,W,614.3,734
84D,13,PAPI-2L,43.2,3,44,59,13.154,N,101,15,17.027,W,2435.9,753
84D,31,PAPI-2L,38.3,3,44,58,54.471,N,101,14,50.643,W,2447,768
84R,17,PAPI-2L,40,4,30,1,55.132,N,97,10,3.558,W,322.8,614
84R,35,PAPI-2L,40,3,30,1,30.121,N,97,9,59.476,W,322.1,834
86F,17,PAPI-2L,40,3,35,7,33.226,N,98,34,30.745,W,1350.2,683
86F,35,PAPI-2R,40.1,3,35,7,18.096,N,98,34,30.854,W,1353.9,785
87I,17,PAPI-2L,40,3,32,53,17.649,N,90,27,52.442,W,104.4,762
87I,35,PAPI-2L,40.2,3,32,52,43.458,N,90,27,48.287,W,104.4,764
88XS,17,PAPI-2R,42.3,3,31,36,19.072,N,99,24,57.273,W,1627.1,771
88XS,35,PAPI-2L,46.5,3,31,35,45.274,N,99,24,58.146,W,1592.7,881
8A1,25,PAPI-2L,50.4,3.35,34,24,17.736,N,86,15,31.408,W,613,889
8A3,21,PAPI-2L,38.9,4,36,25,5.37,N,85,18,23.964,W,1371,546
8A7,9,PAPI-2L,49.3,3.5,35,54,53.4,N,80,27,35.24,W,786.3,591
8B0,14,PAPI-4L,40.3,3,44,59,38.707,N,70,40,11.302,W,1814.2,728
8B0,32,PAPI-4L,40,3,44,59,24.592,N,70,39,37.888,W,1820.7,776
8D1,14,PAPI-2L,27.1,3.2,43,56,49.284,N,88,6,59.592,W,976.1,500
8D1,32,PAPI-2L,22.8,3,43,56,28.866,N,88,6,37.029,W,975.9,450
8D3,16,PAPI-2L,29.9,3,45,40,18.706,N,96,59,41.183,W,1158.9,585
8D3,34,PAPI-2L,28,3,45,39,56.884,N,96,59,34.251,W,1163.2,550
8D4,7,PAPI-4L,42.4,3.5,43,7,33.285,N,85,40,59.241,W,767,814
8D4,25,PAPI-4R,42.1,3.5,43,7,44.849,N,85,40,28.963,W,744.8,686
8D7,13,PAPI-2L,30.7,3,44,53,47.602,N,97,42,49.364,W,1790.5,700
8D7,31,PAPI-2L,39.7,3,44,53,32.517,N,97,42,27.915,W,1790.6,825
8G6,13,PAPI-2L,40.4,4,40,14,20.638,N,81,0,50.816,W,1146.6,776
8G6,31,PAPI-2L,40.3,4,40,14,11.149,N,81,0,33.994,W,1116.6,474
8K2,17,PAPI-2L,56.8,3.25,37,16,45.126,N,98,2,35.768,W,1427,1000
8K2,35,PAPI-2L,58.1,3.25,37,16,32.353,N,98,2,34.245,W,1427,970
8K8,18,PAPI-2L,43.6,3,37,50,7.754,N,100,20,49.181,W,2747.4,825.007
8K8,36,PAPI-2L,43.6,3,37,49,52.5858,N,100,20,49.2186,W,2748.2,840
8M1,15,PAPI-2L,40.3,3,34,35,44.52,N,88,39,5.62,W,388.8,831
8M1,33,PAPI-2L,40,3,34,35,16.38,N,88,38,43.07,W,374.9,759.1
8S1,18,PAPI-4L,28,3,47,41,58.598,N,114,10,59.577,W,2938.6,494
8S1,36,PAPI-2L,31,4,47,41,28.174,N,114,11,14.69,W,2939.7,448
8T6,13,PAPI-2L,53,3,28,21,52.361,N,98,7,6.181,W,128,1015.979
8T6,31,PAPI-2L,45,3,28,21,38.592,N,98,6,51.036,W,126.2,843
8U8,17,PAPI-2L,31,3,46,20,6.238,N,111,28,58.023,W,3876.2,600
8U8,35,PAPI-2L,43.2,4,46,19,39.147,N,111,28,56.589,W,3890.4,653
8V2,11,PAPI-2L,40,3,42,33,51.466,N,99,2,39.739,W,2130.1,784
8V2,29,PAPI-2L,40,3,42,33,39.909,N,99,2,12.29,W,2126.6,752
8V3,15,PAPI-2R,42.7,3,43,22,47.521,N,97,59,28.976,W,1415.8,800
8V3,33,PAPI-2L,35.2,3,43,22,28.934,N,97,59,16.33,W,1416.7,699
91C,18,PAPI-2L,25.8,3,43,18,1.5,N,89,45,21.54,W,827.6,536
91C,36,PAPI-2L,26.2,3,43,17,42.17,N,89,45,20.21,W,823.9,440
91F,15,PAPI-2L,42.5,3,35,9,32.02,N,95,37,21.05,W,833.8,763
91F,33,PAPI-2L,42.5,3,35,9,14.947,N,95,37,13.843,W,846.2,906
93C,17,PAPI-2L,26.6,3.5,43,17,12.61,N,90,17,59.19,W,734.9,550
93C,35,PAPI-2L,24.1,3.5,43,16,51.04,N,90,17,51.93,W,722.6,400
93F,18,PAPI-2L,40,3,35,36,25.332,N,99,42,8.698,W,2051.1,616
93F,36,PAPI-2L,40,3,35,36,0.98,N,99,42,12.374,W,2083.3,940
93Y,14,PAPI-2L,40,3,41,13,55.505,N,97,7,24.471,W,1614.3,744
93Y,32,PAPI-2L,40,3,41,13,38.394,N,97,7,8.94,W,1617.1,758
94K,9,PAPI-2L,42.4,3,36,41,50.601,N,93,54,14.778,W,1482.6,750
94K,27,PAPI-2L,42.6,3,36,41,50.718,N,93,53,48.869,W,1475.4,739
96D,15,PAPI-2L,26.3,3,48,56,37.46,N,97,54,12.74,W,951.5,530
96D,33,PAPI-2L,27.5,3,48,56,14.81,N,97,54,7.3,W,951,545
97M,13,PAPI-2L,24,3,45,52,46.225,N,104,32,29.06,W,3475.6,426
97M,31,PAPI-2L,29,3,45,52,26.102,N,104,32,3.524,W,3498.5,647
98D,13,PAPI-2L,39.7,3,44,42,11.66,N,100,6,12.91,W,1863,700
98D,31,PAPI-2L,31.3,3,44,41,53.76,N,100,5,51.14,W,1878.1,700
99N,5,PAPI-2L,40,3,33,18,8.42,N,81,6,39.23,W,211.7,698
99N,23,PAPI-2L,41.2,3,33,18,22.32,N,81,6,23.45,W,221.4,963
9A3,9,PAPI-4L,26,3,61,34,47.42,N,159,13,16.11,W,229.8,698.9
9A3,27,PAPI-4L,25,4,61,34,41.03,N,159,12,30.64,W,205,407
9C8,24,PAPI-2L,45,3,43,53,47.65,N,85,16,53.63,W,1017.4,860
9D1,13,PAPI-2L,30.7,3,43,13,25.65,N,99,24,23.48,W,2169.1,600
9D1,31,PAPI-2L,32.3,3,43,13,7.66,N,99,23,58.46,W,2162,600
9D4,1,PAPI-2L,40,3,40,20,56.618,N,76,19,45.281,W,510.5,770
9D4,19,PAPI-2L,41.7,4,40,21,18.009,N,76,19,48.08,W,518.5,653
9D7,16,PAPI-2L,26.1,3,48,29,0.113,N,99,14,15.412,W,1480.2,500
9D7,34,PAPI-2L,25.8,3,48,28,36.171,N,99,14,6.512,W,1481,500
9D9,12,PAPI-4R,33.8,4,42,39,54.091,N,85,21,1.167,W,798.3,476
9D9,30,PAPI-4L,42.5,3,42,39,37.015,N,85,20,25.113,W,794.7,834
9F8,13,PAPI-2L,26,3,45,15,37.248,N,99,48,3.547,W,1882,550
9F8,31,PAPI-2L,29,3,45,15,16.924,N,99,47,40.609,W,1878.4,517
9G0,6,PAPI-2R,40.4,3,42,51,39.403,N,78,43,5.341,W,665.7,697
9G0,24,PAPI-2L,27.6,3,42,51,48.506,N,78,42,51.751,W,669.2,532
9G3,7,PAPI-2L,54.1,4,43,1,11.776,N,78,29,7.177,W,828.4,792.983
9G3,25,PAPI-2L,54.6,4,43,1,19.902,N,78,28,48.284,W,835.5,842
9K2,7,PAPI-4L,20,3,59,25,57.81,N,154,48,33.65,W,108.8,376
9K2,25,PAPI-4L,23.4,4,59,26,1.84,N,154,47,45.23,W,110.7,387
9K7,17,PAPI-4L,40.1,3,38,45,21.729,N,98,13,44.239,W,1625.7,902
9K7,35,PAPI-4L,40.1,3,38,44,52.82,N,98,13,42.411,W,1613.7,670
9K8,18,PAPI-2L,43.4,3,37,40,17.265,N,98,7,18.358,W,1595,905
9K8,36,PAPI-2L,43.5,3,37,39,52.349,N,98,7,22.862,W,1596,849
9L2,6,PAPI-4L,49.8,3,34,59,21.852,N,117,52,8.739,W,2288.6,1161
9L2,24,PAPI-4L,50.1,3,34,59,32.43,N,117,51,23.548,W,2278.6,928
9M6,18,PAPI-2R,52.3,3.5,32,50,59.251,N,91,24,13.981,W,111.1,868
9M6,36,PAPI-2L,53.2,3,32,50,42.731,N,91,24,15.3,W,110.2,1008
9M8,1,PAPI-2L,37.6,3.75,34,19,29.162,N,92,21,7.395,W,228.5,574.013
9M8,19,PAPI-2L,42.5,3.25,34,19,47.339,N,92,21,2.575,W,234.8,747
9S2,12,PAPI-2L,25.1,3,48,48,38.72,N,105,26,39.21,W,2393.7,420
9S2,30,PAPI-2L,22.3,3,48,48,17.87,N,105,26,6.48,W,2428.1,555
9S5,3,PAPI-2L,25.3,3,45,52,25.929,N,111,34,28.279,W,4080.9,530
9S5,21,PAPI-2L,29.4,3.25,45,52,56.6,N,111,33,51.496,W,4080.9,514.979
9S9,8,PAPI-2L,42.7,3,45,27,17.12,N,119,41,45.11,W,1586.5,624.7
9S9,26,PAPI-2L,47,3.5,45,27,13.26,N,119,41,9.82,W,1617.3,984.7
9TE2,14,PAPI-2L,40,3,30,34,22.234,N,100,26,49.757,W,2343.4,774
9TE2,32,PAPI-2L,40,3,30,33,49.835,N,100,26,28.305,W,2327.9,754
9U0,25,PAPI-2L,41,3,48,51,2.208,N,108,23,51.152,W,3049.4,698
9V5,14,PAPI-2L,40,3,42,44,21.66,N,102,26,47.63,W,3748.3,783
9V5,32,PAPI-2L,40,3,42,44,1.62,N,102,26,31.71,W,3750.7,776
9V6,14,PAPI-2L,27.7,3,43,10,7.182,N,101,42,55.678,W,3294.2,526
9V6,32,PAPI-2L,27.7,3,43,9,45.058,N,101,42,35.351,W,3280.1,473
9Y1,13,PAPI-2L,35,3,47,23,38.258,N,102,46,33.214,W,2246.9,707
9Y1,31,PAPI-2L,37.2,3,47,23,19.339,N,102,46,3.845,W,2242.1,708
A08,16,PAPI-2L,40,3,32,30,59.87,N,87,23,13.2,W,219.3,871
A08,34,PAPI-2L,40,3,32,30,15.11,N,87,22,57.04,W,209.6,798
AAA,3,PAPI-4L,25.8,3.5,40,9,15.548,N,89,20,20.517,W,592.3,450
AAA,21,PAPI-4L,24.7,3,40,9,39.945,N,89,19,58.012,W,593,525
AAF,6,PAPI-2L,40,3,29,43,24.161,N,85,2,7.323,W,19.4,752
AAF,14,PAPI-2L,39.8,3,29,43,52.748,N,85,1,59.088,W,15.5,752
AAF,24,PAPI-2L,40,3,29,43,41.577,N,85,1,32.36,W,19.3,752
AAF,32,PAPI-2L,66,3,29,43,28.616,N,85,1,31.74,W,19.4,1244
AAO,18,PAPI-4L,45,3,37,45,13.817,N,97,13,12.618,W,1407,753
AAO,36,PAPI-4L,45,3,37,44,30.082,N,97,13,19.223,W,1418.7,892
AAS,5,PAPI-4L,47.5,3.5,37,21,17.978,N,85,18,51.468,W,879.5,650.1
AAS,23,PAPI-4L,40.1,3.25,37,21,39.971,N,85,18,18.751,W,909.5,899.1
AAT,3,VASI-2L,28,3,41,28,54.11,N,120,34,1.509,W,4366.9,498
ABE,6,PAPI-4L,73.6,3,40,38,58.693,N,75,26,46.633,W,386.3,1546
ABE,24,PAPI-4R,71.3,3,40,39,24.614,N,75,26,4.197,W,381.4,1350
ABE,31,PAPI-4L,54.1,3,40,38,53.702,N,75,26,8.584,W,374.1,1152
ABI,,PAPI-4L,54.2,3,32,24,20.472,N,99,40,29.159,W,1790.5,1035
ABI,,PAPI-4L,63,3,32,25,30.347,N,99,41,5.656,W,1766,1087
ABI,,PAPI-4L,54.2,3,32,24,40.361,N,99,41,5.408,W,1784,1069
ABQ,3,PAPI-4L,58.6,3,35,1,27.901,N,106,37,40.744,W,5305.4,1111.83
ABQ,8,VASI-6L,54.5,2.95,35,2,39.519,N,106,36,53.086,W,5315.2,1048
ABQ,21,PAPI-4L,74,3,35,2,20.147,N,106,36,37.682,W,5314.5,1442
ABQ,26,PAPI-4L,82.6,3,35,2,38.76,N,106,34,52.77,W,5346.5,1736
ABQ,30,PAPI-4L,46.3,3,35,2,4.999,N,106,36,26.825,W,5313.4,886.02
ABR,13,PAPI-4L,49.7,3,45,27,12.211,N,98,25,31.52,W,1301.7,950
ABR,17,PAPI-4R,40,3,45,27,0.229,N,98,25,38.43,W,1301.4,763
ABR,31,PAPI-4L,66.5,3,45,26,39.573,N,98,24,45.245,W,1300,1280
ABR,35,PAPI-4L,40,3,45,26,21.229,N,98,25,38.374,W,1299.2,787
ABY,5,PAPI-4L,55.4,3,31,31,54.866,N,84,11,50.24,W,194.9,1130
ABY,17,VASI-4L,49.2,3,31,32,19.212,N,84,11,54.404,W,190.5,1007
ABY,23,PAPI-4L,53.8,3,31,32,27.675,N,84,11,15.622,W,190.2,1002
ABY,35,VASI-4L,44,3,31,31,47.784,N,84,11,42.349,W,195.1,850
ACB,2,PAPI-4L,45,3,44,59,3.399,N,85,12,0.894,W,622.8,858
ACB,20,PAPI-2L,45.4,3.25,44,59,34.868,N,85,11,46.975,W,619.2,804
ACJ,5,PAPI-2L,57.5,3,32,6,23.34,N,84,11,34.68,W,466.3,1100
ACJ,23,PAPI-2L,59.3,3,32,6,49.39,N,84,11,3.15,W,462.1,1131.6
ACK,6,PAPI-4R,56.7,3,41,14,59.413,N,70,4,7.295,W,33.6,954
ACK,24,PAPI-4L,48,3,41,15,26.475,N,70,3,31.398,W,46.2,936
ACK,33,PAPI-4L,45,3,41,15,3.203,N,70,3,5.018,W,40.5,834
ACP,18,PAPI-2L,50.2,3,30,45,17.565,N,92,41,18.419,W,104.4,910
ACP,36,PAPI-2L,50.7,3,30,44,47.819,N,92,41,18.699,W,100.9,1084
ACQ,15,VASI-2L,25.1,2.5,44,4,33.844,N,93,33,16.886,W,1123.3,648
ACQ,33,VASI-2L,28.9,2.5,44,4,15.165,N,93,33,4.32,W,1119.9,649
ACT,1,PAPI-4R,55,3,31,36,23.99,N,97,13,44.492,W,510.5,1073
ACT,14,PAPI-4L,58.4,3,31,36,51.783,N,97,14,13.276,W,506.8,1147
ACT,32,PAPI-4L,58.1,3,31,36,26.894,N,97,13,55.964,W,516,1029
ACV,1,VASI-4L,47.9,3,40,58,27.487,N,124,6,41.51,W,192.6,815
ACV,14,PAPI-4L,50,3,40,58,57.449,N,124,6,40.748,W,190.6,843
ACV,32,PAPI-4L,43,3,40,58,24.354,N,124,6,18.251,W,215.5,990
ACY,4,PAPI-4L,50.3,3,39,27,6.697,N,74,35,1.341,W,65.7,876
ACY,13,PAPI-4L,70.6,3,39,27,44.782,N,74,35,11.732,W,71,1413
ACY,22,VASI-4L,51,3,39,27,43.956,N,74,34,35.786,W,66.2,999
ACY,31,PAPI-4L,68.9,3,39,27,11.07,N,74,33,49.94,W,62.8,1322
ACZ,9,PAPI-2L,39.6,3.13,34,43,3.315,N,78,0,28.015,W,36.4,751
ACZ,27,PAPI-2L,43.5,3.53,34,43,5.365,N,77,59,59.342,W,29.8,700
ADC,16,PAPI-4L,42,3,46,27,10.14,N,95,12,43.48,W,1362.1,910
ADC,34,PAPI-4L,42,3,46,26,47.71,N,95,12,33.75,W,1358.7,725
ADF,4,PAPI-2L,23,3,34,5,44.51,N,93,4,14.09,W,181.4,477
ADF,22,PAPI-2L,32.3,3,34,6,12.94,N,93,3,43.08,W,179.5,645
ADG,5,PAPI-4L,31.7,3,41,51,45.829,N,84,4,59.178,W,794.2,601
ADG,23,PAPI-4L,31.9,3,41,52,11.269,N,84,4,22.366,W,797.9,606
ADH,18,PAPI-4L,31.4,3,34,48,41.86,N,96,40,19.11,W,1015.9,600
ADH,36,PAPI-4L,43.1,3,34,47,52.84,N,96,40,19.1,W,995.1,550
ADK,23,PAPI-4R,53.1,3.5,51,53,15.4,N,176,37,51.392,W,15.1,902
ADM,13,PAPI-4L,57.3,3,34,18,43.93,N,97,1,34.46,W,766.1,1300
ADM,31,VASI-4L,49.4,3,34,17,56.32,N,97,0,37.91,W,731.5,943
ADQ,1,VASI-2L,57,3.75,57,44,30.541,N,152,29,29.001,W,37.5,853
ADQ,26,VASI-2L,54,2.05,57,45,5.769,N,152,29,15.227,W,25.4,1390
ADS,16,PAPI-4R,51.2,3,32,58,22.236,N,96,50,17.982,W,635.2,959
ADS,34,PAPI-4L,60,3,32,57,50.876,N,96,50,4.272,W,643.7,1115
ADT,17,PAPI-2L,43.7,3,39,50,42.426,N,101,2,37.784,W,2974.3,1147
ADT,35,PAPI-2R,43,3,39,50,11.498,N,101,2,32.924,W,2933.1,699
ADU,14,PAPI-2L,40,3,41,42,12.714,N,94,55,19.838,W,1284.8,811
ADU,32,PAPI-2L,40,3.25,41,41,55.931,N,94,55,5.408,W,1278.9,670
ADW,,PAPI-4L,71.9,3,38,48,4.807,N,76,52,14.181,W,257.5,1321
ADW,,PAPI-4L,63,3,38,48,2.644,N,76,51,48.921,W,257.7,1089
ADW,,PAPI-4L,57.4,3,38,49,17.971,N,76,51,49.14,W,279.7,1046
ADW,,PAPI-4L,70.6,3,38,49,9.992,N,76,52,14.387,W,270.7,1401
AEG,4,PAPI-4L,52.1,3,35,8,26.348,N,106,48,24.364,W,5837.1,1000
AEG,17,PAPI-4L,52.4,3,35,8,59.481,N,106,47,19.984,W,5806.2,1000
AEJ,15,PAPI-2L,42,3,38,49,21.45,N,106,7,27.72,W,7942.9,900
AEJ,33,PAPI-2L,41.3,3,38,48,19.13,N,106,7,0.03,W,7904.5,725
AEL,17,PAPI-4L,30,3,43,41,9.33,N,93,22,11.94,W,1256.6,674
AEL,35,PAPI-4L,30,3,43,40,34.04,N,93,22,1.77,W,1257.6,674
AEX,14,PAPI-4L,71.1,3,31,20,5.586,N,92,33,24.088,W,84.3,1346
AEX,18,PAPI-4L,70.4,3,31,20,13.815,N,92,32,39.251,W,83.6,1340
AEX,32,PAPI-4L,79.5,3,31,19,13.864,N,92,32,40.27,W,86.6,1544
AEX,36,PAPI-4L,77,3,31,19,18.368,N,92,32,49.46,W,85.6,1491
AFE,11,PAPI-4L,41,3,56,57,48.82,N,133,54,54.28,W,151.8,747.1
AFJ,9,PAPI-4L,85.1,3.71,40,8,10.25,N,80,17,40.95,W,1182.8,1234
AFJ,27,PAPI-4L,62.4,3.09,40,8,12.58,N,80,17,5.89,W,1173.5,1036
AFK,15,PAPI-2L,52,3,40,36,36.01,N,95,52,4.5,W,1158.1,959
AFK,33,PAPI-2L,51.6,3,40,36,13.4,N,95,51,48.39,W,1159.9,938
AFM,1,PAPI-4R,24.7,3,67,6,3.629,N,157,51,34.439,W,251.8,425
AFO,16,PAPI-4L,51.8,3.5,42,42,57.013,N,110,56,31.727,W,6182.3,936
AFO,34,PAPI-4L,52,3.5,42,42,6.51,N,110,56,31.904,W,6213.3,974
AFP,16,PAPI-4L,43.8,3,35,1,31.424,N,80,4,47.538,W,299.5,831
AFP,34,PAPI-4L,45.1,3,35,0,57.694,N,80,4,28.014,W,295.3,890
AFW,,PAPI-4R,81.8,3,33,0,2.943,N,97,19,21.247,W,719.2,1599
AFW,,PAPI-4L,74.3,3,32,58,49.795,N,97,19,6.274,W,674.7,1307
AGC,10,VASI-4L,47,3,40,21,15.43,N,79,56,17.63,W,1249.5,800
AGO,18,PAPI-2L,33.8,3,33,13,57.258,N,93,13,0.492,W,300.9,645
AGO,36,PAPI-2L,39.6,4,33,13,20.294,N,93,13,1.856,W,315.4,624
AGR,5,PAPI-4L,49.8,3,27,38,32.94,N,81,20,55.7,W,68,950
AGR,23,PAPI-4L,49.8,3,27,39,11.58,N,81,20,3.57,W,68,950
AGS,8,PAPI-4L,55,3,33,21,59.771,N,81,57,57.636,W,135.5,1006
AGS,17,PAPI-4L,71.2,3,33,22,43.286,N,81,58,11.705,W,144.5,1375
AGS,26,PAPI-4L,55,3,33,22,7.785,N,81,57,11.88,W,138.4,1031
AGS,35,PAPI-4L,72,3,33,21,51.985,N,81,57,58.947,W,135.7,1329
AGZ,9,PAPI-2L,26.2,3,43,3,54.58,N,98,18,7.04,W,1477.6,500
AGZ,27,PAPI-2L,26.2,3,43,3,52.97,N,98,17,33.43,W,1465.8,500
AHC,27,PAPI-4L,86.9,3,40,15,52.168,N,120,8,19.788,W,4007.7,1671.025
AHH,18,PAPI-4L,35.5,4,45,17,6.873,N,92,22,32.002,W,1078.2,507
AHH,36,PAPI-4L,22.9,3,45,16,37.39,N,92,22,30.817,W,1083.5,507
AHN,2,VASI-4L,38.7,3.75,33,56,38.39,N,83,19,27.43,W,780.6,499
AHN,9,PAPI-4L,39.2,3,33,56,56.267,N,83,20,9.841,W,760.4,650
AHN,20,PAPI-4L,55.1,3,33,57,1.32,N,83,19,16.98,W,805.1,1016
AHN,27,PAPI-4L,44.1,3,33,56,57.567,N,83,19,16.691,W,804.6,992
AHQ,2,PAPI-2L,40,3,41,14,18.845,N,96,35,44.323,W,1222.4,748
AHQ,20,PAPI-2L,40,3,41,14,42.186,N,96,35,30.559,W,1225.4,766
AIA,12,VASI-4L,39.3,3,42,3,30.825,N,102,48,59.822,W,3930.3,750
AIA,30,PAPI-4L,53.4,3,42,2,39.67,N,102,47,49.51,W,3925.6,1038
AIB,5,PAPI-2L,41.1,3,38,14,11.018,N,108,34,7.729,W,5906.6,617
AIB,23,PAPI-2L,40.6,3,38,14,29.844,N,108,33,28.729,W,5935.9,945
AID,12,PAPI-4L,44.7,3,40,6,39.628,N,85,37,13.158,W,880.6,808
AID,18,PAPI-2L,30.2,3,40,6,37.87,N,85,36,39.927,W,910.8,603
AID,30,PAPI-4L,48.1,3,40,6,25.088,N,85,36,32.618,W,912.6,1035
AIG,9,PAPI-2L,41.5,3,45,9,13.587,N,89,7,0.88,W,1514.9,820
AIG,17,PAPI-2L,40,3,45,9,26.26,N,89,6,34.33,W,1520.6,700
AIG,27,PAPI-2L,41.5,3,45,9,15.635,N,89,6,36.965,W,1519.8,853
AIG,35,PAPI-2L,35.6,3,45,9,1.29,N,89,6,24.28,W,1519,680
AIK,7,PAPI-2L,41.1,3,33,38,50.31,N,81,41,35.48,W,512.2,908
AIK,25,PAPI-2L,27.4,3,33,39,10.29,N,81,40,53.53,W,496.4,510
AIO,2,PAPI-2L,31.1,3,41,23,47.77,N,95,3,11.94,W,1147.3,567
AIO,20,PAPI-2L,30.7,3,41,24,23.28,N,95,2,53.1,W,1150.2,562
AIT,16,PAPI-4L,31.6,3,46,33,15.759,N,93,40,32.906,W,1205.9,600
AIT,34,PAPI-4L,30.1,3,46,32,48.875,N,93,40,22.057,W,1206,573
AIZ,4,VASI-4L,53.2,3,38,5,28.205,N,92,33,14.856,W,862,1030
AIZ,22,VASI-4L,43.2,3,38,6,4.599,N,92,32,40.054,W,867.3,852
AJG,4,PVASI-PSIL,22.6,3,38,36,10.69,N,87,43,43.91,W,428.6,452
AJG,13,PVASI-PSIL,22.7,3,38,36,36.28,N,87,43,57.7,W,427.1,450
AJG,22,PVASI-PSIL,22.1,3,38,36,33.88,N,87,43,18.45,W,428.6,450
AJG,31,PVASI-PSIL,25,3,38,36,13.22,N,87,43,23.59,W,429.4,475
AJO,25,VASI-4L,33.6,4,33,53,51.733,N,117,35,57.834,W,532.2,480
AJR,6,PAPI-4L,44.5,3,34,29,55.719,N,83,33,30.957,W,1418.3,664
AJR,24,PAPI-4L,37.2,3,34,30,10.54,N,83,33,3.412,W,1448.1,697
AJZ,3,PAPI-2L,39.6,3,38,46,54.803,N,108,4,7.578,W,5119.7,592
AJZ,21,PAPI-2L,36.9,3,38,47,24.505,N,108,3,33.773,W,5178.6,980
AK15,4,PAPI-4L,50,3.15,70,20,29.62,N,150,57,19.11,W,25,866.1
AK15,22,PAPI-4L,50,3.16,70,20,49.17,N,150,56,2.98,W,25.3,861.9
AK78,4,PVASI-2L,50,3,70,8,6.61,N,147,2,30.11,W,20,916
AK78,22,PVASI-2L,50,3,70,8,22.57,N,147,1,11.91,W,21.4,1032
AKH,3,PAPI-2R,28.6,3,35,11,57.767,N,81,9,7.224,W,795.6,543
AKH,21,PAPI-2L,40.9,3,35,12,19.407,N,81,8,53.004,W,787.6,659
AKN,12,PAPI-4L,66,3,58,40,53.84,N,156,39,34.7,W,45.8,1245
AKN,30,PAPI-4L,45,3,58,40,9.77,N,156,38,0.68,W,69.2,927
AKO,11,PAPI-2L,44.3,3,40,10,44.3597,N,103,13,47.348,W,4707.8,1003
AKO,29,PAPI-2L,43.3,3,40,10,18.9286,N,103,12,48.3185,W,4675.2,742
AKR,7,PAPI-4L,45,3.6,41,2,7.458,N,81,28,21.685,W,1047,843
AKR,25,PAPI-4L,45,4,41,2,24.787,N,81,27,38.706,W,1052,739
AKW,2,PAPI-4L,34,3,55,34,30.628,N,133,4,54.585,W,41.3,588
AKW,20,PAPI-4L,40,4,55,34,59.403,N,133,4,13.259,W,74.1,648
ALB,1,PAPI-4R,53,3,42,44,24.431,N,73,48,15.785,W,280.9,1077
ALB,19,PAPI-4L,53.1,3,42,45,27.515,N,73,48,18.514,W,278.4,1033
ALB,28,PAPI-4L,52.9,3.22,42,44,58.559,N,73,47,34.747,W,281.8,873
ALI,13,PAPI-4L,50.4,3,27,44,36.518,N,98,1,54.441,W,178,954.1
ALI,17,PAPI-2L,43.6,3,27,44,34.31,N,98,1,36.48,W,174.2,817.9
ALI,35,PAPI-2L,43.6,3,27,44,6.167,N,98,1,36.163,W,171.6,830.2
ALM,4,PAPI-4R,54.7,3,32,49,50.632,N,106,0,6.176,W,4133.7,916.681
ALM,22,VASI-2L,39.7,3,32,50,41.658,N,105,59,4.542,W,4191.3,922.033
ALN,11,PAPI-4R,43.6,3,38,53,39.53,N,90,3,7.995,W,536.9,850
ALN,17,PAPI-4L,43.4,3,38,53,43.4,N,90,3,7.43,W,536.3,825
ALN,35,PAPI-4L,42.7,3,38,52,56.04,N,90,3,0.36,W,543.5,850
ALO,12,PAPI-4L,57,3,42,33,50.84,N,92,24,30.99,W,871.5,1138
ALO,18,VASI-4L,42.3,3,42,33,49.31,N,92,24,6.72,W,870.3,800
ALO,30,VASI-4L,52,3,42,33,12.94,N,92,23,24.89,W,866.7,1000
ALO,36,PAPI-4L,50.8,3,42,33,7.881,N,92,24,14.377,W,868,970
ALS,2,PAPI-4L,48.3,3,37,25,38.654,N,105,52,25.94,W,7537.9,952
ALS,20,VASI-4L,40.6,3,37,26,35.8169,N,105,51,41.5362,W,7539.8,765
ALW,2,PAPI-4L,45,3,46,5,13.108,N,118,17,23.777,W,1159.6,747
ALW,20,PAPI-4L,49.9,3,46,5,50.299,N,118,16,44.679,W,1189,1112
ALX,18,PAPI-4L,57,3,32,54,59.148,N,85,57,46.939,W,654.5,1474
ALX,36,PAPI-4L,49.9,3,32,54,34.121,N,85,57,45.656,W,620.3,793
AMA,4,PAPI-4L,60.5,3,35,12,26.328,N,101,43,47.757,W,3606.4,1149.305
AMA,13,PAPI-4L,52.4,3,35,13,39.664,N,101,41,40.711,W,3602.8,992.336
AMA,22,PAPI-4L,77.4,3,35,13,41.417,N,101,42,13.066,W,3604,1424.043
AMA,31,PAPI-4L,52.4,3,35,12,56.543,N,101,40,52.497,W,3597.5,989.397
AMG,16,PAPI-2L,40.1,3,31,32,24.505,N,82,30,33.146,W,198,800
AMG,34,PAPI-2L,29.7,3,31,31,52.95,N,82,30,12.634,W,191.1,550
AMN,9,PAPI-4L,40,3,43,19,22.847,N,84,41,35.188,W,750.8,780
AMN,27,PAPI-4L,40,3,43,19,22.699,N,84,40,48.602,W,753.4,780
AMT,23,PAPI-4L,24.8,3.3,38,51,14.827,N,83,33,46.308,W,891,516.056
AMW,19,VASI-4L,40.8,4,41,59,46.25,N,93,37,9.728,W,919.5,575
ANB,5,PAPI-4L,39.6,3,33,34,59.468,N,85,51,53.422,W,594.6,765
ANB,23,PAPI-4L,38.9,3,33,35,34.456,N,85,51,6.216,W,603.8,902
ANC,,PAPI-4R,63.1,3,61,10,11.179,N,150,0,4.086,W,124.6,1271
ANC,,PAPI-4R,71.5,3,61,10,4.156,N,150,2,6.386,W,131.7,1371
ANC,15,PAPI-4R,77.9,3.2,61,11,44.515,N,150,0,44.177,W,143.9,1527
ANC,,PAPI-4L,75,3,61,10,4.352,N,149,58,48.12,W,107.5,1304
ANC,,PAPI-4L,60,3,61,10,11.307,N,149,57,16.473,W,91.9,1108
ANC,33,PAPI-4R,60,3,61,10,31.749,N,150,0,3.437,W,117.4,1218
AND,5,PAPI-4L,49.2,3,34,29,24.782,N,82,42,50.001,W,754.3,850
AND,23,PAPI-4L,45,3,34,29,54.546,N,82,42,12.914,W,751.2,828
ANE,9,PAPI-4L,25,3,45,8,41.29,N,93,13,5.82,W,905.9,463
ANE,18,VASI-4L,48.4,3,45,8,56.622,N,93,12,35.726,W,910.4,958
ANE,27,PAPI-4L,50,3,45,8,40.85,N,93,12,15.52,W,910.2,931
ANE,36,VASI-4L,48.3,3,45,8,27.229,N,93,12,36.217,W,909.6,920
ANI,11,PAPI-4R,34.7,3,61,35,3.45,N,159,33,19.093,W,96.9,662
ANI,29,PAPI-4R,40,3,61,34,43.187,N,159,32,8.862,W,96.6,764
ANJ,14,PAPI-2L,46.4,3,46,28,57.01,N,84,22,22.85,W,703.2,768.4
ANJ,32,PAPI-2L,29.9,3,46,28,31.95,N,84,21,47.67,W,716.2,572.5
ANK,6,PAPI-2L,35.4,3.5,38,32,8.483,N,106,3,28.925,W,7506.6,820
ANK,24,PAPI-2L,42.3,3,38,32,27.901,N,106,2,18.519,W,7395.7,598
ANP,12,PAPI-2L,20.9,5.75,38,56,36.04,N,76,34,13.07,W,33.8,208
ANP,30,PAPI-2R,25.2,4.25,38,56,32.61,N,76,33,59.12,W,33.8,340
ANQ,5,PAPI-2L,38.4,3,41,38,16.354,N,85,5,9.906,W,982.1,755
ANQ,23,PAPI-2L,48.5,4,41,38,33.351,N,85,4,45.588,W,993,721
ANV,17,PAPI-4L,25,3,62,39,5.39,N,160,11,20.59,W,290.7,466
ANV,35,PAPI-4L,25,3,62,38,35.63,N,160,11,27.81,W,295.9,493
ANW,13,PAPI-2L,50,3,42,35,8.511,N,99,59,35.989,W,2586.3,962
ANW,17,PAPI-4L,46,3,42,35,1.568,N,99,59,47.816,W,2587.3,863
ANW,31,PAPI-2L,52,3,42,34,43.781,N,99,59,1.731,W,2584.5,956
ANW,35,PAPI-4L,45.1,3,42,34,11.473,N,99,59,47.016,W,2587,888
ANY,18,PAPI-2L,43.8,3,37,9,54.715,N,98,4,44.546,W,1342.1,854
ANY,36,PAPI-2L,45.7,3,37,9,21.719,N,98,4,44.679,W,1338.2,810
AOH,10,PAPI-4L,47.6,3,40,42,24.989,N,84,2,9.043,W,950.8,880
AOH,28,PAPI-4L,49,3,40,42,24.981,N,84,1,16.131,W,969.6,1045
AOO,3,PAPI-4L,43,3,40,17,28.89,N,78,19,19.71,W,1494.2,1000
AOO,12,PAPI-4L,54.2,3,40,17,51.9,N,78,19,20.26,W,1475.6,982.6
AOO,21,PAPI-4L,52,3,40,18,1.85,N,78,19,7.38,W,1469.4,996
AOO,21,PAPI-4L,52,3,40,18,1.85,N,78,19,7.38,W,1469.4,996
AOO,30,PAPI-4R,53.8,4,40,17,46.18,N,78,18,57.69,W,1476.6,842.5
AOV,13,PAPI-2L,43.3,3,36,58,26.591,N,92,41,3.911,W,1280.3,750
APA,10,PAPI-2L,44.2,3,39,34,17.611,N,104,50,37.326,W,5815.5,962
APA,,PAPI-4L,47.4,3,39,34,55.206,N,104,51,4.946,W,5801.6,781
APA,,PAPI-4L,42.3,3,39,34,37.633,N,104,51,13.078,W,5810.5,680
APA,28,PAPI-2L,42.8,3,39,34,8.044,N,104,50,5.059,W,5798.4,731
APA,,PAPI-4R,37.4,3,39,33,43.671,N,104,51,10.581,W,5862,855
APA,,PAPI-4L,48.6,3,39,33,34.713,N,104,51,1.228,W,5877.6,1067
APC,,PAPI-4L,52,3.25,38,13,14.535,N,122,16,44.989,W,25,974
APF,5,PAPI-4R,31.1,3.5,26,8,55.642,N,81,46,46.911,W,6.4,508
APF,14,PAPI-4L,41.4,3.5,26,9,21.9,N,81,46,42.618,W,6.7,672
APF,23,PAPI-4L,49.3,3.5,26,9,21.847,N,81,46,18.647,W,8.2,800
APF,32,PAPI-4L,47.6,3.5,26,9,1.259,N,81,46,19.124,W,7.4,762
APG,22,PAPI-4L,49.2,3,39,28,22.136,N,76,9,47.362,W,43.9,956.182
APN,1,PAPI-4L,53.5,3,45,4,3.48,N,83,33,40.98,W,684.8,981.8
APN,7,PAPI-4L,49.4,3,45,4,38.83,N,83,33,47.76,W,685.5,1026.1
APN,19,PAPI-4L,39,3,45,5,15.13,N,83,33,41.32,W,683,763
APN,25,PAPI-4L,48.4,3,45,4,54.14,N,83,33,10.62,W,679.9,918.7
APS,17,PAPI-2L,49.8,3,30,5,23.615,N,90,34,59.538,W,4.5,940
APS,35,PAPI-2L,50,3,30,4,59.09,N,90,34,55.666,W,6,964
APT,4,PAPI-2L,25.8,3.5,35,3,28.038,N,85,35,17.03,W,641.1,414
APT,22,PAPI-2L,25.6,3.5,35,3,48.848,N,85,34,57.25,W,640.8,414
APV,18,PAPI-2L,49.2,3.5,34,35,5.071,N,117,11,0.69,W,3045.6,1063
APV,36,PAPI-2L,44.2,3,34,34,25.442,N,117,11,14.501,W,2983,667
AQO,17,PAPI-2L,40,2.75,30,47,12.634,N,98,39,43.486,W,1095.1,969
AQO,35,PAPI-2L,40,2.75,30,46,49.225,N,98,39,43.118,W,1099.8,867
AQR,18,PAPI-2L,44.4,3,34,23,58.658,N,96,8,52.306,W,589.4,839
AQR,36,PAPI-2L,43.2,3,34,23,48.781,N,96,8,53.823,W,586.6,740
AQT,5,PAPI-2L,33,3,70,12,29.9,N,151,1,7.161,W,44.7,684
AQT,23,PAPI-2L,33,3,70,12,41.03,N,150,59,38.49,W,39.3,647
AQX,17,PAPI-2L,26.3,3,33,0,1.163,N,81,16,20.024,W,161.7,503
AQX,35,PAPI-2L,26.3,3,32,59,23.622,N,81,16,5.673,W,155.9,501
ARA,17,PAPI-4L,50.7,3,30,2,45.34,N,91,53,9.51,W,24.6,956
ARA,35,PAPI-4L,51.7,3,30,1,46.54,N,91,52,54.53,W,20.1,961
ARB,6,PAPI-4L,20,3,42,13,14.87,N,83,44,56.63,W,831.3,346.4
ARC,20,PAPI-4L,26.8,3,68,7,4.88,N,145,34,14.02,W,2091,528
ARG,22,PAPI-4L,46.8,3,36,7,24.544,N,90,55,17.096,W,273.1,889
ARM,14,PAPI-4L,41.5,3,29,15,29.97,N,96,9,25.15,W,99,810.9
ARM,32,PAPI-4L,41.7,3,29,15,0.64,N,96,9,6.46,W,96.7,799.6
ARR,9,PAPI-4L,45,3,41,46,12.7,N,88,28,53.94,W,698.9,1013
ARR,15,PAPI-4L,33.8,3,41,46,41.58,N,88,29,4.44,W,706.8,790
ARR,18,PAPI-4L,29.7,3,41,46,29.47,N,88,28,17.811,W,696.8,630
ARR,27,PAPI-4L,44.8,3,41,46,13.39,N,88,27,52.76,W,706.8,860
ARR,33,PAPI-4L,48,3,41,46,10.79,N,88,28,37.43,W,694.9,984
ARR,36,VASI-4L,34,3,41,46,10.1,N,88,28,17.79,W,702.4,607.5
ART,7,PAPI-4L,52,3,43,59,21.303,N,76,1,38.311,W,314.8,863
ART,10,PAPI-4L,46.5,3,43,59,31.766,N,76,1,39.917,W,313,763.24
ART,25,PAPI-4L,44,3,43,59,40.694,N,76,1,2.068,W,321.3,838
ART,28,PAPI-4L,45,3,43,59,29.034,N,76,0,26.738,W,328,881
ARV,18,VASI-4L,44,3,45,56,7.42,N,89,43,58.67,W,1628.2,850
ARV,28,PAPI-2L,37,3,45,55,24.5,N,89,43,26.75,W,1621.7,729
ARV,36,VASI-4L,45,3,45,55,33.37,N,89,43,57.76,W,1624.4,850
ARW,7,PAPI-2L,30.3,3.05,32,24,38.244,N,80,38,15.168,W,8,588
ARW,25,PAPI-2L,25,3,32,24,49.862,N,80,37,51.056,W,7.8,469
ASD,18,PAPI-2L,50.1,3,30,20,52.804,N,89,49,14.933,W,27.4,954
ASD,36,PAPI-2L,50.1,3,30,20,31.519,N,89,49,14.729,W,26.5,953
ASE,15,PAPI-4L,54.6,3.5,39,13,49.402,N,106,52,20.264,W,7690.5,726
ASG,18,PAPI-4L,43.3,3,36,10,49.47,N,94,7,7.08,W,1340.1,817
ASG,36,PAPI-4R,40,3,36,10,16.598,N,94,7,12.122,W,1352,771.5
ASH,14,PAPI-4R,45,3,42,47,7.79,N,71,31,14.22,W,197.2,920.1
ASH,32,PAPI-4L,45,3,42,46,47.36,N,71,30,31.01,W,188.9,901.7
ASJ,1,PAPI-2L,44.4,3.17,36,17,36.775,N,77,10,14.591,W,66.5,802
ASJ,19,PAPI-2L,39.5,3,36,18,5.91,N,77,10,15.566,W,66.4,752
ASN,4,PAPI-4L,64.7,3,33,33,52.95,N,86,3,18.97,W,529,875
ASN,22,PAPI-4L,45,3,33,34,28.11,N,86,2,49.15,W,529,797.5
AST,8,VASI-4L,37.9,3,46,9,34.464,N,123,53,8.987,W,11.4,696
AST,14,VASI-4L,55.4,3,46,9,34.458,N,123,52,52.013,W,13.8,1006
AST,32,PAPI-4L,61.2,4,46,9,11.711,N,123,52,35.774,W,13.5,889
ASW,9,PAPI-2L,27.2,3,41,16,20.771,N,85,50,39.88,W,837.2,501
ASW,18,VASI-4L,34.9,3.5,41,16,54.339,N,85,50,50.068,W,838.4,593
ASW,27,PAPI-4L,54,3,41,16,21.502,N,85,49,52.981,W,846.6,1015.37
ASX,2,PAPI-4L,41.4,3,46,32,32.44,N,90,55,25.2,W,820.8,700
ASX,20,PAPI-4R,33,3,46,33,8.75,N,90,55,5.246,W,826.5,564
ASX,31,PAPI-2L,37.1,3,46,32,54.66,N,90,54,45.63,W,814.9,650
ASY,15,PAPI-2L,26.9,3,46,1,38.413,N,99,21,19.353,W,2019.7,499
ASY,33,PAPI-2L,24.8,3,46,1,8.308,N,99,20,59.186,W,2033.1,499
ATA,5,PAPI-2L,29.2,4,33,6,2.1,N,94,11,53.24,W,270.3,600
ATA,23,PAPI-2L,29.9,4,33,6,18.81,N,94,11,27.73,W,268.5,450
ATK,7,PAPI-2L,30.1,3,70,27,59.126,N,157,26,55.277,W,101,570
ATK,25,PAPI-2L,30,3,70,28,4.082,N,157,25,21.499,W,101,570
ATL,,PAPI-4L,70,3,33,38,58.33,N,84,26,2.75,W,1006,1500
ATL,,PAPI-4L,66.6,3,33,38,48.44,N,84,25,59.78,W,1009.2,1549
ATL,,PAPI-4R,70.6,3,33,38,4.938,N,84,26,36.123,W,1015.9,1400
ATL,,PAPI-4L,69.8,3,33,37,54.54,N,84,26,35.51,W,1019.8,1452
ATL,10,PAPI-4R,68.8,3,33,37,12.99,N,84,26,35.211,W,993.1,1450
ATL,,PAPI-4L,62.5,3,33,38,48.46,N,84,24,35.11,W,990.1,1292
ATL,,PAPI-4L,68.7,3,33,38,58.35,N,84,24,51.17,W,982.8,1449
ATL,,PAPI-4R,78.8,3,33,37,54.56,N,84,25,22.51,W,991.4,1376
ATL,,PAPI-4R,72.2,3,33,38,4.93,N,84,24,47.68,W,981.2,1320
ATL,28,PAPI-4R,72.4,3,33,37,13.022,N,84,25,22.491,W,996.5,1400
ATS,4,PAPI-4L,39.3,3,32,50,51.693,N,104,28,23.275,W,3536,851
ATS,13,PAPI-4L,40.1,3,32,51,24.154,N,104,28,18.98,W,3533.4,766.921
ATS,22,PAPI-4L,39.5,3,32,51,24.548,N,104,27,44.294,W,3519.7,749
ATS,31,PAPI-4L,39.9,3,32,50,51.725,N,104,27,40.602,W,3507.9,731.161
ATW,3,PAPI-4L,47,3,44,15,5.054,N,88,31,28.171,W,882.6,1007
ATW,12,PAPI-4L,34.9,3,44,15,36.314,N,88,31,35.933,W,906.3,900
ATW,21,PAPI-4L,46.5,3,44,15,59.261,N,88,30,51.197,W,878,882
ATW,30,PAPI-4L,60.6,3,44,15,16.315,N,88,30,39.178,W,866.4,1001
ATY,12,PAPI-4L,47.8,3,44,55,14.33,N,97,9,58.05,W,1742.8,1000
ATY,17,PAPI-4L,34.7,3,44,55,4.17,N,97,9,3.84,W,1743.4,1000
ATY,30,PAPI-4L,34,3,44,54,46.92,N,97,9,1.98,W,1713.2,1000
ATY,35,PAPI-4L,54,3,44,54,15.83,N,97,9,4.14,W,1743.4,1000
AUG,17,PAPI-4L,53,3,44,19,32.05,N,69,48,7.93,W,319.1,852.8
AUG,35,PAPI-4L,40,3,44,19,1.78,N,69,47,46.54,W,350,711.2
AUH,16,PAPI-2L,44.8,3,40,53,51.35,N,97,59,43.62,W,1802.8,863.1
AUH,34,PAPI-2L,43.8,3,40,53,26.07,N,97,59,37.01,W,1796.9,829
AUM,17,PAPI-4L,40.7,3,43,40,6.73,N,92,56,2.59,W,1233.4,729
AUM,35,PAPI-4L,42.1,3,43,39,25.35,N,92,55,54.71,W,1228.8,841
AUN,7,PAPI-2L,21.2,3,38,57,16.094,N,121,5,9.854,W,1492.5,409
AUN,25,PAPI-2L,34.2,3.5,38,57,18.443,N,121,4,40.702,W,1526.1,776
AUO,29,PAPI-4L,22.1,3,32,37,0.96,N,85,25,38.32,W,761.2,464.5
AUO,36,PAPI-4L,43.5,3,32,36,28.02,N,85,26,10.68,W,736.5,745
AUS,,PAPI-4L,74.1,3,30,11,59.242,N,97,39,28.027,W,488.7,1469.79
AUS,,PAPI-4L,60.1,3,30,12,35.926,N,97,40,45.367,W,532.3,1323.3
AUS,,PAPI-4L,60.1,3,30,10,58.998,N,97,40,42.805,W,490.5,1131.867
AUS,,PAPI-4L,59,3,30,10,55.455,N,97,39,26.357,W,475.8,1084.073
AUW,13,PAPI-4L,43.3,3,44,55,45.9,N,89,38,12.29,W,1195.1,769.5
AUW,31,PAPI-4L,44.1,3,44,55,25.94,N,89,37,30.73,W,1191.2,820.9
AUW,31,PAPI-4L,44.1,3,44,55,25.94,N,89,37,30.73,W,1191.2,820.9
AVC,1,PAPI-2L,40,3,36,40,59.06,N,78,3,15.11,W,385,600
AVC,19,PAPI-2L,40,3,36,41,32.66,N,78,3,16.86,W,425,1000
AVK,18,PAPI-4L,47.1,3,36,46,40.59,N,98,40,13.42,W,1476.7,856.6
AVK,36,PAPI-4L,40,3,36,46,7.62,N,98,40,13.51,W,1469,808.2
AVL,17,PAPI-4R,55.1,3,35,26,37.035,N,82,32,43.508,W,2161.9,1089
AVL,35,PAPI-4L,55.6,3,35,25,41.418,N,82,32,18.537,W,2124.7,921
AVO,5,PAPI-4L,39.3,3,27,35,10.64,N,81,31,59.16,W,154,932
AVO,10,PAPI-4L,43.5,3,27,35,36.8,N,81,31,55.24,W,154,804
AVO,23,PAPI-4L,42.8,3,27,35,28.837,N,81,31,38.623,W,153.6,792
AVO,28,PAPI-4L,58,3,27,35,36.74,N,81,31,33.94,W,153.5,1123
AVP,4,PAPI-4R,57.5,3,41,19,53.323,N,75,43,44.988,W,956.1,1204
AVP,10,PAPI-2L,43.3,3,41,20,25.934,N,75,43,37.441,W,924.3,780
AVP,22,VASI-4L,54.1,3,41,20,38.182,N,75,43,6.777,W,918.1,902
AVQ,3,PAPI-2L,52.9,2.91,32,24,22.61,N,111,13,10.112,W,2022.4,980
AVQ,12,PAPI-4L,45,3.06,32,24,58.153,N,111,13,28.024,W,2014.3,774
AVQ,21,PAPI-2L,40.6,2.91,32,24,33.988,N,111,12,56.474,W,2025.7,777
AVQ,30,PAPI-4L,45,3.41,32,24,20.401,N,111,12,44.256,W,2030.2,775
AVX,22,PVASI-PSIL,39,3,33,24,23.84,N,118,24,46.87,W,1562.3,473.4
AWG,13,PAPI-2L,35.6,3,41,16,46.157,N,91,40,40.666,W,751.7,700
AWG,18,PAPI-2R,44.6,4,41,16,40.341,N,91,40,34.998,W,752.2,620
AWG,31,PAPI-2L,30.4,3,41,16,31.585,N,91,40,21.17,W,753.1,605
AWG,36,PAPI-2L,34.8,3,41,16,13.406,N,91,40,36.912,W,751.6,650
AWI,6,PAPI-4L,31,3,70,38,10.49,N,160,0,26.93,W,39.6,573.5
AWI,24,PAPI-4R,30,3,70,38,23.19,N,159,58,54.64,W,38,549.4
AWK,10,PAPI-4L,75.8,3,19,17,3.98,N,166,37,36.45,E,23,1445
AWK,28,PAPI-4L,77.4,3,19,16,49.85,N,166,38,47.87,E,22.2,1422
AWM,35,PAPI-4L,40,3,35,7,44.081,N,90,14,4.269,W,212.3,764
AWO,16,PAPI-2L,40,3,48,10,1.73,N,122,9,23.31,W,138.9,802
AWO,34,PAPI-2L,36.4,3,48,9,24.218,N,122,9,22.427,W,125.7,728
AXA,13,PAPI-2L,29.9,3,43,4,48.388,N,94,16,34.264,W,1213.4,585
AXA,31,PAPI-2L,34.3,3,43,4,29.911,N,94,16,5.92,W,1206.5,600
AXH,9,PAPI-2L,50,3.5,29,30,23.31,N,95,28,55.87,W,67.6,817.5
AXH,27,PAPI-2L,43.4,3,29,30,20.84,N,95,28,17.72,W,66.9,804
AXN,4,PAPI-4L,43.6,3,45,51,50.78,N,95,23,49.75,W,1424.5,846
AXN,13,PAPI-4L,34,3,45,52,13.77,N,95,24,2.43,W,1416,548
AXN,22,PAPI-4L,43.5,3,45,52,6.7,N,95,23,23.26,W,1421.1,779.7
AXN,31,PAPI-4L,49.8,3,45,51,46.82,N,95,23,29.25,W,1422.1,950
AXQ,6,PAPI-2L,40,3,41,13,16.87,N,79,26,48.67,W,1437.3,666.7
AXQ,24,PAPI-2L,40,3,41,13,41.11,N,79,26,16.91,W,1455.4,885
AXS,17,PAPI-4L,40,3,34,42,14.43,N,99,20,18.55,W,1427.7,854.6
AXS,35,PAPI-4L,40,3,34,41,35.54,N,99,20,18.43,W,1414.7,714.7
AXV,8,PAPI-4L,50,4,40,29,33.7352,N,84,18,9.7461,W,912.2,727
AXV,26,PAPI-4L,40,3,40,29,40.7811,N,84,17,31.0603,W,908.9,765
AXX,17,PAPI-2L,42.3,3.05,36,25,55.752,N,105,17,22.275,W,8324.7,750
AYS,1,PAPI-2L,32.8,3,31,14,26.14,N,82,23,53.36,W,136.2,600
AYS,19,PAPI-2L,45.1,3,31,15,10.98,N,82,23,54.05,W,140.7,860
AZC,2,PAPI-4L,40,3,36,57,19.29,N,113,0,56.43,W,4844.4,723
AZC,11,PAPI-4L,40,3,36,57,48.82,N,113,1,17.97,W,4849,773
AZC,29,PAPI-4L,40,3,36,57,23.71,N,113,0,28.97,W,4854.4,807
AZE,15,PAPI-2L,26.1,3,31,53,22.927,N,82,39,8.037,W,227.1,382
AZE,33,PAPI-2L,27.1,3,31,52,51.083,N,82,38,37.398,W,252.9,466
AZO,5,PAPI-4L,28,3,42,14,8.98,N,85,33,24.464,W,873.9,488
AZO,17,PAPI-4L,45,3,42,14,20.865,N,85,33,4.54,W,860.9,827
AZO,23,PAPI-4L,38,3.5,42,14,25.883,N,85,33,1.768,W,856.3,533
AZO,35,PAPI-4L,53,3,42,13,35.661,N,85,32,55.01,W,867,1043
B19,6,PAPI-4L,31,3.5,43,27,43.076,N,70,28,29.785,W,151.8,466
BAB,15,PAPI-4L,53.5,2.75,39,8,54.985,N,121,26,31.221,W,108.9,1193
BAB,33,PAPI-4L,51.2,3,39,7,23.096,N,121,25,51.402,W,104.1,996
BAC,13,PAPI-2L,28.2,3,46,56,46.521,N,98,1,14.633,W,1398.3,601
BAC,31,PAPI-2L,27.6,3,46,56,25.263,N,98,0,42.505,W,1386.3,500
BAD,15,PAPI-4L,53.2,2.5,32,30,47.86,N,93,40,11.74,W,165,1172
BAD,33,PAPI-4L,50.3,2.5,32,29,25.76,N,93,39,18.98,W,161.4,1138
BAF,2,PAPI-4L,50,3,42,8,52,N,72,43,5.59,W,263.2,917
BAF,15,PAPI-4L,40.6,3.5,42,9,42.321,N,72,43,8.878,W,265,625
BAF,20,PAPI-4L,50,3,42,10,1.35,N,72,42,48.8,W,267.8,949
BAF,33,PAPI-4L,42,4,42,9,17.197,N,72,42,40.749,W,250.5,574
BAK,5,PAPI-4L,49.5,3,39,15,25.126,N,85,54,9.508,W,651.1,897
BAK,14,PAPI-4L,45,3,39,15,56.055,N,85,53,58.437,W,653.9,926
BAK,23,PAPI-4L,51.5,3,39,15,56.556,N,85,53,29.021,W,654.9,1003
BAK,32,PAPI-4L,45,3,39,15,33.688,N,85,53,29.713,W,652.1,876
BAM,4,PAPI-4R,50,3.2,40,35,43.663,N,116,52,57.053,W,4535,904
BAM,22,PAPI-4L,51,3,40,36,18.816,N,116,52,3.837,W,4531.8,962
BAX,4,PAPI-4L,25,3,43,46,49.723,N,82,59,15.694,W,756.4,465
BAX,17,PAPI-4L,40,3,43,46,58.632,N,82,59,12.381,W,762.6,778
BAX,22,PAPI-4L,45,3.5,43,47,7.378,N,82,59,2.543,W,763.8,698
BAX,35,PAPI-4L,41,3,43,46,25.661,N,82,58,59.999,W,753.6,762
BAZ,13,PAPI-4L,50.4,3,29,42,46.747,N,98,2,51.254,W,652.4,1077
BAZ,31,PAPI-4L,50,3,29,42,14.857,N,98,2,15.641,W,644.8,925
BBB,14,PAPI-4L,40,3,45,20,4.77,N,95,39,12.35,W,1038.2,764
BBB,32,PAPI-4L,41,3,45,19,45.49,N,95,38,52.13,W,1038,808
BBD,17,PAPI-2L,40,3,31,10,59.62,N,99,19,28.63,W,1826.9,753.5
BBD,35,PAPI-2L,48.2,3,31,10,29.02,N,99,19,28.72,W,1800.8,759
BBG,14,PAPI-4L,51.3,3,36,32,17.53,N,93,12,21.07,W,1261.7,850
BBG,32,PAPI-4L,50.3,3,36,31,35.08,N,93,11,44.25,W,1297.1,1050
BBP,7,PAPI-2L,45.4,3,34,37,9.11,N,79,44,20.84,W,141.4,802
BBP,25,PAPI-2L,39.8,3,34,37,27.17,N,79,43,46.56,W,144.5,804
BBW,14,PAPI-2L,40,3,41,26,21.054,N,99,38,39.794,W,2537.5,933
BBW,32,PAPI-2L,40,3,41,25,59.581,N,99,38,22.346,W,2525.4,722
BCB,13,PAPI-4L,55,3.44,37,12,41.867,N,80,25,3.188,W,2116.4,962
BCB,31,PAPI-2L,50,3,37,12,26.465,N,80,24,25.686,W,2110.3,1128
BCE,3,PAPI-2L,44,3,37,42,4.606,N,112,9,9.749,W,7584.1,951
BCE,21,PAPI-2L,43.4,3,37,42,43.05,N,112,8,18.348,W,7557.4,768
BCK,8,PAPI-2L,27,3,44,14,59.78,N,90,51,42.87,W,824.4,540
BCK,26,PAPI-2L,27,3.5,44,15,5.45,N,90,50,56,W,834.5,600
BCR,1,PAPI-2L,43.5,3,30,50,20.104,N,85,36,9.83,W,84.1,866
BCR,19,PAPI-2L,45.4,3,30,50,55.862,N,85,36,2.767,W,84,867
BCT,5,PAPI-4R,45.8,3.25,26,22,30.981,N,80,6,40.257,W,11.7,809
BCT,23,PAPI-4L,45.5,3.25,26,22,56.35,N,80,6,12.73,W,12.4,811
BDE,12,PAPI-4L,45,3,48,43,52.01,N,94,37,8.306,W,1085.4,847
BDE,30,PAPI-4L,50,3,48,43,33.198,N,94,36,20.654,W,1084.6,930
BDG,17,PAPI-2L,39.7,3,37,35,17.671,N,109,28,59.817,W,5849.6,1104
BDG,35,PAPI-2L,40.4,3,37,34,37.228,N,109,28,59.856,W,5784.3,584
BDH,13,PAPI-4R,49.7,3,45,7,15.157,N,95,8,15.586,W,1123.2,948
BDH,31,PAPI-4L,49.2,3,45,6,52.44,N,95,7,36.978,W,1125,952
BDL,6,PAPI-4L,71,3,41,56,4.973,N,72,41,34.947,W,171.4,1377
BDL,15,PAPI-4L,61,3.5,41,56,25.849,N,72,41,26.431,W,169.7,981
BDL,24,PAPI-4L,71,3,41,56,53.416,N,72,40,31.445,W,166.5,1272
BDL,33,PAPI-4R,72.4,3,41,55,54.865,N,72,40,44.014,W,171,1381
BDN,17,PAPI-4L,38.3,3,44,5,58.804,N,121,12,0.779,W,3405.3,738
BDN,35,PAPI-4L,44.1,3,44,5,25.54,N,121,12,0.81,W,3446.6,1068
BDQ,27,PAPI-2L,46.8,3.5,35,8,10.339,N,92,42,34.095,W,312,732
BDR,6,PAPI-4R,50.5,3,41,9,32.134,N,73,7,46.06,W,6.7,971
BDR,11,PAPI-4R,40,3.5,41,9,57.562,N,73,7,57.215,W,6.7,667
BDR,24,PAPI-4L,52,3,41,9,49.112,N,73,7,23.597,W,6.7,956
BDR,29,PAPI-4L,55,3,41,9,53.966,N,73,7,22.597,W,6.3,1055
BDU,26,PAPI-4L,40,3.5,40,2,20.737,N,105,13,15.528,W,5281.8,605
BEA,12,PAPI-2L,20,3,28,21,54.41,N,97,47,42.92,W,268,475
BEA,30,PAPI-2L,42.9,3,28,21,31.03,N,97,47,12.47,W,262,475
BEC,1,PAPI-4L,45,3,37,41,8.9,N,97,13,1.25,W,1374.2,789
BEC,19,PAPI-4L,45,3,37,42,8.13,N,97,12,46.04,W,1405.4,900
BED,5,PAPI-4L,55,3.5,42,27,55.449,N,71,17,41.486,W,128.1,899
BED,11,PAPI-4L,67,3,42,28,16.88,N,71,17,42.96,W,128.3,1380
BED,23,PAPI-4R,55,3.2,42,28,20.842,N,71,17,15.52,W,127.8,984
BED,29,PAPI-4R,52,3,42,28,11.17,N,71,16,41.31,W,125.6,973.6
BEH,10,PAPI-4L,34,3,42,7,40.473,N,86,25,53.008,W,626.8,663
BEH,14,PAPI-2L,36.1,3.5,42,7,52.532,N,86,25,54.113,W,628.6,564
BEH,28,PAPI-4L,44.1,3,42,7,40.12,N,86,24,53.606,W,647.8,866
BEH,32,PAPI-2L,36.4,3.5,42,7,39.243,N,86,25,34.136,W,629.6,622
BET,,VASI-4L,38.9,3,60,46,25.05,N,161,50,30.68,W,124.9,740
BET,,PAPI-4L,31.2,3,60,46,21.13,N,161,50,18.81,W,116.5,610.1
BET,,PAPI-4L,31.7,3,60,46,46.6,N,161,49,56.19,W,113.4,570.1
BET,,VASI-4L,52,3,60,47,8.05,N,161,49,52.51,W,104.8,900
BFA,35,PAPI-2L,40,3,45,9,44.597,N,84,55,23.479,W,716.5,812
BFD,14,VASI-4L,42.3,3,41,48,28.846,N,78,38,49.19,W,2114.7,683
BFD,23,PAPI-4L,40,3,41,48,17.7,N,78,38,9.934,W,2130.2,1002
BFE,2,PAPI-2L,43,3,33,10,4.19,N,102,11,44.77,W,3255,830
BFE,20,PAPI-2L,41.2,3,33,10,35.47,N,102,11,26.64,W,3262.5,870
BFF,5,VASI-4L,49.8,3,41,52,14.71,N,103,36,26.65,W,3947.3,950
BFF,12,PAPI-4L,57.2,3,41,52,48.35,N,103,36,7.51,W,3960.5,1115
BFF,12,PAPI-4L,57.2,3,41,52,48.35,N,103,36,7.51,W,3960.5,1115
BFF,23,PAPI-4L,52,3,41,52,36.67,N,103,35,13.56,W,3962.5,1090
BFF,30,PAPI-4L,53,3,41,52,4.66,N,103,35,10.26,W,3946.6,972
BFI,,PAPI-2L,40,3,47,32,8.106,N,122,18,19.451,W,16.6,773
BFI,,PAPI-4L,55.2,3,47,32,16.791,N,122,18,33.125,W,16.9,1070
BFI,,PAPI-4L,65.5,3.1,47,31,18.4358,N,122,17,43.7868,W,20.4,1237
BFI,,PAPI-2L,39.1,3,47,31,54.758,N,122,18,8.162,W,16.7,753
BFL,,PAPI-4L,50,3,35,26,40.12,N,119,4,8.476,W,509.5,954
BFL,,PAPI-4L,25,3,35,26,15.923,N,119,3,51.971,W,486,506
BFL,,PAPI-4L,25.3,3,35,25,39.077,N,119,3,7.444,W,469.1,456
BFL,,PAPI-4L,50.7,3,35,26,1.078,N,119,3,21.287,W,486.8,923
BFM,14,PAPI-4L,68.1,3,30,37,49.387,N,88,4,37.95,W,25.2,1303
BFM,18,PAPI-4L,63.9,3,30,38,19.29,N,88,3,57.294,W,25.4,1201
BFM,32,PAPI-4L,71.4,3,30,36,57.195,N,88,3,45.024,W,22.1,1301
BFM,36,PAPI-4L,62,3,30,37,25.534,N,88,3,57.262,W,24.9,1168
BFR,31,PAPI-2L,43.7,3.5,38,50,19.97,N,86,26,32.18,W,728,650
BFZ,5,PAPI-2L,42.1,3,34,13,29.585,N,86,15,41.288,W,1006.4,745
BFZ,23,PAPI-2L,41.8,3,34,13,59.005,N,86,15,1.498,W,1026.9,896
BGD,17,PAPI-4L,58.3,3,35,42,29.18,N,101,23,37.21,W,3020,694
BGD,35,PAPI-4R,41.3,3,35,41,40.61,N,101,23,35.52,W,3060,691
BGE,9,PAPI-2L,40,3,30,58,22.18,N,84,38,26.69,W,139.8,800
BGE,27,PAPI-2L,39.3,3,30,58,22.38,N,84,37,41.3,W,129.1,750
BGF,18,PAPI-2L,29.4,3.5,35,10,58.895,N,86,3,57.477,W,970.5,501
BGF,36,PAPI-2L,31.7,3.5,35,10,19.337,N,86,3,58.92,W,976.2,500
BGM,10,VASI-4L,53.4,3,42,12,18.802,N,75,59,6.002,W,1589,1053
BGM,16,PAPI-2L,61.3,3,42,12,55.201,N,75,59,0.924,W,1624.9,1176
BGM,28,VASI-4L,44.6,3,42,12,20.741,N,75,58,22.675,W,1578.9,681
BGM,34,PAPI-2L,64,3,42,12,14.69,N,75,58,27.284,W,1576.8,704
BGR,15,PAPI-4L,55,3,44,48,58.65,N,68,50,27.33,W,190,1088.9
BGR,33,PAPI-4L,57.3,3,44,47,55.91,N,68,48,56.65,W,155.7,1234.7
BGTL,8,PAPI-4L,48.9,3,76,31,48.696,N,68,45,9.393,W,177,761.986
BHB,4,VASI-4L,55,3,44,26,47.31,N,68,21,56.27,W,83.2,1049
BHB,22,VASI-4L,55,3,44,27,16.1,N,68,21,37.87,W,74.4,945
BHC,8,PAPI-2L,31.4,3,31,42,44.92,N,82,23,58.89,W,202.1,600
BHC,26,PAPI-2L,31.4,3,31,42,54.74,N,82,23,16.38,W,202.1,600
BHK,13,PAPI-2L,38.7,3.25,46,21,4.667,N,104,15,51.308,W,2963.7,644
BHK,31,PAPI-2L,28.1,3,46,20,30.83,N,104,15,6.88,W,2976.5,626
BHM,6,PAPI-4L,68.3,3,33,33,24.25,N,86,46,5.423,W,603.6,1256
BHM,18,PAPI-4L,51.3,3.2,33,34,12.023,N,86,44,49.891,W,630.4,1167
BHM,24,PAPI-4L,68.7,3,33,34,9.163,N,86,44,47.44,W,628,1536.02
BIAR,1,PAPI-4L,53,3.5,65,38,53.92,N,18,4,13.48,W,9,905
BIAR,19,PAPI-4L,50.5,3,65,39,52.38,N,18,4,24.53,W,7,1010
BID,10,PAPI-4R,47.5,3.5,41,10,4.746,N,71,34,46.066,W,106.1,802
BID,28,PAPI-4L,35.4,3,41,10,5.87,N,71,34,32.42,W,102.9,650
BIE,36,PAPI-2L,41.4,3,40,17,48.42,N,96,45,12.71,W,1301,850
BIF,4,PAPI-4L,75,3,31,50,20.114,N,106,23,31.225,W,3911.4,1422
BIF,22,PAPI-4L,75,3,31,51,35.666,N,106,22,6.099,W,3942.6,1538.7
BIG,1,PAPI-4L,79.9,3,63,59,33.949,N,145,43,36.772,W,1267,1693
BIG,11,PAPI-4L,76,3,63,59,51.09,N,145,43,41.6,W,1255.9,1411.1
BIG,19,PAPI-4L,79.3,3,64,0,8.488,N,145,42,51.791,W,1239,1266.53
BIG,29,PAPI-4L,74,3,63,59,32.587,N,145,42,40.596,W,1262.4,1393.5
BIH,8,PAPI-2L,29.5,3.5,37,22,25.096,N,118,22,20.569,W,4122.4,510
BIH,12,PAPI-4L,48,3,37,22,41.797,N,118,22,15.747,W,4120.7,952
BIH,17,PAPI-4L,50,3.5,37,22,42.466,N,118,21,41.988,W,4112,827
BIH,26,PAPI-2L,25,3,37,22,24.701,N,118,21,23.348,W,4102.3,437
BIH,30,PAPI-4L,52,3.52,37,22,1.256,N,118,21,25.817,W,4103.1,795
BIH,35,PAPI-4L,50,3,37,22,4.218,N,118,21,42.399,W,4107.6,903
BIJ,5,PAPI-2L,34,3,31,23,37.84,N,84,53,59.3,W,211.5,700
BIJ,23,PAPI-2L,30.2,3,31,24,4.77,N,84,53,22.48,W,203.5,600
BIKF,11,PAPI-2L,67.2,3,63,59,6.15,N,22,38,50.68,W,114.3,1220
BIL,7,PAPI-4L,31,3,45,48,28.63,N,108,33,16.91,W,3617.4,951
BIL,,PAPI-4L,50.7,3,45,48,41.67,N,108,33,2.42,W,3575.4,1138.3
BIL,25,PAPI-4R,36,3,45,48,32.81,N,108,32,19.94,W,3543.8,495
BIL,,PAPI-4R,56,3,45,48,10.8,N,108,31,11.69,W,3495.2,935.9
BIS,3,PAPI-4L,48.2,3,46,45,53.741,N,100,44,44.481,W,1650.6,1085
BIS,13,PAPI-4L,58,3,46,46,54.257,N,100,45,31.827,W,1654.5,1094
BIS,21,PAPI-4L,48.2,3,46,46,27.7,N,100,44,4.405,W,1651.3,1085
BIS,31,PAPI-4L,48.2,3,46,46,4.791,N,100,44,26.065,W,1644.7,912
BIV,8,PAPI-4L,40,3,42,44,30.38,N,86,6,55.38,W,691.2,938
BIV,26,PAPI-4L,33,3,42,44,38.03,N,86,5,58.22,W,680.7,729
BIX,4,PAPI-4L,47.5,3,30,24,27.444,N,88,55,36.257,W,19.6,964
BIX,22,PAPI-4L,55,3,30,24,51.747,N,88,55,16.294,W,17,1052
BJC,3,PAPI-2L,30,3,39,54,25.65,N,105,7,1.1,W,5618,550
BJC,,PAPI-4L,40.6,3,39,54,49.98,N,105,7,32.63,W,5655.9,910.5
BJC,,PAPI-2L,40,3,39,54,45.53,N,105,7,42.95,W,5663,1000
BJC,21,PAPI-2L,40,3,39,54,44.65,N,105,6,44.25,W,5602,720
BJC,,PAPI-2L,41,3,39,54,15.85,N,105,6,46.43,W,5601,670
BJC,,PAPI-4L,52,3,39,54,9.39,N,105,6,15.36,W,5571.7,797
BJI,7,PAPI-4L,43.9,3,47,30,28.272,N,94,56,25.394,W,1384.9,801
BJI,13,PAPI-4L,45,3,47,31,0.447,N,94,56,39.378,W,1390.9,869
BJI,25,PAPI-4L,47.3,3,47,30,39.288,N,94,55,28.702,W,1382.2,850
BJI,31,PAPI-4L,45.1,3,47,30,24.069,N,94,55,43.775,W,1385.9,828
BJJ,10,PAPI-4L,32.6,3.04,40,52,29.4387,N,81,53,42.3953,W,1107.2,701
BJJ,28,VASI-4R,32.6,3,40,52,29.4349,N,81,52,57.1754,W,1123.8,797
BKD,17,PAPI-2L,40,3,32,43,24.201,N,98,53,27.518,W,1251.5,842
BKD,35,PAPI-2L,40,3,32,42,52.41,N,98,53,27.27,W,1274.5,947
BKE,13,VASI-4L,46.5,3,44,50,25.388,N,117,48,40.706,W,3366.7,866
BKF,14,PAPI-4L,40,3,39,42,47.833,N,104,45,36.794,W,5588.5,705
BKF,32,PAPI-4L,44,3,39,41,28.35,N,104,44,39.91,W,5651.3,1110
BKH,16,PAPI-4L,40.1,3,22,1,43.804,N,159,47,10.376,W,23,765
BKH,34,PAPI-4L,40.2,3,22,1,0.125,N,159,47,2.107,W,19.8,761
BKL,,PAPI-4R,45,3,41,30,56.305,N,81,41,19.898,W,581.7,855
BKL,,PAPI-4R,42.2,3,41,31,18.192,N,81,40,33.449,W,582.6,800
BKN,17,PAPI-2L,40,3,36,44,50.85,N,97,20,58.54,W,1023,895.8
BKN,35,PAPI-2L,40,3,36,44,32.03,N,97,20,58.47,W,1012.5,700.5
BKS,17,PAPI-4L,45,3,27,12,43.874,N,98,7,12.435,W,110.2,883
BKS,35,PAPI-4L,45,3,27,12,1.569,N,98,7,12.356,W,111.2,851
BKV,3,PAPI-4L,39.8,3,28,27,57.62,N,82,27,6.522,W,67.5,759
BKV,9,PAPI-4L,58,3,28,28,33.306,N,82,28,2.999,W,75.1,1000
BKV,21,PAPI-4L,44.3,3,28,28,22.445,N,82,26,52.774,W,78.3,649
BKV,27,PAPI-4L,52.5,3,28,28,33.472,N,82,27,6.976,W,69.1,1001
BKW,1,PAPI-4L,40,3,37,47,3.66,N,81,7,31.44,W,2487.5,838.6
BKW,10,VASI-4R,60.6,3,37,46,57.41,N,81,7,46.92,W,2501.7,850
BKW,19,PAPI-4L,55,3,37,47,52.2,N,81,7,23.4,W,2451.5,958
BKW,28,VASI-4L,65.6,3.75,37,46,53.34,N,81,7,8.03,W,2503.6,1000
BKX,12,PAPI-4L,50,3,44,18,25.083,N,96,49,28.748,W,1608.1,850
BKX,17,PAPI-2L,25.1,3,44,18,31.435,N,96,49,17.913,W,1608.7,500
BKX,30,PAPI-4L,34.5,3,44,18,4.104,N,96,48,34.981,W,1634.5,700
BKX,35,PAPI-2L,24.1,3,44,18,7.771,N,96,49,16.119,W,1633.3,700
BLF,5,PAPI-4L,40.4,3,37,17,34.217,N,81,12,39.624,W,2846.2,851
BLF,23,PAPI-4L,65,3,37,17,53.35,N,81,12,18.157,W,2853.9,1293
BLI,16,PAPI-4L,50,3,48,47,56.304,N,122,32,15.161,W,158.7,1058
BLI,34,PAPI-4L,50,3,48,47,11.744,N,122,32,14.975,W,161.9,1126
BLV,,PAPI-4R,70.9,3,38,33,12.631,N,89,49,48.906,W,441.4,1349
BLV,,PAPI-4L,50,3,38,32,58.82,N,89,51,33.623,W,452.2,1081
BLV,,PAPI-4L,49.8,3,38,32,17.257,N,89,50,43.475,W,437.3,947
BLV,,PAPI-4L,70.7,3,38,32,20.233,N,89,48,45.72,W,441.6,1350
BMC,17,PAPI-2L,41.3,3,41,33,51.2989,N,112,3,42.9741,W,4226.9,837.981
BMC,35,PAPI-2L,41.9,3,41,32,39.7663,N,112,3,45.1142,W,4227.6,836.907
BMG,17,PAPI-4L,40.9,3,39,9,21.789,N,86,37,3.834,W,844.7,791
BMG,24,PAPI-4L,36.9,4,39,8,30.388,N,86,36,48.565,W,840.1,534
BMI,2,PAPI-4R,75,3,40,28,2.851,N,88,54,52.501,W,863.4,1305
BMI,11,VASI-4R,42.8,3,40,28,56.47,N,88,55,45.96,W,868.6,850
BML,18,PAPI-4L,64.6,3.5,44,34,45.72,N,71,10,41.04,W,1161,1040
BMQ,1,PAPI-4L,42.6,3,30,44,3.983,N,98,14,24.407,W,1259.1,801
BMQ,19,PAPI-4L,45,3.03,30,44,35.826,N,98,14,13.743,W,1284,850
BMT,13,PAPI-4L,40,3,30,4,20.3,N,94,13,4.41,W,29.2,794
BMT,31,PAPI-4L,40,4,30,4,5.6,N,94,12,45.84,W,30.3,601
BNA,,PAPI-4L,64.2,3,36,6,22.27,N,86,41,12.547,W,576,1093
BNA,,PAPI-4R,54.7,3,36,7,14.066,N,86,41,7.22,W,595.4,1107
BNA,,PAPI-4L,68,3,36,7,16.462,N,86,40,50.864,W,579.7,1146
BNA,,PAPI-4L,49.7,3,36,7,52.481,N,86,39,36.811,W,542,907
BNA,,PAPI-4R,78.5,3,36,8,3.954,N,86,40,47.651,W,565.8,1303
BNA,31,PAPI-4R,51.1,3,36,7,25.927,N,86,40,21.312,W,573.7,1049
BNL,17,PAPI-2L,54.8,3.04,33,15,43.585,N,81,23,10.079,W,241.2,945
BNL,35,PAPI-2L,45.3,3,33,15,12.676,N,81,22,56.997,W,245.4,858
BNO,3,PAPI-2L,36.2,3,43,35,23.346,N,118,57,22.265,W,4148.2,670
BNO,12,VASI-2L,43.4,3,43,35,43.222,N,118,57,42.919,W,4146.5,851
BNO,21,PAPI-2L,37.2,3,43,35,40.948,N,118,56,55.814,W,4144.7,690
BNO,30,VASI-2L,46.7,3,43,35,19.703,N,118,57,10.002,W,4146.3,852
BNW,15,PAPI-2L,24.8,3,42,3,10.53,N,93,50,58.93,W,1137.4,462.7
BNW,33,PAPI-2L,24.8,3,42,2,38.8,N,93,50,33.64,W,1138.6,470.1
BOI,,PAPI-4R,53.1,3,43,34,8.897,N,116,14,1.569,W,2835.4,920
BOI,,VASI-4L,64,3,43,34,7.511,N,116,14,19.892,W,2832,1100
BOI,,VASI-4L,50,3,43,33,35.281,N,116,12,45.453,W,2858.1,981
BOI,,PAPI-4L,69.9,3,43,33,36.958,N,116,12,28,W,2864.4,1468
BOK,12,PAPI-2L,40,4,42,4,32.886,N,124,17,29.923,W,460,600
BOK,30,PAPI-2L,44.8,3,42,4,19.737,N,124,17,16.8,W,447.6,642
BOS,,PAPI-4L,50.7,3.1,42,21,37.796,N,71,0,47.248,W,13.7,972
BOS,,PAPI-4L,67,3,42,21,26.8,N,71,0,31.342,W,15.6,1318
BOS,,PAPI-4L,71,3,42,22,11.394,N,71,0,42.977,W,14.7,1400
BOS,,PAPI-4R,71,3,42,22,13.031,N,71,0,8.974,W,15.2,1362
BOS,,PAPI-4L,50,3,42,22,25.134,N,71,0,24.347,W,14.6,982
BOS,27,PAPI-4L,71,3,42,21,33.679,N,70,59,33.23,W,16.9,1351
BOS,32,PAPI-4L,45,3,42,20,59.904,N,71,0,38.978,W,19.1,859
BOS,,PAPI-4R,68,3,42,21,25.682,N,70,59,41.691,W,16,1276
BOS,,PAPI-4R,40.4,3,42,22,10.934,N,71,0,14.172,W,14.4,764
BOW,5,PAPI-4L,51.2,3.5,27,56,22.641,N,81,47,15.618,W,111.8,774
BOW,,PAPI-4L,46.1,3,27,56,40.803,N,81,47,16.967,W,119.6,829
BOW,23,PAPI-4L,48.4,3.5,27,56,46.338,N,81,46,47.905,W,123.1,776
BOW,,PAPI-4L,33.8,3,27,56,42.594,N,81,46,37.423,W,115.8,620
BPG,6,PAPI-2L,40,3,32,12,24.5289,N,101,31,37.5459,W,2552,671
BPG,17,PAPI-4L,45.1,3,32,13,29.4709,N,101,31,15.3787,W,2556.2,717
BPG,24,PAPI-2L,40,3,32,12,36.2194,N,101,31,5.3372,W,2564.7,921
BPG,35,PAPI-4L,35.9,3,32,12,16.177,N,101,31,18.2164,W,2561.9,674
BPI,14,PAPI-2L,34,3,42,35,28.395,N,110,6,59.096,W,6988.4,748
BPI,32,PAPI-2L,32.5,3,42,34,42.464,N,110,6,19.797,W,6952.4,551
BPK,5,PAPI-4R,38.3,3,36,21,58.048,N,92,28,29.797,W,922.4,842
BPK,23,PAPI-2L,45.8,4,36,22,19.573,N,92,27,56.003,W,912.1,640
BPT,16,PAPI-4R,53.3,3,29,57,19.04,N,94,1,28.498,W,15.4,1012
BPT,30,VASI-4L,54,3,29,56,49.845,N,94,0,44.047,W,6.3,1003
BPT,34,VASI-4L,53,3,29,56,49.693,N,94,1,20.07,W,10.7,1003
BQK,7,PAPI-4L,58.1,3,31,15,20.408,N,81,28,29.486,W,22.1,1064
BQK,25,PAPI-4L,50.3,3,31,15,45.238,N,81,27,26.482,W,22.4,920
BQN,8,PAPI-4L,74.7,3,18,29,29.852,N,67,8,24.382,W,226.8,1586
BQN,26,PAPI-4L,75.2,3,18,29,55.118,N,67,7,0.846,W,201.6,1293
BQP,16,PAPI-2L,50,3,32,45,32.61,N,91,52,53.74,W,162.8,875
BQP,34,PAPI-2L,50,3,32,45,11.28,N,91,52,46.33,W,166.2,878
BQR,9,PAPI-2R,40,3,42,55,17.514,N,78,36,53.831,W,752.1,776.99
BQR,27,PAPI-2L,40,3,42,55,21.217,N,78,36,32.281,W,750.8,775
BRD,5,VASI-4L,45.1,3,46,23,45.72,N,94,8,36.89,W,1220.3,860
BRD,16,PAPI-4L,45,3,46,24,54.42,N,94,8,5.92,W,1226,890
BRD,23,PAPI-4L,49.6,3,46,24,13.31,N,94,7,42.92,W,1223.6,948
BRD,34,PAPI-4R,46.4,3,46,24,5.52,N,94,7,43.84,W,1224.9,1020
BRG,21,PVASI-PSIL,41.5,3,34,39,0.126,N,106,49,40.168,W,5173.6,800.145
BRL,12,VASI-4L,39,3,40,47,25.41,N,91,8,1.07,W,691.9,750
BRL,18,PAPI-4L,40,3,40,47,6.414,N,91,7,26.053,W,696.8,735.2
BRL,30,PAPI-4L,29.5,3,40,47,8.37,N,91,7,21.52,W,694.9,604
BRO,18,PAPI-4L,50,3,25,54,42.616,N,97,25,44.341,W,17.7,988
BRO,31,PAPI-4L,68,3,25,54,3.479,N,97,25,6.157,W,17.5,1347
BRO,36,VASI-4L,50.9,3,25,54,4.808,N,97,25,45.907,W,20.6,1003
BRW,8,PAPI-4R,50.5,3,71,17,5.54,N,156,47,7.27,W,51.1,978
BRW,26,PAPI-4L,50,3,71,17,5.56,N,156,45,4.5,W,44.2,914
BRY,3,PAPI-2L,40.5,3.5,37,48,34.034,N,85,30,7.407,W,639.4,596
BRY,21,PAPI-2L,27.6,3,37,49,9.004,N,85,29,50.037,W,665.4,605
BSF,9,PAPI-4L,30,3,19,45,38.48,N,155,33,27.04,W,6095.9,535.9
BTA,13,PAPI-2L,39.9,3,41,25,2.726,N,96,6,43.844,W,1315.5,802
BTA,31,PAPI-2L,40.2,3,41,24,43.034,N,96,6,19.622,W,1302.9,682
BTI,7,PAPI-2L,30.5,3,70,6,47.195,N,143,40,0.035,W,52.2,621
BTI,25,PAPI-2L,30.2,3,70,6,47.219,N,143,38,24.612,W,49.6,576
BTL,,PAPI-4L,47.8,3,42,17,51.7062,N,85,15,48.7636,W,948.2,972
BTL,,PAPI-4L,25,3,42,18,1.6103,N,85,14,56.1518,W,923.3,506
BTL,13,PAPI-4L,42.3,3,42,18,46.628,N,85,15,8.4336,W,921.4,753
BTL,,PAPI-4L,29.6,3,42,18,23.3852,N,85,14,29.1709,W,928,599
BTL,,PAPI-4L,49,3,42,18,50.8315,N,85,14,35.5136,W,928.7,900
BTL,31,PAPI-4L,25,3,42,18,25.715,N,85,14,29.7888,W,928.4,490
BTM,12,PAPI-2L,40.7,4,45,57,28.882,N,112,30,14.5,W,5522.3,560
BTM,15,PAPI-4L,54.5,3.5,45,57,53.061,N,112,30,1.692,W,5511.1,819
BTM,30,PAPI-2L,47.3,4,45,57,4.536,N,112,29,31.589,W,5533.9,630
BTM,33,VASI-2L,74.4,3,45,56,48.371,N,112,29,40.058,W,5548.8,1450
BTN,13,PAPI-2L,37.7,3,45,49,1.29,N,97,44,45.03,W,1315.7,700
BTN,31,PAPI-2L,32.5,3.2,45,48,41.73,N,97,44,16.92,W,1314,700
BTP,8,PAPI-4L,52.9,3,40,46,31.05,N,79,57,22.83,W,1235.6,870
BTP,26,PAPI-4L,51.8,3.5,40,46,40.7,N,79,56,43.9,W,1247.5,781.4
BTR,,PAPI-4L,56,3,30,32,14.588,N,91,8,36.079,W,69.5,1064
BTR,31,VASI-4L,64.3,3,30,31,45.748,N,91,8,49.405,W,68.9,1228.586
BTT,2,VASI-4L,36.3,3,66,54,33.946,N,151,32,10.68,W,637.7,644
BTT,20,VASI-4L,52,3,66,55,3.45,N,151,31,23.222,W,644.7,1000
BTV,1,PAPI-4L,26.5,4,44,27,55.843,N,73,9,4.89,W,331.8,397
BTV,15,PAPI-4R,51,3,44,28,44.891,N,73,9,48.208,W,312.2,858
BTV,19,PAPI-4R,47.3,3.5,44,28,17.794,N,73,9,9.513,W,331.3,742
BTV,33,PAPI-4R,53,3.2,44,28,6.2,N,73,8,45.652,W,333.6,967
BUB,15,PAPI-2L,40.1,3,41,46,50.657,N,99,9,6.593,W,2175.1,716
BUB,33,PAPI-2L,40,3,41,46,28.596,N,99,8,55.29,W,2182,792
BUF,5,PAPI-4L,49.7,3,42,56,1.698,N,78,44,17.767,W,689.8,784
BUF,14,PAPI-4L,53.1,3,42,56,41.543,N,78,44,16.636,W,703.6,928
BUF,23,PAPI-4R,51.6,3,42,56,42.9,N,78,43,23.721,W,724.4,991
BUF,32,PAPI-4L,54.2,3,42,56,16.949,N,78,43,31.665,W,707.2,1023
BUM,18,PAPI-2L,39.6,2.9,38,17,35.024,N,94,20,23.959,W,869.7,798.85
BUM,36,PAPI-2L,38.4,2.9,38,17,11.306,N,94,20,24.961,W,890.6,799.41
BUR,8,PAPI-4L,61.2,3,34,11,52.278,N,118,21,54.023,W,723,1251
BUR,15,PAPI-4L,35,3.25,34,12,28.058,N,118,21,33.137,W,758,790
BUR,33,PAPI-4L,62.4,3.2,34,11,50.179,N,118,21,22.679,W,707.9,907
BUU,11,PAPI-2L,36.1,3.5,42,41,34.899,N,88,18,38.772,W,778.6,571
BUU,29,PAPI-2L,45.5,3.25,42,41,25.584,N,88,18,1.637,W,775.8,800
BUY,6,PAPI-4L,45.3,3,36,2,45.491,N,79,28,44.24,W,613.1,975
BUY,24,PAPI-4L,59,3,36,3,11.236,N,79,28,3.492,W,583.3,1191
BVI,10,PAPI-4L,41.5,3,40,46,21.94,N,80,23,49.58,W,1210.3,674.4
BVI,28,PAPI-4L,43.3,3,40,46,20.03,N,80,23,12.2,W,1246.3,943.2
BVN,15,PAPI-2L,40.2,3,41,43,51.983,N,98,3,26.734,W,1802.5,822
BVN,33,PAPI-2L,40,3,41,43,32.328,N,98,3,13.785,W,1783.1,659
BVO,17,PAPI-4L,52.9,3,36,46,12.06,N,96,0,40.85,W,685.8,1000
BVO,35,PAPI-4L,44.9,3,36,45,30.54,N,96,0,39.82,W,703.7,1000
BVS,4,PAPI-2L,42.7,4,48,27,50.092,N,122,25,28.404,W,83.7,583
BVS,11,PAPI-4L,42.7,3,48,28,34.831,N,122,25,40.315,W,139.4,924
BVS,22,PAPI-2L,44.2,3,48,27,58.2,N,122,25,10.019,W,87.6,930
BVS,29,PAPI-4L,42,3,48,28,12.219,N,122,24,54.266,W,108.5,698
BVU,9,PAPI-2L,40.4,3,35,56,49.734,N,114,52,0.455,W,2113.6,672
BVU,27,PAPI-2L,40,3,35,56,44.212,N,114,51,20.855,W,2134.4,827
BVU,33,PAPI-2L,44.4,3,35,56,42.198,N,114,51,38.352,W,2113.6,563
BVX,8,PAPI-4L,45.3,3,35,43,24.468,N,91,39,30.427,W,455.1,808
BVX,26,PAPI-4L,45.2,3,35,43,32.059,N,91,38,38.672,W,464.7,858
BVY,9,PAPI-4L,42.9,3,42,34,49.082,N,70,55,19.493,W,74.9,748
BVY,16,PAPI-4L,41.3,3.5,42,35,23.825,N,70,55,10.967,W,105.4,700
BVY,27,PAPI-4L,45.8,3.22,42,34,56.788,N,70,54,42.455,W,87.3,878
BWC,8,PAPI-2L,42.9,3,32,59,34.562,N,115,31,12.304,W,-128.5,825
BWC,26,PAPI-2R,42.7,3,32,59,34.599,N,115,30,48.871,W,-131.6,792
BWD,17,PAPI-4L,55.1,3,31,47,56.577,N,98,57,18.149,W,1384.3,1032
BWD,35,PAPI-4L,47.5,3,31,47,19.89,N,98,57,17.669,W,1369.2,859
BWG,3,PAPI-4L,43.2,3,36,57,41.035,N,86,25,23.144,W,530.4,1140
BWG,21,PAPI-4L,53.5,3,36,58,18.195,N,86,24,56.518,W,520.1,1026
BWI,10,PAPI-4R,71.4,3,39,10,27.728,N,76,40,58.779,W,142.9,1332.988
BWI,,PAPI-4L,47,3,39,11,5.722,N,76,39,40.578,W,131.9,1100
BWI,,PAPI-4R,73.4,3,39,10,53.565,N,76,40,42.441,W,134.9,1413
BWI,28,PAPI-4L,75,3,39,10,22.934,N,76,39,35.053,W,136.3,1308
BWI,,PAPI-4L,72.3,3,39,10,5.307,N,76,39,57.74,W,138.1,1268
BWI,,PAPI-4L,47.3,3,39,10,41.665,N,76,39,18.31,W,114.2,900
BWP,15,PAPI-2L,42.3,3,46,14,54.88,N,96,36,35.56,W,968,808
BWP,33,PAPI-2L,26.1,3,46,14,20.68,N,96,36,13.56,W,966,498.1
BWW,13,PAPI-4L,39.3,3,46,10,11.371,N,103,18,21.398,W,2943.3,800
BWW,13,PAPI-4L,39.3,3,46,10,11.371,N,103,18,21.398,W,2943.3,800
BWW,31,PAPI-4L,38.1,3,46,9,40.488,N,103,17,44.099,W,2960.7,816
BWW,31,PAPI-4L,38.1,3,46,9,40.488,N,103,17,44.099,W,2960.7,816
BXG,8,PAPI-2L,40,3,33,2,21.234,N,82,0,35.403,W,290.5,697
BXG,26,PAPI-2R,40.4,3,33,2,31.913,N,81,59,58.339,W,302.1,871
BXK,17,PAPI-2L,41.1,3.13,33,25,39.62,N,112,41,9.701,W,1026,879
BXK,35,PAPI-4L,41.8,3,33,25,1.209,N,112,41,11.24,W,997.8,736
BXM,,PAPI-4L,49.6,3,43,53,2.17,N,69,56,20.8,W,64.2,950
BXM,,PAPI-4L,50.9,3,43,53,3.78,N,69,56,11.4,W,58.2,1050
BXM,,PAPI-4L,53.2,3,43,54,2.29,N,69,56,18.71,W,75.1,1000
BXM,,PAPI-4L,52,3,43,54,1.67,N,69,56,28.23,W,75,1000
BYG,13,PAPI-4L,51.3,3,44,23,5.89,N,106,43,35.99,W,4957.9,1168
BYG,31,PAPI-4L,41.8,3,44,22,33.92,N,106,42,55.92,W,4911.7,620
BYH,36,VASI-4L,51,3,35,57,4.33,N,89,56,38.24,W,255,1017
BYI,2,VASI-4L,46.2,3.5,42,32,26.27,N,113,46,15.51,W,4153.5,741
BYI,24,VASI-2R,51.8,3,42,32,37.09,N,113,46,12,W,4146.8,922
BYL,2,PAPI-4L,35.3,3.17,36,47,21.741,N,84,12,6.373,W,1157.9,597
BYL,20,PAPI-4L,30.3,3.17,36,48,2.233,N,84,11,50.16,W,1175.3,599
BYY,13,PAPI-2L,40,3,28,58,35.884,N,95,52,3.011,W,44.4,766
BZN,11,PAPI-4L,42.2,3,45,46,47.991,N,111,9,0.28,W,4444.2,759
BZN,12,PAPI-4L,52.7,3,45,47,10.686,N,111,9,50.394,W,4430,908
BZN,29,PAPI-4L,46.9,3,45,46,24.567,N,111,8,27.702,W,4457,979.021
BZN,30,PAPI-4L,45.1,3,45,46,19.894,N,111,8,39.708,W,4460,905
C04,9,PAPI-2L,25,4,43,38,27.96,N,86,20,4.402,W,912.7,400
C04,27,PAPI-2L,25,4,43,38,31.348,N,86,19,28.318,W,897.4,424
C09,18,PAPI-4L,43.5,3,41,25,47.769,N,88,25,7.646,W,582.6,859
C09,36,PAPI-4R,42.7,3,41,25,9.074,N,88,25,6.734,W,569.3,725
C15,9,PAPI-2L,20.2,3,40,29,17.33,N,89,41,0.09,W,527.7,425
C15,27,PAPI-4L,26.5,3,40,29,17.678,N,89,40,7.755,W,524,531
C25,11,PAPI-2L,43.5,3,42,44,32.634,N,92,30,35.51,W,990.9,855
C25,29,PAPI-2L,43.2,3,42,44,27.889,N,92,30,14.647,W,984.9,716
C29,10,PAPI-2L,31,4,43,6,52.782,N,89,32,20.418,W,927.7,445
C29,28,PAPI-2L,36.2,4,43,6,47.748,N,89,31,39.984,W,927.1,513
C35,18,PAPI-2L,24.5,3,43,31,45.362,N,89,58,55.989,W,903.9,475
C47,18,PAPI-2L,40,3.75,43,33,49.416,N,89,28,59.673,W,809.9,652
C62,10,PAPI-2L,28.4,3.5,41,28,22.251,N,85,16,1.219,W,998.7,498
C62,28,PAPI-2L,30.6,3.5,41,28,21.328,N,85,15,17.85,W,998.7,599
C65,10,PAPI-2L,28.4,3,41,21,56.005,N,86,18,21.139,W,790.2,651
C65,28,VASI-4L,28.4,3.3,41,21,53.133,N,86,17,43.334,W,791.3,555
C66,3,PAPI-2L,29.3,3.5,40,55,38.369,N,90,37,56.905,W,751.9,500
C66,21,PAPI-2L,20.9,3,40,55,56.28,N,90,37,46.7,W,749.2,425
C73,26,PAPI-4L,21,3,41,50,2.84,N,89,26,31.19,W,783,442
C75,31,PAPI-4L,20.2,4,41,0,56.675,N,89,22,53.047,W,576,430
C80,12,PAPI-2L,40,3,36,10,3.73,N,120,18,0.84,W,0,0
C80,30,PAPI-2L,40,3,36,9,31.47,N,120,17,14.63,W,0,0
C83,23,PAPI-2L,24.9,3.5,37,49,32.032,N,121,37,19.296,W,50.2,381
C83,30,PAPI-2L,25,3.5,37,49,39.695,N,121,37,17.548,W,49,399
CAD,7,VASI-4L,40.8,3,44,16,25.7054,N,85,25,40.4477,W,1306.1,842
CAD,25,PAPI-4L,56,3,44,16,38.357,N,85,25,0.22,W,1301.1,964
CAE,5,PAPI-4R,73,3,33,55,54.216,N,81,7,12.618,W,214.6,1638
CAE,11,PAPI-4L,71.3,3,33,56,35.68,N,81,8,0.984,W,231.9,1300
CAE,23,PAPI-4L,69.3,3,33,56,23.141,N,81,6,38.325,W,211.1,1252
CAE,29,PAPI-4L,78,3,33,56,20.777,N,81,6,52.655,W,217.2,1350
CAG,25,PAPI-4L,29.2,3,40,29,45.44,N,107,30,49.439,W,6196.5,580
CAK,5,PAPI-4L,50.1,3,40,54,23.838,N,81,27,18.052,W,1185.9,830
CAK,19,PAPI-4L,52.8,3,40,55,25.326,N,81,26,25.503,W,1215.9,970
CAK,23,PAPI-4L,46.9,3,40,55,6.208,N,81,26,17.171,W,1217,1030
CAO,2,PAPI-2L,49.2,3.05,36,26,31.102,N,103,9,20.44,W,4966.7,904
CAO,20,PAPI-2L,49,3.05,36,27,5.352,N,103,8,55.739,W,4965.4,1003
CBF,14,PAPI-2L,29.9,3,41,15,40.65,N,95,45,46.46,W,1241.1,602
CBF,32,PAPI-2L,29.8,3.5,41,15,21.08,N,95,45,25.44,W,1243.6,498
CBG,16,PAPI-4R,37.3,3,45,33,39.058,N,93,15,56.478,W,944.7,718
CBG,34,PAPI-4L,41.1,3,45,33,15.281,N,93,15,45.819,W,939.4,758
CBK,17,PAPI-4L,40,3,39,25,58.668,N,101,2,53.919,W,3184.3,837
CBK,35,PAPI-4L,48,3,39,25,24.754,N,101,2,54.217,W,3159,841
CBM,,PAPI-4L,46.9,3,33,39,12.889,N,88,27,22.855,W,193.6,878
CBM,,PAPI-4L,40.1,3,33,39,14.186,N,88,27,0.144,W,193.1,737
CBM,,PAPI-4L,39,3,33,38,59.019,N,88,27,31.358,W,190.3,745
CBM,,PAPI-4L,47.4,3,33,38,1.58,N,88,25,57.593,W,211.5,932
CBM,,PAPI-4L,36.6,3,33,38,25.239,N,88,26,50.969,W,201.7,746
CBM,,PAPI-4L,36.4,3,33,38,28.57,N,88,26,5.586,W,213.9,742
CCA,31,PAPI-2L,69.3,4,35,35,44.98,N,92,26,56.389,W,503.1,961
CCB,6,VASI-2L,34.3,4,34,6,37.102,N,117,41,29.393,W,1395.6,494
CCB,24,VASI-2R,23.8,4,34,6,46.388,N,117,41,0.111,W,1431.4,471
CCO,15,PAPI-4L,40,3,33,18,54.642,N,84,46,24.368,W,956.7,1020
CCO,33,PAPI-4L,49.4,3,33,18,26.992,N,84,45,56.2,W,936.3,802
CCR,,PAPI-4L,40,4,37,59,0.327,N,122,3,37.878,W,23.2,584
CCR,,PAPI-4L,21.7,3,37,59,31.119,N,122,3,20.943,W,22.2,419
CCR,,PAPI-4R,40,4,37,59,14.948,N,122,3,11.446,W,25,579
CCY,12,PAPI-2L,40.2,3,43,4,33.195,N,92,36,55.105,W,1118,740
CCY,30,PAPI-2L,40.1,3,43,4,18.648,N,92,36,27.131,W,1119,714
CDB,8,PAPI-4L,38.4,3.5,55,11,56.661,N,162,43,46.29,W,89,608
CDB,26,PAPI-4L,36,3,55,11,53.689,N,162,42,44.024,W,98.2,666
CDB,33,PAPI-4L,35.5,3,55,11,53.033,N,162,43,15.723,W,93.2,632
CDC,2,PAPI-4L,47.5,3,37,41,33.076,N,113,6,22.251,W,5583.2,842
CDC,8,PAPI-4L,47,3,37,42,8.919,N,113,6,12.554,W,5584.9,770
CDC,20,PAPI-4L,50.3,3,37,42,28.691,N,113,5,34.574,W,5603.1,1002
CDH,1,PAPI-2L,46.1,3,33,36,58.722,N,92,45,52.676,W,123.9,861
CDH,19,PAPI-2L,44,3,33,37,45.486,N,92,45,43.754,W,128.8,854
CDI,4,PAPI-4L,29,4,39,58,19.05,N,81,34,48.714,W,798.8,409
CDI,22,PAPI-4R,28.2,3.55,39,58,44.185,N,81,34,27.39,W,798.7,452
CDN,6,PAPI-2L,31,3,34,16,48.152,N,80,34,12.285,W,290.4,501
CDN,24,PAPI-2L,28,3,34,17,12.652,N,80,33,34.863,W,297.8,500
CDR,3,VASI-4L,61.2,3,42,50,11.59,N,103,5,48.93,W,3287.4,1300
CDR,12,PAPI-4L,28.9,3,42,50,13.67,N,103,6,8.4,W,3291.1,600
CDR,21,VASI-4L,41.3,3,42,50,37.53,N,103,5,24.16,W,3273.8,700
CDR,30,PAPI-4L,41.4,3,42,49,56.48,N,103,5,34.99,W,3285.1,762
CDV,9,VASI-4L,40.7,3,60,29,45.163,N,145,29,34.779,W,43.4,742
CDV,27,VASI-4L,56.7,3,60,29,21.864,N,145,27,49.836,W,47.7,993
CDW,22,PAPI-4R,58,3.1,40,52,32.682,N,74,16,49.297,W,172,1071
CEC,30,VASI-4L,59.9,3.5,41,46,38.5471,N,124,13,50.5176,W,55.1,945
CEC,36,VASI-4L,47.5,3,41,46,32.2874,N,124,14,22.5077,W,53.4,852
CEF,5,PAPI-4L,72.4,3,42,10,59.788,N,72,32,33.722,W,236.8,1357.878
CEF,15,PAPI-4L,76.6,3,42,12,12.977,N,72,32,17.716,W,241,1460.191
CEF,23,PAPI-4L,64.2,3,42,12,3.531,N,72,31,35.471,W,240.6,1236.985
CEF,33,PAPI-4L,75.2,3,42,11,43.71,N,72,31,38.348,W,240.1,1431.841
CEK,17,PAPI-2L,40,3,40,37,17.54,N,96,55,29.48,W,1498.4,777
CEK,35,PAPI-2L,40,3,40,36,50.33,N,96,55,29.67,W,1483.6,671
CEU,7,PAPI-2L,38.9,3,34,40,13.468,N,82,53,28.622,W,887.2,750.041
CEU,25,PAPI-2L,38,3,34,40,27.034,N,82,52,48.448,W,879.6,624.971
CEV,18,PAPI-4L,47.4,3,39,42,17.83,N,85,7,50.6,W,865.1,903.8
CEV,36,PAPI-4L,33.9,3,39,41,29.68,N,85,7,51.17,W,858.1,728
CEW,17,PAPI-4R,49.9,3,30,47,9.744,N,86,31,24.37,W,192.8,1348
CEW,35,PAPI-4R,61.3,3,30,46,15.279,N,86,31,14.372,W,158,1086
CEY,5,PAPI-4L,29.2,3,36,39,36.527,N,88,22,45.506,W,574.8,596
CEY,23,PAPI-4L,37.6,3.5,36,40,8.412,N,88,21,58.542,W,567.3,603
CEZ,3,PAPI-4L,47.4,3,37,17,50.824,N,108,38,3.119,W,5914.7,901
CEZ,21,VASI-4L,50,3,37,18,30.727,N,108,37,18.863,W,5909.8,910
CFD,15,PAPI-2L,40,3.5,30,43,7.948,N,96,20,0.026,W,354.7,683
CFD,33,PAPI-2L,40,3.5,30,42,45.335,N,96,19,45.9,W,362.6,720.9
CFE,18,PAPI-2L,44.9,3.2,45,9,38.994,N,93,50,35.779,W,963.7,870
CFE,36,PAPI-2L,40.1,3,45,9,22.806,N,93,50,36.077,W,957.5,690
CFJ,5,PAPI-4L,40.5,3,39,58,14.549,N,86,55,32.907,W,795.9,805
CFJ,23,PAPI-4L,42.2,3,39,58,39.121,N,86,55,3.215,W,797.8,803
CFO,8,PAPI-2L,50,3,39,47,38.241,N,104,33,43.34,W,5459,901
CFO,17,PAPI-4L,55.2,3,39,46,58.637,N,104,31,27.252,W,5481.3,962
CFO,26,PAPI-2L,50,3,39,47,37.024,N,104,32,25.259,W,5486.4,1003
CFO,35,PAPI-4L,55.5,3,39,46,0.597,N,104,31,27.233,W,5509.7,1163
CFS,6,PAPI-4L,40,3,43,27,19.227,N,83,27,5.565,W,686.1,742
CFS,24,PAPI-4L,48.3,3.5,43,27,35.73,N,83,26,38.133,W,691.6,936
CFV,17,PAPI-4L,39.6,3,37,6,4.28,N,95,34,27.77,W,748.7,742
CFV,35,PAPI-4L,39.6,3,37,5,20.86,N,95,34,27.62,W,746.2,734
CGC,9,PAPI-4L,44.2,3,28,52,2.224,N,82,34,33.339,W,8.9,800
CGC,27,PAPI-2R,43,3,28,52,1.96,N,82,34,0.13,W,8.2,802
CGF,6,PAPI-4L,45,3,41,33,43.044,N,81,29,28.641,W,868.5,968
CGF,24,PAPI-4L,45,3,41,34,0.96,N,81,29,0.731,W,868.8,924
CGI,2,VASI-4L,50.2,4,37,13,21.819,N,89,34,18.85,W,339.1,752
CGI,20,VASI-4L,43.9,3,37,13,44.051,N,89,34,8.064,W,335.9,833
CGI,28,VASI-2L,37.8,3,37,13,23.056,N,89,33,45.854,W,339.3,747
CGS,15,PAPI-2L,26.8,4,38,58,53.582,N,76,55,24.213,W,45.7,403
CGS,33,PAPI-2R,26.6,4,38,58,42.66,N,76,55,11.758,W,40.2,363
CGZ,5,PAPI-2L,40,3,32,57,8.522,N,111,46,19.204,W,1449.7,763
CGZ,23,PAPI-2L,40,3,32,57,26.743,N,111,45,41.899,W,1463.1,763
CHA,2,PAPI-4R,70.6,3,35,1,34.809,N,85,12,22.176,W,678.5,1400.028
CHA,15,PAPI-4L,45.2,3,35,2,34.479,N,85,12,22.917,W,667.6,919
CHA,33,PAPI-4L,39.7,3,35,2,9.428,N,85,12,1.965,W,667.3,902
CHD,,PAPI-4L,47.8,3.5,33,15,55.692,N,111,49,4.993,W,1232.2,762
CHD,,PAPI-4L,39.1,3,33,16,1.262,N,111,48,44.473,W,1236.7,726
CHD,,PAPI-4L,44.6,3,33,16,22.2,N,111,48,15.155,W,1241.7,876
CHD,,PAPI-4L,40,3,33,16,14.162,N,111,48,39.141,W,1235.4,757
CHK,18,PAPI-4L,40,3,35,6,3.37,N,97,58,9.16,W,1143.2,904
CHK,36,PAPI-4L,40,3,35,5,28.7,N,97,58,9.15,W,1133.6,692
CHN,18,PAPI-4L,47,4,27,31,7.172,N,81,52,49.683,W,102.1,638
CHN,36,PAPI-4L,47.7,3,27,30,42.252,N,81,52,49.651,W,106.7,850
CHO,3,PAPI-4L,53.2,3,38,8,1.622,N,78,27,19.303,W,635.8,1097
CHO,21,PAPI-4R,50.2,3,38,8,45.5,N,78,26,56.701,W,620.4,912
CHQ,18,PAPI-2L,40,3,36,50,39.496,N,89,21,34.711,W,313,813
CHQ,36,PAPI-2L,40,3,36,50,23.865,N,89,21,34.765,W,313.5,802
CHS,3,PAPI-4L,50,3,32,53,13.22,N,80,2,39.94,W,24.8,873
CHS,15,PAPI-4L,50,3,32,54,36.48,N,80,2,45.44,W,36.7,1250.8
CHS,21,PAPI-4L,50,3,32,54,0.1,N,80,2,14.72,W,40.5,923
CHS,33,PAPI-4L,59,3,32,53,40.4,N,80,2,2.87,W,43.4,1027
CHT,14,PAPI-4L,40,3,39,47,5.086,N,93,29,53.466,W,782.5,771
CHT,32,PAPI-4R,44.3,3.5,39,46,45.591,N,93,29,34.627,W,766.6,667.003
CIC,,PAPI-4L,52,3,39,48,3.02,N,121,51,43.24,W,234.7,1100
CIC,,VASI-4L,54,3,39,47,24.09,N,121,51,11,W,211.9,950
CID,9,PAPI-4R,59.8,3,41,53,4.559,N,91,43,29.752,W,851.5,1154
CID,13,PAPI-4L,50.9,3,41,53,20.57,N,91,42,44.83,W,865.6,1050
CID,27,PAPI-4L,46,3,41,53,3.585,N,91,42,8.446,W,861.2,870
CID,31,VASI-4L,50,3,41,52,50.311,N,91,42,5.642,W,850.1,887
CII,5,PAPI-2L,25,3,47,49,26.158,N,112,10,15.082,W,3944.6,550
CII,15,PAPI-2L,24.1,3,47,50,9.037,N,112,10,22.606,W,3941.4,450
CII,23,PAPI-2L,23,3,47,49,36.699,N,112,9,38.769,W,3939.9,450
CII,33,PAPI-2L,25,3,47,49,31.492,N,112,10,2.089,W,3941.3,495
CIN,3,PAPI-2L,30.4,3,42,2,42.172,N,94,47,26.254,W,1200.8,600
CIN,13,PAPI-4L,25.9,3,42,2,58.668,N,94,47,35.102,W,1202.6,505
CIN,21,PAPI-2L,32,3,42,3,0.155,N,94,47,12.357,W,1201.3,600
CIN,31,PAPI-4L,28.6,3,42,2,30.643,N,94,46,59.605,W,1200.7,593
CIR,14,PAPI-4L,25.9,3,37,4,4.1,N,89,13,28.93,W,316.9,461
CIU,10,PAPI-4L,40,3,46,15,17.992,N,84,28,53.432,W,794.2,705
CIU,16,PAPI-4L,57,3,46,15,13.572,N,84,28,33.4,W,798.5,1088
CIU,28,PAPI-4L,40,3,46,15,18.015,N,84,28,2.907,W,799.3,745
CIU,34,PAPI-4L,41.3,3,46,14,28.103,N,84,27,55.555,W,793,796
CJR,4,PAPI-4L,40,3,38,31,17.65,N,77,51,44.25,W,311.8,886.3
CJR,22,PAPI-4L,40,3,38,31,45.07,N,77,51,25.5,W,306.9,964.2
CKB,3,PAPI-4L,50,3.44,39,17,29.71,N,80,13,50.95,W,1182.9,832.4
CKB,21,PAPI-4L,60,3,39,18,14.78,N,80,13,26.54,W,1212.4,1351.1
CKC,10,PAPI-4L,40.6,3,47,50,19.675,N,90,23,28.406,W,1798.1,863
CKC,28,PAPI-4L,39.9,3,47,50,16.941,N,90,22,38.935,W,1794.4,752
CKF,10,PAPI-2L,42.1,3,31,59,16.263,N,83,46,43.643,W,303.7,799
CKF,28,PAPI-2L,44.9,3,31,59,11.936,N,83,46,5.114,W,307.6,855
CKI,14,PAPI-2L,43.1,3,33,43,13.21,N,79,51,39.895,W,65.9,816
CKI,32,PAPI-2L,44.5,3,33,42,50.717,N,79,51,10.222,W,67.4,800
CKM,18,PAPI-4R,40,3,34,18,18.188,N,90,30,43.281,W,171.9,755
CKM,36,PAPI-4L,45,3,34,17,40.635,N,90,30,45.348,W,173,849
CKN,13,PAPI-4L,30,3,47,50,35.479,N,96,37,36.234,W,894.4,599
CKN,31,PAPI-4R,40,3,47,50,14.963,N,96,37,5.716,W,896.9,759
CKP,18,PAPI-4L,40.2,3,42,44,3.468,N,95,33,19.575,W,1213,745
CKP,36,PAPI-4L,38.7,3,42,43,41.025,N,95,33,21.025,W,1213.7,981
CKV,17,PAPI-2L,52.4,3,36,37,35.997,N,87,25,0.217,W,535.4,1050
CKV,35,PAPI-2L,53.5,3,36,36,58.296,N,87,24,48.677,W,548.9,1022
CKZ,8,PAPI-2L,20,3.78,40,23,15.67,N,75,17,44.81,W,527.1,264
CKZ,26,PAPI-2L,27.9,4,40,23,25.54,N,75,17,9.89,W,559.9,449
CLE,,PAPI-4L,69.2,3,41,24,8.04,N,81,52,11.134,W,771.3,1337
CLE,,PAPI-4L,72.9,3,41,24,12.45,N,81,51,38.847,W,771.4,1313
CLE,10,PAPI-4L,45,3,41,25,0.831,N,81,51,5.496,W,773.2,747
CLE,,PAPI-4R,47.5,3,41,24,48.83,N,81,50,41.348,W,784,993
CLE,,PAPI-4R,64.7,3,41,24,48.665,N,81,51,6.933,W,779.1,1272
CLE,28,PAPI-4R,45,3,41,24,58.405,N,81,50,9.83,W,792,1022
CLI,32,PAPI-2L,26.2,3,44,36,35.394,N,88,43,38.98,W,814.87,500
CLK,17,PAPI-4L,40,3,35,32,28.385,N,98,55,55.777,W,1613.4,658
CLK,35,PAPI-4R,40,3,35,31,58.797,N,98,55,55.24,W,1601.4,655
CLL,11,VASI-4L,49.8,3,30,35,26.11,N,96,22,11.23,W,316,1000
CLL,17,VASI-4R,51,3,30,35,38.19,N,96,21,44.07,W,318,1000
CLL,29,VASI-4L,54.1,3,30,35,16.13,N,96,21,37.29,W,311,1025
CLM,9,PAPI-4L,54.4,3,48,7,13.186,N,123,30,26.83,W,284.6,1025
CLM,27,PAPI-4L,49.9,3.7,48,7,5.451,N,123,29,42.409,W,274.6,854
CLS,16,PAPI-4L,35.2,3,46,40,55.55,N,122,58,58.91,W,172.1,650
CLS,34,VASI-2L,40.7,3.5,46,40,19.06,N,122,58,56.87,W,177.2,650
CLT,,PAPI-4L,69.8,3,35,12,16.249,N,80,57,56.274,W,739.3,1421
CLT,,PAPI-4L,72.1,3,35,12,12.421,N,80,57,3.993,W,698.4,1262
CLT,,PAPI-4L,76,3,35,13,14.43,N,80,56,8.912,W,746.1,1481
CLT,,PAPI-4R,69.3,3,35,13,24.203,N,80,57,10.169,W,734.7,1462
CLT,,PAPI-4R,65.3,2.8,35,13,17.394,N,80,58,1.535,W,741.8,1381
CLT,,PAPI-4R,71,3,35,12,16.694,N,80,56,3.96,W,724.1,1343
CLW,16,VASI-4L,61.3,3.5,27,58,44.38,N,82,45,36.11,W,69.3,978
CLW,34,VASI-4R,26.6,3.5,27,58,30.978,N,82,45,28.834,W,70.5,426.302
CMA,8,PAPI-4L,47.6,3,34,12,49.733,N,119,6,4.742,W,63.5,901
CMA,26,PAPI-4L,47.9,3,34,12,49.332,N,119,5,15.464,W,73.8,973
CMD,2,PAPI-2L,58.5,3.77,34,15,48.485,N,86,51,35.655,W,942.5,763
CMD,20,PAPI-2L,33,3,34,16,25.804,N,86,51,22.329,W,963.2,802
CMH,,PAPI-4L,50.9,3,40,0,10.832,N,82,54,15.127,W,814.4,965
CMH,,PAPI-4L,70.2,3,39,59,36.204,N,82,54,16.371,W,807,1301
CMH,,PAPI-4L,67.8,3,39,59,30.756,N,82,52,40.124,W,814.6,1301
CMH,,PAPI-4R,50.2,3,40,0,6.427,N,82,52,57.246,W,812.4,958
CMI,4,PAPI-4L,42.1,3,40,2,0.654,N,88,17,0.558,W,750.4,817
CMI,,PAPI-4L,47.9,3,40,2,43.871,N,88,17,0.179,W,753.4,939
CMI,,PAPI-4L,35.6,3,40,2,21.002,N,88,16,46.084,W,749.5,681
CMI,22,PAPI-4L,43,3,40,2,37.006,N,88,16,19.344,W,747.3,805
CMI,,PAPI-4L,35,3,40,2,3.577,N,88,16,23.904,W,743.1,668
CMI,,PAPI-4L,54,3,40,2,1.028,N,88,16,5.61,W,745.8,1095
CMR,18,PAPI-2L,45.8,3,35,18,41.423,N,112,11,34.679,W,6637.6,733
CMR,36,PAPI-2L,50,3,35,18,3.728,N,112,11,43.339,W,6670.1,1349
CMX,7,PAPI-2L,30,3,47,9,53.374,N,88,29,48.838,W,1060.8,508
CMX,14,PAPI-4L,43,3,47,10,25.653,N,88,29,46.653,W,1093.5,850
CMX,25,PAPI-4L,41,3,47,10,8.264,N,88,28,57.709,W,1070.9,851
CMX,32,PAPI-4L,46.1,3,47,9,54.0468,N,88,28,53.0753,W,1064.7,756
CMY,1,PAPI-2L,45.1,3.5,43,57,18.295,N,90,44,19.478,W,836.7,782
CMY,11,PAPI-4L,42.3,3,43,57,41.149,N,90,44,35.702,W,823.2,781
CMY,19,PAPI-2L,44.5,3.5,43,57,33.174,N,90,44,13.739,W,827.6,688
CMY,29,PAPI-4L,42.7,3,43,57,31.309,N,90,44,2.238,W,829.8,842
CNB,12,PAPI-4L,25.3,3,44,43,55.51,N,96,16,19.18,W,1192,509
CNB,30,PAPI-4L,28.6,3,44,43,38.16,N,96,15,39.15,W,1186.4,519
CNC,28,PAPI-2L,33.1,3,41,1,7.95,N,93,21,5.06,W,1038.6,603
CNH,29,PAPI-2L,31,4,43,22,13.197,N,72,21,50.227,W,543.2,416
CNI,5,PAPI-4L,26.3,3,34,18,28.541,N,84,25,36.196,W,1210.7,418
CNI,23,PAPI-4L,33,3,34,18,59.1,N,84,25,3.267,W,1200.3,441
CNK,18,PAPI-4L,35,3,39,33,11.017,N,97,39,7.757,W,1469.3,787
CNK,36,PAPI-4L,40,3,39,32,49.249,N,97,39,7.583,W,1475.3,1010
CNM,,PAPI-4L,56.1,3,32,20,25.513,N,104,16,9.991,W,3273,1000
CNM,,PAPI-4L,59.4,3,32,19,54.814,N,104,15,52.374,W,3274,1000
CNO,3,PAPI-4L,40,3,33,58,18.94,N,117,38,24.9,W,614,661.3
CNO,,PAPI-4L,50,3,33,58,32.65,N,117,38,36.45,W,618.1,1000
CNO,,PAPI-4L,51.9,3,33,58,24.75,N,117,38,36.44,W,620,992
CNO,21,PAPI-4L,40,3,33,58,42.65,N,117,37,57.02,W,644,902.4
CNO,,PAPI-4L,55.1,3,33,58,25.24,N,117,37,37.6,W,633.5,1052
CNO,,PAPI-4L,53.4,3,33,58,32.95,N,117,38,2.75,W,632,1020
CNU,18,PAPI-2L,40.1,3,37,40,17.893,N,95,29,10.199,W,982.8,751
CNU,36,PAPI-2L,40.4,3,37,39,55.084,N,95,29,13.536,W,994,911
CNW,,PAPI-4R,51.7,3,31,38,55.73,N,97,4,25.22,W,468.4,1013
CNW,,PAPI-4L,40.8,3,31,37,48.05,N,97,4,21.84,W,458.6,741
CNY,3,PAPI-4L,40.8,3.35,38,44,54.038,N,109,45,42.873,W,4554.3,670
CNY,21,PAPI-4L,42.4,3,38,45,36.674,N,109,44,57.365,W,4557.9,808
COD,4,PAPI-4L,72.6,3.5,44,30,58.525,N,109,1,51.37,W,5102.3,1095
COD,22,PAPI-4L,76.6,3,44,31,29.498,N,109,0,55.327,W,5102.3,950
COE,2,PAPI-2L,35.7,3,47,46,5.61,N,116,49,9.64,W,2307.5,700
COE,6,PAPI-4R,56.9,3,47,46,22.15,N,116,50,0.11,W,2278.9,973
COE,20,PAPI-2L,36.6,3,47,46,37.99,N,116,48,39.2,W,2316.5,815
COE,24,PAPI-4R,46.7,3,47,46,40.08,N,116,48,46.8,W,2312.5,1100
COF,3,PAPI-4L,51.7,3,28,13,25.268,N,80,36,50.375,W,5,980.6
COF,11,PAPI-4L,50.7,3,28,14,27.06,N,80,36,44.8,W,5.5,946
COF,21,PAPI-4L,51.8,3,28,14,30.788,N,80,36,23.557,W,7.7,988.6
COF,29,PAPI-4L,49.5,3,28,14,21.884,N,80,36,25.762,W,6.7,964
COI,11,PAPI-2L,41.5,3,28,20,33.014,N,80,41,18.224,W,5.1,808
COI,29,PAPI-2L,41.4,3,28,20,26.375,N,80,40,56.854,W,3.5,769
CON,17,PAPI-4L,50.3,3,43,12,15.13,N,71,30,18.49,W,339.2,955
CON,35,VASI-4L,50.4,3,43,11,43.87,N,71,29,58.63,W,336.3,920
COQ,18,PAPI-4L,30,3,46,42,14.97,N,92,30,20.2,W,1279,545
COQ,36,PAPI-4L,30,3,46,41,46.19,N,92,30,19.62,W,1274.2,540
COS,13,PAPI-4R,64.1,3,38,49,14.465,N,104,42,43.937,W,6170.6,1271
COS,,PAPI-4L,57.2,3,38,48,46.032,N,104,41,8.662,W,6181.2,1202
COS,,PAPI-4L,48.8,3,38,49,15.186,N,104,42,57.236,W,6164.3,1162
COS,,PAPI-4L,71.7,3,38,47,49.886,N,104,42,57.347,W,6052.5,1226
COS,,PAPI-4R,71.2,3,38,46,56.758,N,104,41,8.851,W,6109,1239
COT,13,PAPI-4L,45,3,28,27,34.827,N,99,13,18.369,W,469,958
COT,31,PAPI-4L,45,3,28,27,5.747,N,99,12,44.932,W,451.1,859
COU,13,PAPI-4L,45.1,3,38,49,31.892,N,92,13,14.931,W,887.4,874
COU,20,PAPI-4L,45.2,3,38,49,18.946,N,92,12,55.218,W,886.1,861
COU,31,PAPI-4L,45.1,3,38,49,5.358,N,92,12,41.504,W,885.8,857
CPC,6,PAPI-2L,40,3,34,16,9.804,N,78,43,10.506,W,93.8,870
CPC,24,PAPI-2L,42.4,3.25,34,16,35.99,N,78,42,35.912,W,73.8,701
CPF,14,PAPI-4L,51,3.29,37,23,18.553,N,83,15,49.125,W,1240.6,962
CPF,32,PAPI-4L,38.4,4.04,37,22,49.308,N,83,15,17.133,W,1252.1,610
CPK,5,PAPI-4L,43,3,36,39,40.86,N,76,19,28.682,W,17.2,807
CPK,23,PAPI-4L,42,3,36,40,11.641,N,76,18,59.988,W,20.1,800
CPM,,PAPI-2R,71,4,33,53,22.726,N,118,14,37.167,W,95.4,949
CPP,7,PAPI-2L,35,3,33,35,44.122,N,83,8,38.819,W,677.7,668
CPP,25,PAPI-4L,29.8,3,33,36,1.073,N,83,7,57.111,W,675.8,810
CPR,3,PAPI-4R,50,3,42,53,42.762,N,106,28,21.59,W,5326.2,915
CPR,8,PAPI-4R,51.9,3,42,54,30.738,N,106,28,41.358,W,5343,1005
CPR,21,VASI-4L,55.8,3,42,54,41.46,N,106,27,4.76,W,5326.8,1000
CPR,26,PAPI-4R,49.8,3,42,54,32.033,N,106,27,9.994,W,5327.8,871
CPS,,PAPI-4L,49.4,3,38,34,21.14,N,90,9,43.58,W,412.3,1000
CPS,,PAPI-4L,52.8,3,38,33,55.07,N,90,8,50.89,W,408,1055
CPU,31,VASI-4R,26.1,3,38,8,36.032,N,120,38,44.859,W,1324,580
CQA,8,PAPI-4L,20.2,3,40,29,1.1,N,84,33,52.65,W,893.4,400
CQA,26,PAPI-4L,28.6,3,40,29,5.52,N,84,33,7.72,W,888.9,500
CQB,17,PAPI-4L,42,3,35,43,39.622,N,96,49,12.932,W,966.6,692
CQB,35,PAPI-4L,42.4,3,35,43,15.172,N,96,49,13.057,W,984.2,833
CQF,1,PAPI-4L,35,3,30,27,13.29,N,87,52,41.99,W,79.7,788
CQF,19,PAPI-4L,35,3,30,28,2.38,N,87,52,32.64,W,84.1,788
CQM,13,PAPI-4L,43.4,3,47,49,28.657,N,92,41,34.427,W,1328.4,809
CQM,31,PAPI-4L,46.7,3,47,49,11.772,N,92,41,10.151,W,1321.7,809
CQX,6,PAPI-2L,38.8,3.5,41,41,11.147,N,69,59,31.415,W,54,552
CQX,24,PAPI-2R,39,3.5,41,41,24.103,N,69,59,14.773,W,63.2,628
CRE,5,PAPI-2L,40,3,33,48,26.986,N,78,43,45.242,W,30.9,767
CRE,23,PAPI-2R,55,2.98,33,48,55.692,N,78,43,9.535,W,29.4,1047
CRG,5,PAPI-4L,47.2,3,30,19,50.32,N,81,31,0.9,W,40.9,900
CRG,14,PAPI-4L,44.2,3,30,20,32.02,N,81,31,1.79,W,35.3,800
CRG,23,PAPI-4L,52.4,3,30,20,5.02,N,81,30,43.95,W,41.1,1000
CRG,32,PAPI-4L,42.9,3,30,20,15.5,N,81,30,42.76,W,39.4,850
CRP,13,PAPI-4L,50,3,27,46,36.998,N,97,30,47.983,W,42.6,1030
CRP,18,PAPI-4L,50,3,27,46,44.068,N,97,29,46.714,W,40.9,869
CRP,31,PAPI-4L,50,3,27,45,57.622,N,97,30,4.951,W,42.7,934
CRQ,6,PAPI-4L,35,3,33,7,38.83,N,117,17,6.17,W,330.3,600
CRQ,24,PAPI-4L,54,3.2,33,7,44.3,N,117,16,32.34,W,321.2,1070
CRS,14,VASI-4R,26,3,32,1,54.782,N,96,24,5.936,W,446,545
CRS,32,PAPI-2L,40,3,32,1,23.73,N,96,23,40.47,W,434.8,625.1
CRT,5,PAPI-2L,42,3.25,33,10,31.21,N,91,53,4.94,W,179.1,741
CRT,23,PAPI-2L,42,3.25,33,10,52.74,N,91,52,32.48,W,179.1,754
CRW,5,PAPI-4L,55.8,3,38,22,18.184,N,81,35,55.583,W,947,1058
CRW,23,VASI-4R,56.4,3,38,22,47.136,N,81,35,15.953,W,908,851.11
CRX,18,PAPI-2L,50,3,34,55,16.848,N,88,36,15.698,W,405.5,913
CRX,36,PAPI-2L,58.9,3,34,54,32.98,N,88,36,9.674,W,425.1,1123
CSB,15,PAPI-2L,40,3,40,18,35.337,N,100,9,50.583,W,2414.2,748
CSB,33,PAPI-2L,40,3,40,18,11.382,N,100,9,35.925,W,2403.7,673
CSG,6,PAPI-4L,48.1,2.61,32,30,45.98,N,84,56,33.81,W,379.3,990
CSG,13,PAPI-4L,36,3,32,31,3.086,N,84,56,48.84,W,395.8,733
CSG,24,PAPI-4L,42.5,3,32,31,15.201,N,84,55,46.613,W,381,1001
CSG,31,PAPI-4L,42,3,32,30,48.555,N,84,56,26.087,W,377.7,674
CSM,,PAPI-4L,54,3,35,21,24.37,N,99,12,5.21,W,1921.8,1052.8
CSM,,PAPI-4L,50,3,35,19,30.75,N,99,12,5.41,W,1913.1,961.3
CSQ,16,PAPI-2L,43.9,3,41,1,31.177,N,94,21,55.103,W,1287.2,865
CSQ,34,PAPI-2L,43.7,3,41,1,0.805,N,94,21,44.242,W,1294.04,851
CSV,8,VASI-4R,50,3,35,56,59.837,N,85,5,25.844,W,1879.6,1002
CSV,26,PAPI-4L,60,3,35,57,9.255,N,85,4,46.843,W,1870.5,1075
CTB,23,PAPI-2L,38.5,3,48,36,43.313,N,112,22,5.342,W,3841.9,700
CTB,32,VASI-4L,41.6,3,48,36,8.652,N,112,22,23.642,W,3844.3,742
CTJ,17,PAPI-4L,56.1,3,33,38,7.914,N,85,9,12.939,W,1152.7,1298
CTJ,35,PAPI-4L,53.8,3,33,37,36.077,N,85,9,1.905,W,1119,854
CTY,4,PAPI-2L,52.2,3,29,38,9.64,N,83,6,20.64,W,41.8,993
CTY,13,PAPI-2L,36.9,3,29,38,7.096,N,83,6,39.58,W,40.1,767.986
CTY,22,PAPI-2L,55.7,3,29,38,31.12,N,83,5,57.2,W,41.8,1014
CTY,31,PAPI-2L,36.3,3,29,37,43.354,N,83,6,11.055,W,40.4,756
CTZ,6,PAPI-2L,38.7,3,34,58,18.403,N,78,22,13.305,W,132.9,679
CTZ,24,PAPI-2L,39.7,3,34,58,40.656,N,78,21,39.94,W,143.9,755
CUB,13,PAPI-2L,30.4,4,33,58,25.15,N,81,0,2.29,W,188.6,504
CUB,31,PAPI-2R,20.2,3,33,58,4.43,N,80,59,27.32,W,179.4,502
CUH,18,PAPI-4L,26.4,3,35,57,20.168,N,96,46,9.356,W,911,600
CUH,36,PAPI-4L,32.7,3,35,56,40.601,N,96,46,8.977,W,880,600
CUL,18,PAPI-2L,20.7,3,38,5,37.44,N,88,7,22.91,W,387.5,450
CUL,36,PAPI-2L,20.6,3,38,5,6.55,N,88,7,23.09,W,383.9,425
CUT,8,PAPI-4L,40.3,3,43,44,0.351,N,103,37,30.906,W,5595.7,1226
CUT,26,PAPI-4L,48,3.65,43,44,2.322,N,103,36,41.512,W,5556.1,640
CVB,16,PAPI-2L,40,3,29,20,48.525,N,98,51,10.619,W,771.9,804
CVB,34,PAPI-2L,40,3,29,20,16.138,N,98,50,57.876,W,763.7,736
CVC,10,PAPI-2L,52.1,4,33,37,58.137,N,83,51,13.352,W,791.5,832
CVC,28,PAPI-2L,32.4,3,33,37,54.676,N,83,50,30.173,W,790.1,1000
CVG,9,PAPI-4L,70,3,39,2,46.865,N,84,41,24.444,W,879,1413
CVG,,PAPI-4R,70.8,3,39,3,39.661,N,84,40,7.079,W,874.3,1357
CVG,,PAPI-4L,71,3,39,3,7.923,N,84,38,48.065,W,887.5,1331
CVG,27,PAPI-4L,67.4,3,39,2,46.589,N,84,39,28.952,W,866.9,1476
CVG,,PAPI-4L,77.1,3,39,2,18.45,N,84,40,7.413,W,843.1,1426
CVG,,PAPI-4R,70.4,3,39,1,55.791,N,84,38,48.394,W,894.7,1371
CVH,13,PAPI-2L,44.4,3,36,53,58.708,N,121,24,58.675,W,206.2,785
CVH,24,VASI-2L,26.1,3.75,36,53,31.517,N,121,24,15.96,W,223.1,385
CVH,31,PAPI-2L,44.2,3,36,53,22.657,N,121,24,23.459,W,227.1,931
CVK,4,PAPI-2L,40,3,36,15,38.763,N,91,33,59.709,W,673.38,685.95
CVK,22,PAPI-2L,40,3,36,16,6.069,N,91,33,33.799,W,713.22,835.54
CVN,4,PAPI-4L,53.4,3,34,25,26.45,N,103,4,54.63,W,4191,1000
CVN,12,PAPI-2L,48.7,4,34,25,48.584,N,103,5,0.368,W,4207.9,808
CVN,22,PAPI-4L,47.4,3,34,26,3.17,N,103,4,9.37,W,4215,893
CVN,30,PAPI-2L,62.5,4,34,25,22.379,N,103,4,23.308,W,4193.2,807
CVO,17,VASI-4L,45,3,44,30,4.214,N,123,17,29.252,W,245.7,838
CVO,28,PAPI-4L,25,3,44,29,55.61,N,123,16,50.828,W,248.3,480
CVO,35,VASI-4L,51,3,44,29,23.589,N,123,17,36.183,W,249.5,917
CVS,4,PAPI-4L,40.7,2.5,34,22,42.44,N,103,19,47.37,W,4276.9,888.7
CVS,13,PAPI-4L,36.7,3,34,23,5.24,N,103,19,56.55,W,4290.4,756.6
CVS,22,PAPI-4L,38,3,34,23,40.776,N,103,18,36.97,W,4292.61,770.46
CVS,31,PAPI-4L,41.1,3,34,22,18.56,N,103,19,0.26,W,4267.2,764.7
CVX,9,PAPI-4R,38.7,3,45,18,15.714,N,85,16,58.628,W,669,737.019
CWA,8,PAPI-4R,55,3,44,46,50.7067,N,89,40,12.3323,W,1272.6,1077
CWA,17,PAPI-4L,45,3,44,46,41.9956,N,89,40,29.5351,W,1267.4,1007
CWA,26,PAPI-4L,45,3,44,47,3.1603,N,89,38,54.2391,W,1259.4,875
CWA,35,PAPI-4L,49.9,3,44,45,56.6434,N,89,40,18.3604,W,1232.1,830
CWC,17,PAPI-4L,37.4,3,33,51,52.18,N,98,29,25.35,W,982.2,664.2
CWC,35,PAPI-4L,41,3,33,51,27.82,N,98,29,25.5,W,992.8,924
CWF,15,PAPI-4L,53,3,30,13,16.96,N,93,8,56.89,W,17,1000
CWF,33,PAPI-4L,53,3,30,11,59.27,N,93,8,14.08,W,17,1000
CWI,14,PAPI-4L,40,3,41,49,52.54,N,90,19,56.61,W,698.5,867.7
CWI,21,VASI-4L,34,3,41,50,13.65,N,90,19,29.34,W,707.6,680
CWI,32,PAPI-4L,40,3,41,49,32.11,N,90,19,37.12,W,690.8,792.1
CWV,10,PAPI-2L,40,3,32,11,41.939,N,81,52,24.592,W,110.5,782
CWV,28,PAPI-2L,34.6,3,32,11,42.618,N,81,51,46.578,W,101.1,602
CXO,1,PAPI-2L,49.4,3.15,30,20,51.44,N,95,25,7.55,W,236.8,762
CXO,14,PAPI-4L,47.1,3,30,21,38.045,N,95,25,7.53,W,231.82,940.83
CXO,19,PAPI-2L,48.6,3,30,21,24.29,N,95,24,55.85,W,237.4,763.3
CXO,32,PAPI-2L,50,3,30,20,51.81,N,95,24,30.87,W,245,891.9
CXP,9,PAPI-2L,55.5,4,39,11,37.403,N,119,44,25.081,W,4704,799
CXP,27,PAPI-2L,41,3.77,39,11,26.734,N,119,43,26.968,W,4696.6,600
CXU,8,PAPI-2L,38.5,3,31,12,44.17,N,84,14,26.5,W,167.2,763
CXU,26,PAPI-2L,38.6,3,31,12,50.73,N,84,13,47.04,W,175.5,750
CXW,4,PAPI-2L,40,3,35,0,58.065,N,92,33,34.64,W,274,828.68
CXW,22,PAPI-2L,40,3,35,1,25.031,N,92,33,2.152,W,275,832.75
CXY,8,PAPI-4R,54.6,3,40,12,59.323,N,76,51,18.517,W,336.8,1002
CXY,12,VASI-4L,49.3,3.9,40,13,3.668,N,76,51,24.67,W,335.3,702
CXY,26,VASI-4L,56,3.1,40,13,8.638,N,76,50,42.845,W,343.9,1075
CXY,30,VASI-4L,56.3,4,40,12,53.775,N,76,50,58.798,W,341.6,833
CYO,19,PAPI-4R,23.5,3,39,31,14.164,N,82,58,54.545,W,682.2,498
CYS,9,PAPI-4L,50.1,3,41,9,22.862,N,104,48,54.911,W,6140.1,1022
CYS,13,PAPI-4L,54.7,3,41,9,28.462,N,104,49,18.406,W,6149.2,1150
CYS,27,PAPI-4L,55,3,41,9,17.35,N,104,47,36.26,W,6106.3,918
CYS,31,PAPI-4L,55,3,41,9,11.869,N,104,48,56.665,W,6134.6,955
CYW,17,PAPI-2L,39.1,2.75,39,23,24.318,N,97,9,25.654,W,1208.4,820
CYW,35,PAPI-2L,39.1,2.75,39,23,3.135,N,97,9,26.285,W,1207.3,803
CZD,13,PAPI-2L,52.2,3,40,52,22.48,N,100,0,31.8,W,2501.6,1016.5
CZD,31,PAPI-2L,48.6,3.75,40,51,58.75,N,100,0,3.07,W,2497.4,722
CZF,2,PAPI-2R,43.9,3,61,46,42.39,N,166,2,27.31,W,385.6,554
CZG,21,PAPI-2R,40,4,42,4,54.898,N,76,5,39.62,W,826.4,604
CZL,17,PAPI-4L,44.4,3.5,34,27,40.968,N,84,56,26.403,W,634.4,794
CZL,35,PAPI-4L,30.2,3,34,27,0.547,N,84,56,16.174,W,647.6,678
CZT,13,PAPI-4L,40.4,3,28,31,30.96,N,99,49,37.824,W,592.9,925
CZT,31,PAPI-4L,40.1,3,28,31,8.255,N,99,49,11.181,W,584,775
D05,13,PAPI-2L,29.3,3,47,39,27.77,N,101,26,23.55,W,1927.9,726
D05,31,PAPI-2L,29.1,3,47,39,9,N,101,26,0.5,W,1910.2,502
D07,13,PAPI-2L,40,3,45,2,17.761,N,102,1,26.833,W,2563.7,657
D07,31,PAPI-2L,39.6,3,45,1,56.794,N,102,1,3.612,W,2580.1,833
D09,13,PAPI-2R,30.2,3,48,49,55.745,N,100,25,11.142,W,1675.2,650
D09,31,PAPI-2L,30,3,48,49,38.4205,N,100,24,45.0081,W,1664.1,571
D14,14,PAPI-2L,26.7,3.2,47,33,14.996,N,96,17,40.681,W,1130.7,459
D14,32,PAPI-2L,31,3.7,47,32,58.611,N,96,17,23.087,W,1136.1,488
D25,14,PAPI-2L,40,3.5,46,7,26.15,N,89,53,12.991,W,1609.5,657
D25,32,PAPI-2L,42.8,3.5,46,7,9.674,N,89,52,53.987,W,1610.3,701
D39,14,PAPI-4L,23,3,45,42,28.841,N,94,56,8.181,W,1241.9,416
D39,32,PAPI-4L,22,3,45,42,7.605,N,94,55,51.263,W,1240.9,416
D42,13,PAPI-2L,20,3,44,14,0.93,N,95,0,10.23,W,1071.3,321.2
D42,31,PAPI-2L,20,3,44,13,42.77,N,94,59,42.12,W,1067.7,329.4
D50,13,PAPI-2L,32.7,3,48,55,53.4876,N,103,18,9.2805,W,1951,656
D50,31,PAPI-2L,32.6,3,48,55,36.0577,N,103,17,42.8218,W,1945.2,646
D55,14,PAPI-2L,28.1,3,48,45,18.464,N,98,23,52.494,W,1602.7,545
D55,32,PAPI-2L,27.1,3,48,44,59.735,N,98,23,28.494,W,1606,567
D57,11,PAPI-2L,26.5,3,46,48,57.705,N,101,52,12.309,W,2089.8,520
D57,29,PAPI-2L,26.2,3,46,48,45.252,N,101,51,37.031,W,2089.8,520
D60,12,PAPI-2L,25.9,3,48,23,0.76,N,102,54,11.65,W,2240,470
D60,30,PAPI-2L,25,3,48,22,32.83,N,102,53,27.07,W,2269.5,500
D73,3,PAPI-2L,51.2,4,33,46,43.948,N,83,41,43.691,W,860.4,944
D73,21,PAPI-2L,42.8,3.5,33,47,12.778,N,83,41,22.588,W,827.8,640.012
D76,6,PAPI-4R,25,3,66,48,59.093,N,161,1,57.801,W,45.1,436
D95,18,PAPI-4L,36,4,43,4,14.08,N,83,16,20.707,W,826.8,616
D95,36,PAPI-4L,33,4,43,3,47.188,N,83,16,19.099,W,829.3,459
D98,18,PAPI-4L,15.4,3,42,47,58.779,N,82,58,27.984,W,736.5,318
D98,36,PAPI-4L,22,3,42,47,30.934,N,82,58,26.393,W,729.6,395
DAA,14,PAPI-4L,68.4,3,38,43,0.144,N,77,10,59.844,W,52.2,1276
DAA,32,PAPI-4R,34.9,3,38,42,46.511,N,77,10,41.52,W,63.2,759
DAB,,PAPI-2L,47.5,3,29,10,37.412,N,81,3,15.541,W,29.5,888
DAB,16,PAPI-4L,50,3,29,11,18.514,N,81,3,18.639,W,30.9,949
DAB,,PAPI-2L,43.7,3,29,10,43.319,N,81,3,1.013,W,29.5,888
DAB,,PAPI-4L,71.9,3,29,10,59.166,N,81,3,6.273,W,33.8,1345
DAB,34,PAPI-4L,50,3,29,10,41.175,N,81,3,0.734,W,32.4,960
DAG,8,PAPI-4L,50.2,3,34,51,5.341,N,116,47,39.64,W,1925.3,1048
DAG,22,PAPI-4L,48.9,3,34,51,34.048,N,116,46,54.291,W,1911.8,874
DAG,26,PAPI-4L,49.8,3,34,51,5.341,N,116,46,45.78,W,1913.1,865
DAL,,PAPI-4R,57.2,3,32,51,15.754,N,96,51,12.392,W,481.2,1075
DAL,,PAPI-4R,52.2,3,32,50,54.241,N,96,51,36.251,W,476.1,996
DAL,,PAPI-4L,55.1,3.08,32,50,9.748,N,96,50,44.689,W,476.3,1024
DAL,,PAPI-4L,55,3,32,50,38.939,N,96,50,29.732,W,485.7,1072
DAN,2,PAPI-4L,54.9,3,36,33,55.0906,N,79,20,26.2342,W,542.8,900
DAN,13,VASI-2L,27.9,3,36,34,37.792,N,79,20,10.4149,W,564.6,657
DAN,20,PAPI-4L,46.5,3,36,34,31.276,N,79,20,13.1044,W,564.7,887
DAN,31,PAPI-2L,76.2,4,36,34,24.8144,N,79,19,47.0256,W,538.4,938
DAW,33,PAPI-4L,43.3,3,43,16,55.359,N,70,55,33.953,W,320,882.5
DAY,,PAPI-4L,67.1,3,39,53,49.697,N,84,14,31.946,W,997.3,1300
DAY,,PAPI-4L,50,3,39,53,31.402,N,84,13,13.476,W,1007.4,964
DAY,,PAPI-4L,54.1,3,39,54,1.743,N,84,12,16.47,W,1004,920
DAY,,PAPI-4L,55.9,3,39,54,37.751,N,84,13,1.7,W,995.5,1050
DAY,36,PAPI-4L,59.9,3,39,53,49.727,N,84,12,40.941,W,1007.1,1150
DBN,2,PAPI-2L,34.8,3,32,33,31.924,N,82,59,3.741,W,293.6,597
DBN,20,PAPI-2L,28.8,3,32,34,17.572,N,82,58,47.969,W,305,608
DBQ,13,PAPI-4R,43.9,3,42,24,26.893,N,90,42,46.897,W,1071.5,950
DBQ,18,PAPI-4L,33.6,3,42,24,28.5,N,90,42,43.333,W,1072,622
DBQ,31,PAPI-4L,57.2,3,42,23,56.021,N,90,42,5.15,W,1060.4,1127
DBQ,36,PAPI-4L,51.4,3,42,23,41.844,N,90,42,43.271,W,1032.2,981
DCA,1,PAPI-4R,54.1,3,38,50,39.667,N,77,2,13.303,W,12.2,1017
DCA,4,PAPI-4L,51.7,3.25,38,50,38.219,N,77,2,23.021,W,12.8,940
DCA,15,PAPI-4L,35.8,3,38,51,34.281,N,77,2,30.108,W,12.7,751
DCA,19,PAPI-4L,50.3,3,38,51,30.834,N,77,2,18.453,W,12.1,960
DCA,22,PAPI-4L,45.1,3,38,51,4.579,N,77,2,6.901,W,11.3,904
DCA,33,PAPI-4L,37,3,38,51,5.054,N,77,2,1.574,W,11,733
DCM,17,PAPI-2L,26.3,3,34,47,43.75,N,81,12,0.05,W,654.5,550
DCM,35,PAPI-2L,31.7,3,34,47,6.01,N,81,11,50.37,W,639,550
DCU,36,PAPI-2L,50,3,34,38,54.576,N,86,56,43.779,W,579.4,1030
DCY,18,PAPI-2L,43.5,3,38,42,20.611,N,87,7,47.02,W,460.2,761
DCY,36,PAPI-2L,33.2,3,38,41,44.632,N,87,7,47.016,W,469.1,601
DDC,2,PAPI-4L,37.2,3,37,45,25.549,N,99,57,59.162,W,2595.4,711
DDC,14,VASI-4L,55.3,3,37,46,14.5,N,99,58,13.774,W,2585.7,1000
DDC,20,PAPI-4L,44.8,3,37,45,52.502,N,99,57,37.657,W,2571.8,711
DDH,13,PAPI-4L,45,4,42,53,34.665,N,73,15,1.849,W,796.6,600
DDH,31,PAPI-4R,45,4,42,53,23.747,N,73,14,34.364,W,817.1,778
DEC,18,PAPI-4L,53.1,3,39,50,19.34,N,88,52,27.54,W,679.7,1000
DEC,24,VASI-4L,52.4,3,39,50,15.55,N,88,51,5.79,W,681.9,1000
DEC,30,PAPI-4L,51.3,3,39,50,0.68,N,88,51,24.53,W,677.5,1016.5
DEC,36,VASI-4L,58.1,3,39,49,46.75,N,88,52,26.9,W,678.3,1000
DED,5,PAPI-2L,51.8,3,29,3,45.566,N,81,17,8.813,W,77.9,993
DED,12,PAPI-2L,50.6,3,29,4,16.2,N,81,17,23.478,W,72,994
DED,23,PAPI-2L,67.2,3,29,3,59.24,N,81,16,51.073,W,71.5,1214
DED,30,PAPI-4L,53.8,3,29,3,58.2,N,81,16,43.268,W,70.3,1002
DEE,3,PAPI-4R,25,3,66,3,58.4,N,162,46,19.65,W,25.2,470
DEH,11,PAPI-2L,40,3,43,16,37.12,N,91,44,37.48,W,1147,720
DEH,11,PAPI-2L,40,3,43,16,37.12,N,91,44,37.48,W,1147,720
DEH,29,VASI-4L,57.9,4,43,16,26.9,N,91,44,7.01,W,1159.8,800
DEN,7,PAPI-4R,67.7,3,39,50,27.289,N,104,43,18.772,W,5347.6,1341
DEN,8,PAPI-4L,69.5,3,39,52,39.06,N,104,39,24.55,W,5344.2,1519
DEN,,PAPI-4L,70.9,3,39,53,36.55,N,104,41,12.65,W,5353,1293
DEN,,PAPI-4R,71.2,3,39,53,31.83,N,104,41,46.05,W,5320.6,1320
DEN,,PAPI-4L,66,3,39,51,41.34,N,104,38,28.85,W,5327.9,1264
DEN,,PAPI-4L,68.6,3,39,51,27.99,N,104,39,36.71,W,5380.3,1264
DEN,,PAPI-4L,68.6,3,39,51,27.99,N,104,39,36.71,W,5380.3,1264
DEN,25,PAPI-4L,71.2,3,39,50,26.487,N,104,41,19.593,W,5355,1359
DEN,26,PAPI-4L,69.6,3,39,52,38.2,N,104,37,26.29,W,5298.1,1258
DEN,,PAPI-4L,70.1,3,39,51,20.53,N,104,41,47.56,W,5321,1390
DEN,,PAPI-4L,63,3,39,52,3.46,N,104,41,13.73,W,5349.4,1284
DEN,,PAPI-4R,71,3,39,49,57.35,N,104,39,37.8,W,5423,1560
DEN,,PAPI-4R,65.8,3,39,50,9.35,N,104,38,29.99,W,5361.1,1425
DEQ,8,PAPI-2L,44.3,3,34,2,47.298,N,94,24,17.41,W,349.4,833
DEQ,26,PAPI-2L,49.1,3,34,2,50.94,N,94,23,39.201,W,355.1,932
DET,15,PAPI-4L,57.3,3,42,24,55.987,N,83,0,49.688,W,622.7,1097
DET,33,PAPI-4L,48.5,3,42,24,31.661,N,83,0,25.24,W,622.9,924
DEW,16,PAPI-4L,38,3.5,47,58,30.942,N,117,25,52.313,W,2209.1,604
DEW,34,PAPI-4L,40,3,47,57,43.678,N,117,25,52.078,W,2190.7,707
DFI,12,PAPI-4L,25.8,3,41,20,21.62,N,84,26,2.72,W,707.6,500
DFW,,PAPI-4L,81.9,3,32,54,28.637,N,97,0,57.875,W,541.3,1729
DFW,,PAPI-4L,70.7,3,32,54,24.145,N,97,4,48.652,W,588.8,1382
DFW,,PAPI-4L,73.7,3,32,54,42.693,N,97,1,33.584,W,562.8,1400
DFW,,PAPI-4L,76.5,3,32,53,41.091,N,97,0,35.274,W,535.1,1300
DFW,,PAPI-4L,67.5,3,32,54,43.797,N,97,1,47.649,W,566.3,1294
DFW,,PAPI-4L,69.5,3,32,54,43.027,N,97,3,2.722,W,597.7,1400
DFW,,PAPI-4L,74.3,3,32,54,42.502,N,97,3,16.798,W,603.8,1458
DFW,,PAPI-4L,72,3.13,32,53,34.538,N,97,3,57.632,W,579.3,1280
DFW,,PAPI-4L,68.9,3,32,53,50.495,N,97,0,13.089,W,514.3,1218
DFW,,PAPI-4L,76.4,3,32,52,58.26,N,97,1,34.142,W,563.1,1445
DFW,,PAPI-4L,62.5,3,32,52,55.804,N,97,1,48.226,W,563.4,1191
DFW,,PAPI-4R,72.7,3,32,52,45.555,N,97,0,35.582,W,563,1587
DFW,,PAPI-4L,72,3,32,52,57.587,N,97,3,17.333,W,584.6,1338
DFW,,PAPI-4L,66.2,3,32,52,56.477,N,97,3,3.27,W,577.4,1231
DGW,11,PAPI-2L,32.7,3,42,47,53.074,N,105,23,28.808,W,4911.9,580
DGW,23,PAPI-2L,45,3,42,48,8.16,N,105,23,7.18,W,4909.1,900
DGW,29,PAPI-2L,44.5,3,42,47,29.753,N,105,22,28.888,W,4930.1,899
DHN,14,PAPI-2L,54.6,3,31,19,42.866,N,85,27,33.455,W,400.7,1038
DHN,18,PAPI-4L,47.7,3,31,19,24.266,N,85,26,44.015,W,387.8,1040
DIJ,4,PAPI-4R,40.3,3.5,43,44,26.074,N,111,6,0.229,W,6170.9,537
DIJ,22,PAPI-4L,39.9,3.5,43,45,5.08,N,111,5,0.054,W,6246,836
DIK,7,PAPI-4L,27,3,46,47,47.485,N,102,48,33.977,W,2569,567
DIK,14,PAPI-4L,50.1,3,46,48,32.123,N,102,48,39.874,W,2582.8,937
DIK,25,PAPI-4L,28.1,3,46,47,53.641,N,102,47,44.49,W,2587,633
DIK,32,PAPI-4L,50,3,46,47,45.521,N,102,48,1.307,W,2582.6,933
DJT,,PAPI-4R,67.7,3,26,40,58.351,N,80,6,2.601,W,15.6,1300
DJT,14,PAPI-4R,66.2,3,26,41,21.461,N,80,6,4.371,W,15.5,1296
DJT,,PAPI-4L,70.1,3,26,40,55.783,N,80,5,3.819,W,17.6,1351
DJT,32,PAPI-4L,57,3.25,26,40,51.957,N,80,5,31.735,W,15.4,1012
DKB,2,PAPI-4L,53.3,3,41,55,50.157,N,88,42,19.361,W,905.9,1147
DKB,9,PAPI-4L,30.2,3,41,55,44.4,N,88,43,0.04,W,911.7,572
DKB,20,PAPI-4L,28.7,3,41,56,39.842,N,88,41,55.797,W,903.9,544
DKB,27,PAPI-4L,23.8,3,41,55,44.463,N,88,42,18.566,W,909.6,495
DKK,6,PAPI-4L,42.6,3,42,29,26.852,N,79,16,33.315,W,675.4,784.225
DKK,15,PAPI-4L,36.2,3,42,29,44.227,N,79,16,35.722,W,665.1,598.731
DKK,24,PAPI-4L,44.1,3,42,29,55.387,N,79,15,48.502,W,664.7,785.943
DKK,33,PAPI-4L,44.5,3.1,42,29,25.996,N,79,16,14.53,W,684.4,966.133
DKX,8,PAPI-2L,43,3.8,35,57,46.995,N,83,52,38.037,W,832.6,658
DKX,26,PAPI-2L,43.9,3.35,35,57,52.298,N,83,52,13.393,W,831.1,745
DLF,,PAPI-4L,38.2,3,29,21,57.221,N,100,47,10.182,W,1077.6,794
DLF,,PAPI-4L,40.4,3,29,22,0.004,N,100,46,57.449,W,1076.6,792
DLF,,PAPI-4L,55.4,3,29,21,7.196,N,100,46,13.932,W,1071.4,965
DLF,,PAPI-4L,42.9,3,29,21,12.019,N,100,46,3.499,W,1068.3,720
DLG,1,PAPI-4L,45,3,59,2,20.01,N,158,30,39.99,W,75.6,832
DLG,19,VASI-4L,56.6,3,59,3,0.45,N,158,30,0.87,W,70.4,973
DLH,3,PAPI-4L,39,3,46,50,15.33,N,92,11,11.81,W,1411.3,792
DLH,9,PAPI-4L,70.3,3,46,50,32.278,N,92,12,52.328,W,1422.4,1441.2
DLH,21,PAPI-4L,37,3,46,50,50.88,N,92,10,39.99,W,1416.3,700
DLH,27,PAPI-4L,91,3,46,50,29.569,N,92,11,12.731,W,1420.8,1691
DLL,1,PAPI-2L,32.1,3,43,31,2.229,N,89,46,17.004,W,976.8,622
DLL,19,PAPI-2L,31.5,3,43,31,39.375,N,89,46,9.128,W,968.6,582
DLN,17,PAPI-2L,39,3,45,15,52.242,N,112,33,8.777,W,5166.5,591.029
DLN,22,PAPI-2L,30.2,3,45,15,14.77,N,112,32,58.23,W,5221.5,599.3
DLN,35,PAPI-2L,30,3,45,15,1.12,N,112,33,7.001,W,5236.6,728
DLO,15,PAPI-2L,29.9,3.5,35,44,50.587,N,119,14,14.548,W,313.6,490
DLO,33,PAPI-2L,25.6,3,35,44,22.437,N,119,14,0.988,W,311.7,482
DLZ,10,PAPI-4L,43.4,3,40,16,49.333,N,83,7,14.733,W,944.6,820
DLZ,28,PAPI-4L,41.1,3,40,16,43.323,N,83,6,21.194,W,944.7,786
DMA,13,PAPI-4L,57.9,3,32,10,41.674,N,110,53,45.64,W,2596.8,951
DMA,31,PAPI-4L,58.6,3,32,9,18.843,N,110,52,16.099,W,2693.3,1321
DMN,4,PAPI-2L,43.7,3,32,15,28.66,N,107,43,45.08,W,4311.8,813
DMN,8,PAPI-4L,42.6,3,32,15,46.91,N,107,43,32.52,W,4312.9,834
DMN,22,PAPI-2L,43.5,3,32,15,53.89,N,107,43,7.66,W,4301.6,758
DMN,26,PAPI-4L,39.9,3,32,15,47.22,N,107,42,17.29,W,4290.5,723
DMO,18,PAPI-4L,40.1,3,38,42,52.537,N,93,10,20.862,W,879.5,815.015
DMO,36,PAPI-4L,44.4,3,38,42,16.121,N,93,10,22.231,W,892.4,999.132
DMW,16,PAPI-4L,45,3,39,36,43.84,N,77,0,38.9,W,788.1,875
DMW,34,PAPI-4L,40,3,39,36,14.83,N,77,0,15.49,W,779.1,765
DNA,10,PAPI-4L,44.3,3,31,53,4.052,N,106,42,54.001,W,4111.6,844
DNA,28,PAPI-4L,46.6,3,31,52,35.412,N,106,41,30.029,W,4109.3,906
DNL,5,PAPI-2L,30,3,33,27,43.82,N,82,2,31.631,W,384,429
DNL,11,PAPI-4L,54.3,3.5,33,28,8.12,N,82,2,30.99,W,420.8,900
DNL,23,PAPI-2L,26.3,3.3,33,28,1.428,N,82,2,10.046,W,417,522
DNN,14,PAPI-4L,55.2,3,34,43,35.013,N,84,52,26.688,W,708.4,1042
DNN,32,PAPI-4L,54.2,3.05,34,43,9.213,N,84,51,58.014,W,697,914
DNS,12,PAPI-2L,27.5,3,41,59,19.271,N,95,23,7.05,W,1270.1,600
DNS,30,PAPI-2L,40.2,3.5,41,58,58.126,N,95,22,25.479,W,1261.6,600
DNV,3,VASI-4L,41.4,3,40,11,43.56,N,87,35,54.29,W,655.1,690
DNV,16,VASI-2L,23.3,3,40,12,4.46,N,87,35,54.62,W,669,690
DNV,21,PAPI-4L,46.1,3,40,12,21.64,N,87,35,26.55,W,695.4,901
DNV,34,VASI-2L,13.8,3,40,11,37.13,N,87,35,44.54,W,647,435
DOV,1,PAPI-4L,75.1,3,39,7,16.1,N,75,27,51.554,W,24.7,1439
DOV,14,PAPI-4L,78.2,3,39,7,48.347,N,75,28,11.049,W,20,1479
DOV,19,PAPI-4L,75.1,3,39,8,22.618,N,75,27,46.745,W,22.7,1423
DOV,32,PAPI-4L,69.2,2.93,39,7,14.669,N,75,27,11.168,W,26.2,1353
DPA,10,VASI-4L,50,3,41,54,47.588,N,88,15,18.713,W,754.5,900
DPA,15,PAPI-4R,42.3,3.9,41,55,3.342,N,88,14,39.649,W,754.2,703
DPA,,PAPI-4L,40,3,41,54,43.934,N,88,14,50.908,W,756.5,745
DPA,28,PAPI-4L,40,3,41,54,44.387,N,88,14,38.071,W,756,760
DPG,12,PAPI-4L,88.2,3,40,12,10.13,N,112,56,31.73,W,4340.406,1707.945
DPG,30,PAPI-4L,84.6,3,40,11,31.034,N,112,55,40.664,W,4344.953,1707.324
DPL,5,PAPI-4L,27.5,3,34,59,40.096,N,77,59,11.901,W,135,486
DPL,23,PAPI-4L,45.5,3,35,0,17.06,N,77,58,38.817,W,135.4,876
DQH,4,PAPI-2L,52.2,3,31,28,20.11,N,82,51,52.367,W,252.1,950
DQH,22,PAPI-2L,27.4,2.5,31,28,55.165,N,82,51,21.266,W,257,600
DRI,18,PAPI-4R,50,3,30,50,6.04,N,93,20,15.961,W,197.1,1087
DRI,36,PAPI-4L,50,3,30,49,32.358,N,93,20,15.57,W,196.9,1004
DRO,3,PAPI-4L,55,3,37,8,36.842,N,107,45,40.879,W,6624.6,955.973
DRO,21,PAPI-4L,50.8,3,37,9,32.753,N,107,44,47.528,W,6681.1,1126
DRP,18,PAPI-2L,44,3,35,7,28.321,N,90,49,35.173,W,237.2,870
DRP,36,PAPI-2L,43.7,3,35,6,55.373,N,90,49,35.648,W,230.4,801
DRT,13,PAPI-4L,46.8,3,29,22,41.72,N,100,55,51.62,W,999.5,934
DRT,31,PAPI-4L,61.5,3,29,22,11.69,N,100,55,23.08,W,998.1,1119
DSM,5,PAPI-4L,54.8,3,41,31,29.693,N,93,40,27.472,W,920.5,955
DSM,13,PAPI-4R,53.5,3,41,32,37.846,N,93,40,18.778,W,916.6,952
DSM,23,PAPI-4L,60,3,41,32,10.124,N,93,39,13.87,W,938.6,1114
DSM,31,PAPI-4L,51.9,3,41,31,51.89,N,93,39,11.662,W,949.8,1143
DSV,14,VASI-2L,35.4,3,42,34,20.677,N,77,42,59.419,W,638.5,642
DSV,32,VASI-4L,53,4,42,34,8.316,N,77,42,38.152,W,651.7,833
DTA,17,PAPI-2L,48.2,3,39,23,18.952,N,112,30,7.839,W,4758.9,931
DTA,35,PAPI-2L,42.3,3,39,22,36.029,N,112,30,8.092,W,4753.1,790
DTL,14,PAPI-4L,42.7,3,46,49,31.901,N,95,53,4.806,W,1387,931
DTL,32,PAPI-4L,42.2,3,46,49,5.492,N,95,52,32.398,W,1363.9,771
DTN,5,PAPI-2L,41.8,3,32,32,20.365,N,93,44,44.27,W,173.5,800
DTN,14,PAPI-4L,40,3,32,32,39.689,N,93,44,55.899,W,179,758
DTN,23,PAPI-2L,39.2,3,32,32,35.303,N,93,44,18.775,W,175.8,744
DTN,32,PAPI-4R,47.8,3,32,32,14.427,N,93,44,31.162,W,177.8,942
DTO,,PAPI-4L,53.5,3,33,12,32.222,N,97,11,52.076,W,640,1007
DTO,,PAPI-4L,42.4,3,33,12,23.087,N,97,12,2.17,W,642.8,811
DTO,,PAPI-4L,42.2,3,33,11,48.943,N,97,12,2.91,W,630.8,740
DTO,,PAPI-4L,50.1,3,33,11,43.012,N,97,11,53.163,W,629.1,920
DTS,14,PAPI-4L,43,3,30,24,13.313,N,86,28,29.065,W,21.8,822
DTS,32,PAPI-4L,42.2,3,30,23,46.932,N,86,28,5.403,W,20.7,803
DTW,,PAPI-4R,55,3,42,12,37.3133,N,83,20,57.6796,W,636.8,1051
DTW,,PAPI-4R,70.4,3,42,11,55.7372,N,83,20,57.9983,W,633.1,1330
DTW,,PAPI-4L,70.7,3,42,12,19.8701,N,83,22,53.5349,W,643.9,1390
DTW,,PAPI-4L,79.8,3,42,12,57.9452,N,83,20,12.1666,W,632.1,1490
DTW,,PAPI-4L,55,3,42,13,32.9588,N,83,20,16.6683,W,632.9,1027
DTW,,PAPI-4R,70.8,3,42,13,22.5128,N,83,22,7.4251,W,641.7,1381
DTW,,PAPI-4L,71.4,3,42,11,58.0401,N,83,20,7.2615,W,629.6,1350
DTW,,PAPI-4L,60.6,3,42,13,2.7605,N,83,20,7.419,W,632.1,1182
DUA,17,PAPI-4L,42.8,3,33,56,46.857,N,96,23,42.035,W,690.4,979
DUA,35,PAPI-4L,42.4,3,33,55,57.51,N,96,23,42.39,W,692.4,832
DUB,11,PAPI-2L,42.3,3,43,33,4.768,N,109,41,56.685,W,7290.9,954
DUB,29,PAPI-2L,42.8,3,43,32,44.688,N,109,40,54.692,W,7242.6,746
DUC,17,PAPI-4R,52.6,3,34,28,36.573,N,97,57,35.814,W,1106.2,1158
DUC,35,VASI-4L,41.7,3,34,27,52.09,N,97,57,35.16,W,1097,670
DUG,17,VASI-2L,53,3.25,31,28,16.4,N,109,36,16.11,W,4122.8,954
DUJ,7,VASI-2L,28.2,3,41,10,32.6,N,78,54,18.503,W,1805.5,750
DUJ,25,PAPI-4L,57.6,3,41,10,48.976,N,78,53,37.017,W,1812.8,1173
DUT,13,VASI-4L,38.1,3,53,54,4.462,N,166,32,55.825,W,19.3,773
DUT,31,VASI-4R,31.7,3,53,53,46.543,N,166,32,26.089,W,15.3,582
DUX,1,PAPI-4L,50,3,35,51,4.84,N,102,0,58.61,W,3703.9,1012
DUX,19,PAPI-4L,50,3,35,51,41.75,N,102,0,39.23,W,3700.3,931
DVK,13,PAPI-4L,35.1,3,37,34,43.934,N,84,46,22.976,W,1014,683
DVK,31,PAPI-4L,31.2,3,37,34,24.737,N,84,45,43.669,W,1015.4,604
DVL,3,PAPI-2L,25,3,48,6,42.74,N,98,54,47.804,W,1449.7,501
DVL,13,PAPI-4L,45.2,3,48,7,19.545,N,98,55,1.282,W,1462.2,1000
DVL,21,PAPI-2L,25,3,48,7,5.909,N,98,54,13.13,W,1442,489
DVL,31,PAPI-4L,43.8,3,48,6,46.136,N,98,54,16.465,W,1442.5,849
DVN,3,VASI-4L,42.7,3,41,36,33.59,N,90,35,26.09,W,748.3,786
DVN,15,VASI-4L,55.9,3,41,36,45.91,N,90,35,29,W,750.8,1113
DVN,21,VASI-4L,44.5,3,41,36,53.93,N,90,35,10.72,W,748.9,848
DVN,33,VASI-4L,48,3,41,36,16.12,N,90,35,5.67,W,743.9,900
DVO,13,PAPI-2R,28,3.5,38,8,47.146,N,122,33,33.127,W,3.8,448
DVO,31,PAPI-2L,56,4,38,8,29.579,N,122,33,20.136,W,2.9,797
DVP,17,PAPI-2L,21.9,3,43,59,23.615,N,95,46,57.397,W,1617.6,375
DVP,35,PAPI-2L,21.7,3,43,59,1.593,N,95,46,57.397,W,1624.4,400
DVT,,PAPI-4L,53.4,3.5,33,41,21.53,N,112,5,12.523,W,1459.3,805
DVT,,PAPI-4L,45.7,3,33,41,13.765,N,112,5,26.665,W,1449.6,788
DVT,,PAPI-4L,38.7,3,33,41,17.072,N,112,4,29.95,W,1472.5,790
DVT,,PAPI-4L,51.3,4,33,41,23.533,N,112,4,38.172,W,1473.2,785
DWA,16,PAPI-2L,40,3,38,35,7.88,N,121,51,24.82,W,97,763
DWA,34,PAPI-2L,40,3,38,34,23.65,N,121,51,25.2,W,98,763
DWH,,PAPI-4R,51.5,3,30,4,4.38,N,95,33,14.47,W,151.3,983.8
DWH,,PAPI-4R,51.5,3,30,4,4.38,N,95,33,14.47,W,151.3,983.8
DWH,,PAPI-4L,40.8,3,30,3,23.51,N,95,33,8.5,W,141.2,856
DWU,10,PAPI-2L,36.5,3,38,33,18.878,N,82,44,40.565,W,546.5,696
DWU,28,PAPI-2L,61.3,4,38,33,13.457,N,82,43,52.532,W,546.6,851
DWX,6,PAPI-2L,30,3,41,2,5.084,N,107,30,10.233,W,6475.8,489
DXE,18,PAPI-2L,40.2,2.98,36,46,47.35,N,89,56,27.88,W,297.3,897.5
DXE,36,PAPI-2L,48.5,3.01,36,46,15.05,N,89,56,29.2,W,301.7,833.5
DXX,14,PAPI-4L,22.7,3,44,59,20.53,N,96,10,54.99,W,1080,450
DXX,32,PAPI-4L,23.2,3,44,59,2.36,N,96,10,33.52,W,1077.2,450
DYA,4,PAPI-2R,43,3.25,32,27,37.29,N,87,57,28.21,W,110.5,783.9
DYA,22,PAPI-2L,42.9,3.25,32,28,2.24,N,87,57,0.98,W,104.6,783.6
DYL,5,SAVASI2L,26,5,40,19,49.304,N,75,7,30.127,W,394,262.5
DYL,23,PAPI-2L,20,3,40,20,7.077,N,75,7,12.363,W,394,392.8
DYR,4,PAPI-4L,35,3,35,59,30.62,N,89,24,44.72,W,292,670
DYR,22,PAPI-4L,27.5,3,35,59,58.908,N,89,24,14.957,W,332.4,570
DYS,16,PAPI-4L,47.5,2.6,32,26,9.619,N,99,51,29.321,W,1788.1,1094
DYS,34,PAPI-4L,52.6,2.5,32,24,20.85,N,99,51,4.046,W,1787.8,1200
DYT,14,PAPI-2L,20,4,46,43,27.759,N,92,2,48.616,W,608.2,274
DYT,32,PAPI-2R,20,4,46,43,11.634,N,92,2,31.083,W,608.6,288
DZJ,8,PAPI-2L,40,3.31,34,51,14.024,N,83,59,58.092,W,1891.2,841
DZJ,26,PAPI-2L,55.5,3.54,34,51,18.993,N,83,59,38.158,W,1862.2,755
E01,12,PAPI-2L,24,3,31,34,54.154,N,102,54,26.768,W,2609.3,2610.4
E06,3,PAPI-2L,42.8,3,32,57,1.232,N,103,24,44.83,W,3975.2,836
E06,12,PAPI-2L,43.3,3,32,57,21.243,N,103,24,48.589,W,3978.2,846
E06,21,PAPI-2L,42.8,3,32,57,31.899,N,103,24,8.489,W,3968.3,783
E06,30,PAPI-2L,43,3,32,57,0.726,N,103,24,26.713,W,3972,774
E11,2,PAPI-2L,25.7,3,32,19,43.17,N,102,31,49.42,W,3165,500
E11,16,PAPI-4L,37.4,3,32,20,17.27,N,102,31,59.82,W,3172.1,750
E11,20,PAPI-2L,42,3,32,20,0.35,N,102,31,39.42,W,3184.2,500
E11,34,PAPI-4L,33.6,3,32,19,35.81,N,102,31,46.25,W,3164,716
E14,16,PAPI-2L,40,3,36,1,50.083,N,106,2,46.677,W,5755.2,859
E14,34,PAPI-2L,40,3,36,1,18.348,N,106,2,40.386,W,5724.1,897
E16,14,PAPI-2L,41.3,4,37,5,2.342,N,121,35,53.248,W,282.3,594
E16,32,PAPI-2L,41.5,4,37,4,44.765,N,121,35,43.584,W,275.6,557.678
E26,1,PAPI-2L,40.1,3.03,32,7,37.513,N,103,9,22.962,W,3099.9,703
E26,19,PAPI-2L,45.9,2.83,32,8,7.26,N,103,9,12.285,W,3107.4,858
E30,17,PAPI-2L,40,3,31,40,40.02,N,99,58,37.08,W,1735,754
E36,17,PAPI-2L,20,3,38,55,23.6376,N,120,51,53.0775,W,2613.8,528
E38,1,PAPI-2L,40.2,3.5,30,22,38.508,N,103,41,8.859,W,4507.7,772
E38,19,PAPI-2L,40,3,30,23,20.36,N,103,40,48.692,W,4455.6,646
E41,16,PAPI-2L,30,3,31,12,10.0514,N,101,28,24.1952,W,2705.4,554
E41,34,PAPI-2L,40,3.5,31,11,43.1067,N,101,28,18.2914,W,2699,705
E42,2,PAPI-2L,38.9,3,36,13,0.036,N,101,11,51.041,W,3088.2,700
E42,20,PAPI-2L,40,3,36,13,30.372,N,101,11,29.945,W,3087.9,800
E45,9,VASI-2L,24.4,4.5,37,51,47.14,N,120,10,57.7,W,2893.7,325
E45,27,PAPI-2L,20.9,4,37,51,37.41,N,120,10,27.31,W,2919.6,485
E60,2,PAPI-2L,42.8,3,32,48,15.697,N,111,35,19.638,W,1508.9,864
E60,20,PAPI-2L,42.4,3,32,48,33.148,N,111,35,3.664,W,1505.3,807
E63,4,PAPI-2L,40,3,32,57,26.65,N,112,40,43.64,W,776.1,727
E63,22,PAPI-2L,40,3,32,57,46.15,N,112,40,7.33,W,786.5,806
E77,11,PAPI-2L,44.1,3,32,38,17.65,N,110,39,1.61,W,3267,931
E77,29,PAPI-2R,43.4,3,32,38,3.74,N,110,38,37.13,W,3254.2,753
E95,10,PAPI-2L,34.8,3,32,0,0.277,N,110,21,42.762,W,3822.8,765
E95,28,PAPI-2L,45.3,3,31,59,55.773,N,110,21,14.56,W,3806.2,765
EAA,7,VASI-4L,39,3.75,64,46,41.666,N,141,9,27.233,W,903.4,557.148
EAN,8,PAPI-2L,42.3,3,42,3,19.658,N,104,56,10.177,W,4777.9,810
EAN,26,PAPI-2L,46,3,42,3,20.082,N,104,55,13.448,W,4769.8,809
EAR,13,PAPI-2L,43.2,3,40,43,49.778,N,99,0,24.549,W,2127.9,850.008
EAR,18,PAPI-4L,45.6,3,40,44,2.695,N,99,0,26.964,W,2129.3,852
EAR,31,PAPI-2L,44,3,40,43,28.23,N,99,0,1.79,W,2128.3,850
EAR,36,PAPI-4L,43.4,3,40,43,9.773,N,99,0,36.005,W,2131.2,840
EAT,12,PAPI-4L,55,3.6,47,24,14.578,N,120,12,53.186,W,1216.7,875
EAT,30,PAPI-4L,60,3.6,47,23,38.422,N,120,11,59.981,W,1231.6,946
EAU,4,PAPI-4L,44,3,44,51,42.213,N,91,29,21.445,W,885.6,857
EAU,14,PAPI-4L,42.9,3,44,52,1.506,N,91,29,33.584,W,882,830
EAU,22,PAPI-4L,50,3,44,52,22.234,N,91,28,25.219,W,904.8,1114
EAU,32,PAPI-4L,70.2,4,44,51,37.913,N,91,29,4.707,W,886.7,1002
EBA,11,PAPI-2L,42,3.75,34,5,45.93,N,82,49,22.39,W,600.4,850
EBA,29,PAPI-2L,39.1,3.75,34,5,40.736,N,82,48,41.747,W,596.6,696
EBCV,8,PAPI-4L,55.5,3,50,34,30.9,N,3,49,30.04,E,188.3,861.4
EBCV,26,PAPI-4L,45.6,3,50,34,41.663,N,3,51,6.213,E,186,1036
EBD,8,PAPI-2L,40,3,37,40,48.16,N,82,7,40.88,W,1834.2,666.2
EBD,26,PAPI-2L,40,3,37,40,59.24,N,82,7,2.5,W,1872.1,1050.4
EBG,14,PAPI-2L,41.5,3,26,26,42.816,N,98,7,30.356,W,72.2,900
EBG,32,PAPI-2L,44.6,3,26,26,17.504,N,98,7,9.831,W,68.2,936
EBS,14,PAPI-4L,32.1,3,42,26,20.225,N,93,52,18.303,W,1109.3,543
EBS,32,PAPI-4L,32.1,3,42,25,59.208,N,93,51,57.673,W,1118.2,677
ECG,1,VASI-4L,25,2.75,36,15,21.887,N,76,10,44.169,W,9.2,526
ECG,10,PAPI-2L,49,3,36,15,40.445,N,76,10,51.652,W,10.6,938
ECG,19,VASI-4L,29.5,2.75,36,15,52.447,N,76,10,42.574,W,8,600
ECG,28,PAPI-2L,50,3,36,15,38.231,N,76,9,46.834,W,9.6,968
ECP,16,PAPI-4L,71.9,3,30,22,3.278,N,85,47,58.775,W,68.8,1371
ECP,34,PAPI-4L,85.9,3,30,20,55.87,N,85,47,29.483,W,68.8,1351
ECS,14,PAPI-2L,42.7,3,43,53,17.17,N,104,19,6.208,W,4163.6,912.1
ECS,32,PAPI-2L,44.5,3,43,52,50.154,N,104,18,38.983,W,4169,1011.7
EDC,13,PAPI-4L,40,3,30,24,3.86,N,97,34,12.51,W,617.2,794
EDC,31,PAPI-4L,40,3,30,23,38.07,N,97,33,38.8,W,600.2,694
EDDI,,PAPI-2L,56,3,52,28,20.28,N,13,23,56.68,E,155.3,996
EDDI,,PAPI-2L,65.1,3.5,52,28,21.53,N,13,24,48.64,E,164.1,1049.2
EDE,1,PAPI-2L,39.3,3,36,1,20.591,N,76,34,11.121,W,17.9,742
EDE,19,PAPI-2R,47.6,3,36,2,3.664,N,76,34,11.202,W,18.1,903
EDF,6,PAPI-4L,76.8,3,61,14,57.666,N,149,50,8.926,W,172.1,1511
EDF,16,PAPI-4L,46.9,3,61,15,33.977,N,149,47,36.527,W,209.1,960
EDF,24,PAPI-4L,62.9,3,61,15,9.91,N,149,47,44.61,W,195,1320.9
EDF,34,PAPI-4L,52.9,3,61,14,38.99,N,149,47,36.52,W,188,948.7
EDJ,7,PAPI-4L,40.7,3,40,22,14.21,N,83,49,30.1,W,1107,775
EDJ,25,PAPI-4L,56.7,4,40,22,25.72,N,83,48,50.22,W,1117.5,925
EDN,5,PAPI-2L,49.9,3,31,17,48.86,N,85,54,14.48,W,345.1,882
EDN,23,PAPI-2L,57.8,3.5,31,18,9.17,N,85,53,44.32,W,360.1,872
EDU,17,PAPI-2L,32.4,3.25,38,32,3.779,N,121,47,11.093,W,64.6,524
EDU,35,PAPI-2L,32.5,3.25,38,31,43.174,N,121,47,11.44,W,69.1,567
EDW,,PAPI-4L,47.7,3,34,53,45.302,N,117,54,8.471,W,2301.3,938
EDW,,PAPI-4L,50.7,2.5,34,54,52.8,N,117,51,56.19,W,2283.5,1124
EED,2,PAPI-2L,30.1,3,34,45,59.78,N,114,37,17.63,W,910.7,929.4
EED,20,PAPI-2L,40,3,34,46,23.55,N,114,37,1.57,W,855.9,554.6
EEK,18,PAPI-4L,24.1,3,60,13,0.68,N,162,2,34.39,W,26.5,452
EEK,36,PAPI-4L,25,3,60,12,38.02,N,162,2,41.68,W,26.5,460
EEN,2,PAPI-4L,38.9,3,42,53,23.53,N,72,16,14.43,W,478.9,931
EEN,20,PAPI-4L,50,3,42,54,5.65,N,72,16,11.19,W,482.2,1000
EEO,3,PAPI-2L,40,3,40,2,35.53,N,107,53,30.98,W,6361.1,605
EET,16,PAPI-4L,57,3.5,33,10,53.51,N,86,47,6.31,W,569.1,1019.7
EET,16,PAPI-4L,57,3.5,33,10,53.51,N,86,47,6.31,W,569.1,1019.7
EET,34,PAPI-4L,43.7,4,33,10,23.59,N,86,46,51.37,W,581.6,700
EFC,14,PAPI-2L,39.9,3,44,44,17.13,N,103,51,53.502,W,3175.7,650
EFC,32,PAPI-2L,32.6,3,44,43,49.176,N,103,51,32.846,W,3178.6,651
EFD,4,PAPI-4L,50,3,29,35,59.56,N,95,9,40.02,W,26,859.3
EFD,,PAPI-4L,48,3,29,36,56.85,N,95,9,51.61,W,31,923.9
EFD,22,PAPI-4L,49.8,3,29,36,43.79,N,95,8,51.4,W,30.5,946
EFD,,PAPI-4L,32.2,3,29,35,44.4,N,95,9,49.92,W,26.8,756.5
EFK,18,PAPI-4L,42.6,3,44,53,27.765,N,72,13,43.784,W,927.2,851
EFK,36,PAPI-4L,43.8,3,44,52,59.803,N,72,13,29.11,W,918.6,1128
EFT,2,PAPI-2L,13.9,3,42,36,39.53,N,89,35,39.36,W,1059.7,204
EFT,12,PAPI-2L,40.2,3.15,42,37,3.6,N,89,35,39.69,W,1082,780
EFT,30,PAPI-2L,42.4,3,42,36,45.55,N,89,35,0.08,W,1066.6,740
EFW,14,PAPI-2L,32.8,3,42,0,43.975,N,94,20,43.221,W,1043.1,621
EFW,32,PAPI-2L,35.8,3,42,0,23.08,N,94,20,21.993,W,1044.3,726
EGE,25,PAPI-4R,55,3,39,38,37.04,N,106,54,28.99,W,6528.5,1255.5
EGI,18,PAPI-4L,58.7,3,30,39,29.362,N,86,31,21.887,W,186.3,1175
EGI,36,PAPI-4L,50.3,3,30,38,30.981,N,86,31,22.975,W,190.9,951
EGQ,13,PAPI-4L,53.9,4,43,6,19.95,N,94,42,34.72,W,1206,798.2
EGQ,31,PAPI-4L,40,3,43,6,7.01,N,94,42,17.99,W,1205.6,797.4
EGT,18,PAPI-4L,42.4,3,37,19,47.663,N,97,23,18.303,W,1276.6,812
EGT,36,PAPI-4L,42.2,3,37,19,11.841,N,97,23,17.854,W,1272.6,765
EGUL,5,PAPI-4L,58.6,3,52,24,14.8,N,0,32,53.98,E,30.5,1066.2
EGUL,23,PAPI-4L,59,3,52,24,52.6,N,0,34,24.53,E,30.2,1126.1
EGUN,10,PAPI-4R,67.2,2.9,52,21,50.459,N,0,28,19.201,E,22.6,1294
EGUN,28,PAPI-4L,63.1,2.9,52,21,35.467,N,0,30,2.997,E,29.7,1291
EGV,4,PAPI-4L,44.6,3,45,55,43.15,N,89,16,25.06,W,1639.9,867
EGV,22,PAPI-4L,33.6,3,45,56,7.28,N,89,15,50.04,W,1636.6,654
EGVA,9,PAPI-2L,60.4,2.75,51,40,59.46,N,1,48,22.39,W,283.4,1313.5
EGVA,27,PAPI-4L,60,2.85,51,41,1.99,N,1,46,23.44,W,256.7,1179.4
EHA,4,PAPI-4L,37.9,3,36,59,48.0189,N,101,52,55.695,W,3617.6,800
EHA,17,PAPI-4L,39.7,3,37,0,23.891,N,101,52,55.942,W,3610.2,723
EHA,22,PAPI-4L,39.3,3,37,0,10.6556,N,101,52,23.8719,W,3599.9,649
EHA,35,PAPI-4L,43.7,3,36,59,50.944,N,101,52,55.443,W,3618.2,851
EHM,15,PAPI-2L,44.4,3,58,39,9.039,N,162,3,58.461,W,254.5,312
EHO,5,PAPI-2L,41.1,3,35,15,8.246,N,81,36,17.364,W,837.5,753
EHO,23,PAPI-2L,28,3,35,15,34.858,N,81,35,46.131,W,839.6,513
EHR,9,PAPI-4L,42.9,3,37,48,27.673,N,87,41,32.327,W,384.9,837
EHR,27,PAPI-4L,30,3,37,48,28.84,N,87,40,41.072,W,386.2,551
EIK,16,PAPI-2L,57.9,3,40,0,52.95,N,105,2,57.69,W,5094.5,675
EIK,34,PAPI-2L,51.9,3,40,0,23.82,N,105,2,48.36,W,5116,990
EIL,14,PAPI-4L,53.6,2.7,64,40,52.88,N,147,6,55.38,W,534.5,1117
EIL,32,PAPI-4L,44.1,2.7,64,38,58.3,N,147,5,13.66,W,546,958
EKA,30,VASI-2L,26.2,4,40,48,4.393,N,124,6,35.633,W,10,378
EKM,9,VASI-4L,38,3,41,43,15.25,N,86,1,1.51,W,775.8,629
EKM,18,PAPI-4L,37.6,3,41,43,13.08,N,85,59,34.47,W,777.6,718
EKM,27,PAPI-4L,45.6,3,41,43,15.35,N,85,59,55.4,W,776.9,858
EKM,36,VASI-4L,57.2,4,41,42,48.323,N,85,59,29.79,W,776.6,750
EKO,6,PAPI-4L,44,3,40,49,11.857,N,115,48,9.584,W,5048.8,880
EKO,24,PAPI-4L,51,3.25,40,49,28.048,N,115,47,15.117,W,5056,1040
EKQ,3,PAPI-4L,40,3,36,51,8.77,N,84,51,31.18,W,960.3,731
EKQ,21,PAPI-4L,40,3,36,51,28.01,N,84,51,13.94,W,956.4,870
EKS,16,PAPI-4L,37.6,3,45,17,0.176,N,111,38,58.409,W,5417.6,1002
EKS,34,PAPI-4L,40.1,3,45,16,1.966,N,111,38,53.526,W,5352.9,690
EKX,5,PAPI-4L,48.5,3,37,40,54.687,N,85,55,50.01,W,756.9,801
EKX,23,PAPI-4L,30,3,37,41,25.884,N,85,55,8.467,W,773.9,605
EKY,5,PAPI-4L,60,3,33,18,33.54,N,86,55,51.41,W,700.2,1145
EKY,23,PAPI-4L,40,3,33,18,59.7,N,86,55,14.52,W,698.4,763
ELA,17,PAPI-2L,48,3,29,36,11.687,N,96,19,21.024,W,182,954
ELA,35,PAPI-2L,40,3,29,35,46.274,N,96,19,16.566,W,183.7,729
ELD,4,PAPI-4L,50,3,33,12,56.78,N,92,48,59.447,W,258.6,958
ELD,13,PAPI-2L,42.9,4,33,13,34.619,N,92,49,1.351,W,275.1,642
ELD,22,PAPI-4L,53,3,33,13,28.134,N,92,48,20.921,W,252.6,1086
ELD,31,PAPI-2R,42.7,4,33,13,7.511,N,92,48,30.128,W,242.7,644
ELK,17,PAPI-2L,42,3,35,26,7.684,N,99,23,39.351,W,2002,997.23
ELK,35,PAPI-2L,38.5,3.5,35,25,29.928,N,99,23,39.455,W,1977.2,584.5
ELM,6,VASI-4L,51,3,42,9,23.234,N,76,53,55.452,W,936.9,1023
ELM,24,PAPI-4L,52,3,42,9,55.266,N,76,53,3.413,W,949.8,1090
ELM,28,PAPI-4L,40,3,42,9,28.583,N,76,53,15.326,W,942.5,838
ELN,29,PAPI-4R,40,3,47,1,56.121,N,120,31,29.252,W,1750.1,764
ELO,12,PAPI-4L,39.8,3,47,49,36.797,N,91,50,12.464,W,1447,683
ELO,30,PAPI-4L,41.3,3,47,49,16.461,N,91,49,19.584,W,1457.2,757
ELP,4,PAPI-4L,55,3,31,48,11.929,N,106,23,50.579,W,3920.4,1001
ELP,,PAPI-4L,75,3,31,48,6.616,N,106,23,4.233,W,3934.9,1288
ELP,22,PAPI-4R,70.2,3,31,49,12.979,N,106,22,25.39,W,3944.1,1420
ELP,,PAPI-4R,75,3,31,48,3.061,N,106,21,52.241,W,3957.4,1512
ELY,12,PAPI-4R,40,3,39,18,6.881,N,114,51,1.105,W,6243,711
ELY,18,PAPI-4L,50,3,39,18,23.294,N,114,50,10.99,W,6230.1,881
ELY,36,PAPI-4L,50,3,39,17,44.742,N,114,50,23.156,W,6253.4,1118
ELZ,10,PAPI-2L,39.4,3,42,6,34.088,N,77,59,45.311,W,2119.8,838
ELZ,28,PAPI-2L,51.5,3,42,6,34.499,N,77,59,0.71,W,2104.4,900
EMM,16,PAPI-2L,34.1,3.25,41,49,51.42,N,110,33,31.17,W,7277.5,798
EMM,34,PAPI-2L,60.8,3.25,41,48,47.07,N,110,33,21.73,W,7287.8,849
EMP,1,PAPI-4L,41.3,3,38,19,38.639,N,96,11,32.857,W,1206.6,746
EMP,19,PAPI-4L,36.7,3,38,20,13.817,N,96,11,23.298,W,1197.2,619
EMT,1,PAPI-2L,70,4.57,34,5,1.05,N,118,2,10.31,W,293,750
EMT,19,PAPI-2R,37,4.5,34,5,18.06,N,118,2,0.58,W,293.5,410
EMV,16,PAPI-2L,31.4,3,36,41,28.191,N,77,29,11.177,W,127,600
EMV,34,PAPI-2L,42.5,3,36,40,56.577,N,77,28,44.093,W,127,525
ENA,,VASI-4L,53,3,60,33,57.719,N,151,15,17.325,W,90.4,993
ENA,,VASI-4L,51,3,60,34,45.196,N,151,14,19.235,W,98.1,955
END,,PAPI-4L,50.6,2.5,36,21,8.56,N,97,54,52.791,W,1275.8,1156
END,,PAPI-4L,53.7,3,36,20,39.646,N,97,54,39.666,W,1276.5,950
END,,PAPI-4L,47.7,2.5,36,20,47.18,N,97,55,23.494,W,1278.3,1019
END,,PAPI-4L,40.8,2.5,36,19,59.063,N,97,54,52.832,W,1288.3,1033
END,,PAPI-4L,48.5,2.5,36,19,38.012,N,97,55,23.53,W,1302.6,1203
END,,PAPI-4L,49.9,3,36,20,8.754,N,97,54,39.684,W,1284.1,950
ENL,18,PAPI-2L,43.8,3,38,31,10.585,N,89,5,29.864,W,522.5,774
ENL,36,PAPI-2L,44.5,3,38,30,38.191,N,89,5,30.332,W,529.1,944
ENM,16,VASI-4L,31.9,3,62,47,26.74,N,164,29,28.78,W,16.7,610
ENM,34,VASI-4L,32,3,62,46,53.51,N,164,29,24.63,W,16.7,609
ENN,,PAPI-4L,35,3,64,32,47.572,N,149,5,0.276,W,367.5,670
ENN,,PAPI-4L,35,3,64,33,4.179,N,149,3,56.199,W,365.2,660
ENV,8,PAPI-4L,40,3,40,43,8.191,N,114,2,26.706,W,4230.2,741
ENV,26,PAPI-4L,50,3,40,43,8.232,N,114,0,38.852,W,4226.3,954
ENV,30,PAPI-4L,45.4,3,40,42,44.435,N,114,1,29.105,W,4224.9,854
ENW,,PAPI-4L,55,3,42,35,39.748,N,87,56,16.609,W,738.2,1132
ENW,,PAPI-4L,26.4,3,42,35,29.774,N,87,55,34.462,W,726.6,551
ENW,15,VASI-4L,49.5,4,42,36,1.246,N,87,55,44.876,W,716.6,702
ENW,,PAPI-4L,24.3,3,42,35,40.022,N,87,55,6.305,W,709.4,403
ENW,,PAPI-4L,45,3,42,36,0.204,N,87,55,20.444,W,711.1,784
ENW,33,VASI-4L,41.6,3,42,35,37.465,N,87,55,21.263,W,717.4,752
EOE,4,PAPI-2L,41.8,3.15,34,18,23.211,N,81,38,35.734,W,539.3,691
EOE,22,PAPI-2L,42.8,3.15,34,18,41.43,N,81,38,19.228,W,557.5,1005
EOK,8,PAPI-4L,40,3,40,27,35.19,N,91,26,0,W,671.4,764
EOK,14,VASI-4L,36,3,40,27,42.93,N,91,26,4.31,W,671.4,659
EOK,26,PAPI-4L,40,3,40,27,38.12,N,91,25,8.91,W,670.6,775
EOK,32,PAPI-4L,45.2,3,40,27,26.561,N,91,25,47.502,W,668.9,811
EOP,7,PAPI-4L,37.2,4,39,9,52.2,N,82,56,3.55,W,657.8,528
EOP,25,PAPI-4L,25.2,3,39,10,10.11,N,82,55,20.1,W,659.1,500
EOS,1,PAPI-4L,42.7,3,36,48,23.479,N,94,23,34.216,W,1249.7,909.27
EOS,19,PAPI-4L,42.1,3,36,48,56.241,N,94,23,25.541,W,1223.9,704.45
EPH,3,PAPI-4L,40,3,47,18,27.14,N,119,31,10.67,W,1260.3,831.1
EPH,21,PAPI-4L,40,3,47,18,55.23,N,119,30,32.53,W,1276.3,794.2
EPH,29,PAPI-2L,40,3,47,17,58.14,N,119,30,51.12,W,1260.4,778
EPM,14,PAPI-2L,53,3.1,44,54,42.805,N,67,0,57.794,W,38,916
EPM,32,PAPI-2L,44,3.28,44,54,29.18,N,67,0,31.888,W,45,766
EQA,4,PAPI-2L,40.1,3,37,46,18.803,N,96,49,16.073,W,1372.7,832
EQA,15,PAPI-2L,40.3,3,37,46,37.254,N,96,49,8.067,W,1369.7,845
EQA,22,PAPI-2L,40.4,3,37,46,37.013,N,96,48,54.385,W,1375,837
EQA,33,PAPI-2L,40.1,3,37,46,13.931,N,96,48,56.72,W,1376.3,826
EQY,5,PAPI-4L,46.2,3,35,0,45.394,N,80,37,41.945,W,679.9,936
EQY,23,PAPI-4L,40,3,35,1,21.418,N,80,36,55.008,W,664.1,726
ERI,6,PAPI-4L,54,3,42,4,47.183,N,80,10,42.696,W,731.4,1039
ERI,20,VASI-4L,69.3,4,42,5,0.887,N,80,10,43.739,W,725.8,1002
ERI,24,PAPI-4L,55.4,3,42,5,18.636,N,80,9,43.527,W,727.5,980
ERV,12,PAPI-4L,40,3,29,58,33.53,N,99,5,18.62,W,1579.6,726
ERV,30,PAPI-4L,40,3,29,58,9.52,N,99,4,46.38,W,1587,859
ERY,11,PAPI-4L,40.9,3.2,46,18,54.043,N,85,27,54.166,W,868.1,749
ERY,29,PAPI-4L,40.8,3.2,46,18,44.279,N,85,27,15.952,W,853.1,696
ESC,1,PAPI-4L,26.6,3,45,43,11.165,N,87,5,12.155,W,592.4,508
ESC,19,PAPI-4L,41.7,3,45,43,47.814,N,87,5,11.34,W,606.4,795
ESC,28,PAPI-4R,53,3,45,43,14.119,N,87,5,25.651,W,593.1,1011.3
ESF,9,PAPI-4L,51.3,3,31,23,39.829,N,92,18,10.064,W,95.2,1000
ESF,14,PAPI-4L,36,3,31,23,58.509,N,92,17,54.341,W,95.2,1000
ESF,32,PAPI-4L,53.2,3,31,23,29.433,N,92,17,30.534,W,88,1010
ESN,4,PAPI-4L,43,3,38,47,56.933,N,76,4,14.318,W,39.4,740
ESN,15,PAPI-2L,45,3.5,38,48,25.888,N,76,4,29.15,W,35.8,680
ESN,22,PAPI-4L,45,3,38,48,26.524,N,76,3,52.036,W,65.8,960
ESN,33,PAPI-2L,45,3.5,38,48,7.409,N,76,4,7.567,W,47.2,790
EST,16,PAPI-4L,39,3,43,24,46.198,N,94,44,51.984,W,1318.6,702
EST,34,PAPI-4L,38.8,3,43,24,13.721,N,94,44,43.801,W,1316.9,751
ETAD,4,PAPI-4L,67.8,3,49,58,7.958,N,6,41,12.324,E,1139.7,1070
ETAD,22,PAPI-4L,67.3,3,49,59,1.511,N,6,42,34.421,E,1196,1303
ETAR,8,PAPI-4R,49,3,49,25,58.97,N,7,35,3.64,E,760.6,1325
ETAR,9,PAPI-4L,68.7,3,49,26,9.95,N,7,34,51.63,E,761.6,1279.7
ETAR,26,PAPI-4L,49,3,49,26,9.42,N,7,37,2.39,E,776.4,1251.6
ETAR,27,PAPI-4L,68.8,3,49,26,14.53,N,7,36,40.66,E,778.5,1341.8
ETB,13,PAPI-4L,37.1,3,43,25,26.917,N,88,7,56.737,W,880,749
ETB,31,PAPI-2L,44.9,3,43,25,9.57,N,88,7,24.49,W,871.6,787
ETC,9,PAPI-2L,27.4,4,35,56,12.658,N,77,33,4.277,W,52.1,398
ETC,27,PAPI-2L,28.5,3,35,56,15.719,N,77,32,29.458,W,46.1,521
ETH,16,PAPI-2L,25,3,45,46,59.27,N,96,32,38.57,W,1017.8,458
ETH,34,PAPI-2L,25,3,45,46,36.92,N,96,32,29.43,W,1021.9,484
ETIC,14,PAPI-4L,39.8,3,49,42,2.725,N,11,56,16.088,E,1352,725
ETIC,32,PAPI-4L,40.2,3,49,41,48.129,N,11,56,32.773,E,1361,767
ETID,28,VASI-2L,46.3,3,50,10,8.01,N,8,57,51.07,E,367.7,885
ETN,17,PAPI-2L,47.8,3.5,32,24,59.86,N,98,48,34.68,W,1457.7,887
ETN,35,PAPI-2L,45,3,32,24,40.52,N,98,48,35.41,W,1450.8,758
ETOR,5,PAPI-4L,10.3,3.4,49,33,40.33,N,8,27,32.87,E,307.9,173
ETOU,7,PAPI-4L,47,3,50,2,51.808,N,8,18,52.254,E,455.4,856
ETOU,25,PAPI-4L,44.1,3,50,3,6.567,N,8,20,8.787,E,458.1,863
EUF,18,PAPI-4L,25.5,3,31,57,24.82,N,85,7,42.65,W,284.2,468
EUF,36,PAPI-4L,25,3,31,56,44.42,N,85,7,45.65,W,281.9,441
EUG,,PAPI-4L,52,3,44,7,49.209,N,123,12,9.684,W,365.1,962
EUG,,PAPI-4L,50,3,44,7,58.264,N,123,13,8.791,W,361.5,947
EUG,,VASI-4L,53,3,44,6,58.392,N,123,13,7.887,W,366.5,999
EUG,,PAPI-4L,50,3,44,7,9.03,N,123,12,9.088,W,372,969
EUL,12,PAPI-4L,42.3,3,43,38,44.171,N,116,38,27.291,W,2427.7,818
EUL,30,PAPI-4L,44.8,3,43,38,17.461,N,116,37,50.655,W,2431.3,864
EVB,7,PAPI-4L,42.4,3,29,3,22.899,N,80,57,17.55,W,8.1,799
EVB,11,PAPI-4L,39.3,3.5,29,3,19.441,N,80,57,6.53,W,7.8,642
EVB,25,PAPI-4L,45.5,3,29,3,35.437,N,80,56,51.156,W,9.2,903
EVB,29,PAPI-4L,35.3,3,29,3,10.912,N,80,56,34.006,W,10.7,665
EVM,9,PAPI-4L,40.1,3,47,25,25.467,N,92,30,0.472,W,1371.9,855
EVM,27,PAPI-4L,40,3,47,25,23.745,N,92,29,26.539,W,1370.3,805
EVU,14,PAPI-4L,33.8,3,40,21,25.75,N,94,55,11.12,W,1140.7,646
EVU,32,PAPI-4L,34.2,3,40,20,58.24,N,94,54,48.89,W,1145.5,680
EVV,4,PAPI-4R,48.8,3,38,2,16.454,N,87,31,43.434,W,384.2,905
EVV,18,PAPI-4R,49.3,3,38,2,34.715,N,87,32,2.971,W,386.7,1107
EVV,36,PAPI-4L,29.5,3,38,1,56.743,N,87,32,3.933,W,383.6,549
EVW,5,PAPI-4L,45,3,41,16,18.174,N,111,2,38.855,W,7136.8,808
EVW,23,PAPI-4L,44,3,41,16,40.553,N,111,1,29.76,W,7138.7,748
EVY,17,PAPI-4R,41.2,3,39,31,27.9,N,75,43,18.583,W,68.1,725
EVY,35,PAPI-4L,40.6,3,39,30,59.621,N,75,43,8.776,W,63.5,800
EWB,14,PAPI-4L,50,3.42,41,40,43.689,N,70,57,41.122,W,73.1,877
EWB,23,PAPI-4L,46,3,41,40,48.179,N,70,57,20.384,W,75.3,911
EWB,32,PAPI-4L,50,3.5,41,40,23.257,N,70,57,6.85,W,66.7,802
EWK,8,PAPI-4L,23.6,3,38,3,38.75,N,97,16,37.461,W,1530.4,490
EWK,17,PAPI-2L,53.2,3,38,3,43.961,N,97,16,34.99,W,1530.9,974
EWK,26,PAPI-4L,29,3,38,3,38.747,N,97,16,7.501,W,1533.2,552
EWK,35,VASI-4L,50,3,38,2,53.8,N,97,16,34.99,W,1524,955
EWN,4,PAPI-4L,49.6,3,35,4,3.555,N,77,2,48.042,W,14.4,938
EWN,14,PAPI-2L,39,4,35,4,34.005,N,77,2,47.108,W,13.4,549
EWN,22,PAPI-4L,31.4,3,35,4,42.778,N,77,2,19.705,W,14.6,603
EWN,32,PAPI-2L,29.1,3,35,4,16.376,N,77,2,19.595,W,17.5,552
EWR,,PAPI-4L,76.9,3.1,40,41,6.441,N,74,10,23.729,W,9.8,1402
EWR,,PAPI-4L,71,2.95,40,41,2.217,N,74,10,12.718,W,10.9,1386
EWR,11,PAPI-4R,60.4,3,40,42,9.021,N,74,10,34.353,W,11.8,1252
EWR,,PAPI-4L,60,3,40,41,42.091,N,74,9,47.367,W,10.2,1146
EWR,,PAPI-4L,66.4,3.1,40,41,45.521,N,74,9,58.882,W,9.9,1223
EWR,29,PAPI-4R,60,3,40,42,5.488,N,74,9,41.188,W,8.8,1139
EXX,6,PAPI-2L,28.3,4,35,46,39.284,N,80,18,32.801,W,728.9,455
EXX,24,PAPI-2L,30,3,35,47,3.986,N,80,17,55.783,W,699.7,606
EYE,3,PAPI-2L,61.2,3,39,49,42.448,N,86,17,44.828,W,819.1,1188
EYE,21,PAPI-2L,34.7,3,39,50,2.559,N,86,17,32.366,W,818,757
EYF,15,PAPI-2L,32,3,34,36,21.94,N,78,34,58.845,W,129.7,582
EYF,33,PAPI-2L,33.1,3,34,35,51.068,N,78,34,31.891,W,124.4,574
EYW,9,PAPI-4L,33.9,3,24,33,21.862,N,81,45,53.325,W,3.3,649
EYW,27,PAPI-4R,34.1,3,24,33,22.228,N,81,45,15.428,W,2.9,653
EZI,9,PVASI-PSIL,27.4,3.5,41,12,14.67,N,89,58,19.505,W,853.7,475
EZI,27,PVASI-PSIL,23.2,3,41,12,13.998,N,89,57,33.07,W,857.3,450
EZM,2,PAPI-4L,45,3,32,12,36.95,N,83,7,50.35,W,296.1,939.4
EZM,20,PAPI-4L,45,3,32,13,22.06,N,83,7,35.74,W,301.5,838
EZS,30,PAPI-2L,36.1,3,44,47,9.655,N,88,33,19.301,W,810.4,700
EZZ,17,PAPI-4L,21,3,39,43,54.98,N,94,16,36.92,W,1034.5,397.1
EZZ,35,PAPI-4L,22,3,39,43,24.45,N,94,16,33.13,W,1021,499
F00,17,PAPI-2L,37.3,3,33,36,59.464,N,96,10,45.138,W,615.8,751.964
F00,35,PAPI-2L,36.9,3,33,36,33.516,N,96,10,46.036,W,616.7,624.04
F01,36,PAPI-2L,44,3,34,16,25.284,N,99,45,34.236,W,1603.2,685
F05,20,VASI-4L,25,3,34,13,50.42,N,99,16,46.74,W,1256.2,450
F08,17,PAPI-2L,46,3.5,35,18,0.155,N,95,37,38.55,W,627.9,867
F08,35,PAPI-2L,45,3.5,35,17,46.27,N,95,37,38.517,W,622.8,729
F10,18,PVASI-PSIL,44.5,3.5,35,24,35.85,N,96,0,56.96,W,836,629
F17,17,PAPI-2L,49.5,3,31,50,10.554,N,94,9,26.409,W,313.9,1028
F17,35,PAPI-2L,48.7,3,31,49,35.028,N,94,9,19.468,W,295.6,833
F22,17,PAPI-2L,46.2,3,36,23,24.526,N,97,16,38.094,W,973,900.023
F22,35,PAPI-2L,46,3,36,22,51.869,N,97,16,37.904,W,1000,900.032
F35,2,PAPI-2L,32.6,3.5,32,55,13.55,N,98,26,20.02,W,1008.4,528
F35,20,PAPI-2L,30,3.5,32,55,34.39,N,98,26,5.46,W,1008.3,528
F36,17,PAPI-2L,43.9,3,35,17,58.182,N,98,58,2.606,W,1586.7,890
F36,35,PAPI-2L,43,3,35,17,39.948,N,98,58,2.628,W,1562.7,696
F41,16,PAPI-2L,35,3,32,19,57.555,N,96,39,54.2345,W,493.1,872
F41,34,PAPI-2L,35,3,32,19,36.7752,N,96,39,46.0386,W,479.9,671
F44,18,PAPI-2L,37,3,32,10,3.73,N,95,49,42.14,W,444.1,596
F44,36,PAPI-2L,46.9,4,32,9,35.78,N,95,49,42.03,W,444.1,568
F45,,PAPI-2L,39.7,3,26,50,33.7,N,80,13,28.27,W,21.2,766
F45,14,PAPI-2L,40.3,3,26,50,54.29,N,80,13,31.24,W,21.5,769
F45,,PAPI-2L,40.3,3,26,50,35.93,N,80,12,57.81,W,21.7,765
F45,32,PAPI-2L,39.7,3,26,50,34.78,N,80,13,9.75,W,21.3,760
F49,18,PAPI-2L,40,3,33,29,24.062,N,101,39,35.945,W,0,0
F49,36,PAPI-2L,40,3,33,28,42.512,N,101,39,43.125,W,0,0
F53,13,PAPI-2L,37.4,3,33,13,4.506,N,95,14,24.554,W,399.7,649
F53,31,PAPI-2L,38.3,3,33,12,47.046,N,95,14,4.822,W,408.2,817
F70,18,PAPI-2L,40,3,33,34,47.96,N,117,7,37,W,1349.5,835
F70,36,PAPI-2L,40,3,33,34,5.33,N,117,7,48.22,W,1340,752
F87,16,PAPI-2L,63.4,3.83,32,43,34.685,N,92,20,15.641,W,118.1,941
F87,34,PAPI-2L,50.2,3,32,43,23.987,N,92,20,11.893,W,118.6,939.143
F89,18,PAPI-2L,63,3.75,32,9,16.259,N,91,41,54.825,W,75.4,960
F89,36,PAPI-2L,52,3.1,32,9,5.814,N,91,41,54.902,W,76.3,985
F95,18,PAPI-2L,44.3,3,30,29,23.592,N,85,6,49.645,W,122,826
F95,36,PAPI-2L,51,3,30,29,4.995,N,85,6,49.615,W,122,895
FA54,5,PAPI-4L,47.3,3,26,51,1.46,N,82,15,24.74,W,6.9,903
FA54,23,PAPI-4L,31.3,3,26,51,26.14,N,82,14,53.15,W,5.9,606
FAF,14,PAPI-2L,48.2,3,37,8,0.82,N,76,36,37.6,W,11,950
FAF,32,PAPI-2L,48.2,3,37,7,53.9,N,76,36,26.7,W,11,950
FAI,,PAPI-4L,73.4,3,64,48,25.99,N,147,52,38.87,W,436.1,1380
FAI,,PAPI-4L,40,3,64,48,6.72,N,147,52,21.474,W,433.6,756
FAI,,PAPI-4L,42.1,3,64,48,29.835,N,147,51,39.007,W,434.1,771
FAI,,PAPI-4L,73.9,3,64,49,24.15,N,147,50,51.97,W,438.9,1414
FAM,2,PAPI-4L,42.1,3,37,45,26.156,N,90,25,50.45,W,911.7,718
FAM,20,PAPI-4L,47.5,3,37,45,47.237,N,90,25,38.75,W,926.5,1274
FAQ,12,PAPI-2L,36.8,3,14,12,51.794,S,169,25,31.408,W,105,696
FAQ,30,PAPI-2L,44,3,14,13,3.205,S,169,25,19.226,W,105,843
FAR,9,PAPI-4L,42,3,46,55,37.632,N,96,49,26.801,W,896.8,803
FAR,13,PAPI-2R,61.4,3,46,54,42.411,N,96,49,6.002,W,898.7,1163
FAR,18,PAPI-4L,68,3,46,55,45.493,N,96,48,58.139,W,899.7,1300
FAR,27,PAPI-4L,42,3,46,55,37.25,N,96,48,19.109,W,898.6,800
FAR,31,PAPI-2L,37.4,3,46,54,28.421,N,96,48,47.176,W,898.7,710
FAR,36,PAPI-4R,70.8,3,46,54,42.816,N,96,48,58.889,W,899.3,1350
FAT,,PAPI-4L,50,3,36,46,57.114,N,119,43,39.034,W,334.3,925
FAT,,PAPI-4L,50,3,36,46,18.652,N,119,42,45.982,W,330.1,952
FAT,,PAPI-4L,75.9,3,36,46,17.799,N,119,42,30.159,W,332.5,1431
FAY,4,PAPI-4R,47.2,3.13,34,59,15.665,N,78,53,4.393,W,187.5,823
FAY,22,PAPI-4L,47.7,3,34,59,59.587,N,78,52,32.088,W,166.2,794
FAY,28,PAPI-4L,36.3,3,34,59,15.333,N,78,52,27.746,W,185.1,668
FBG,28,PAPI-2L,35.8,3,35,7,56.54,N,78,55,50.215,W,227.1,641.6
FBK,7,PAPI-4L,66.5,3,64,50,14.91,N,147,38,2.38,W,449.5,1250
FBK,25,PAPI-4L,66.7,3.3,64,50,15.96,N,147,35,37.48,W,453.7,1057
FBL,12,PAPI-4L,40,3,44,19,47.96,N,93,18,55.4,W,1057.9,889.6
FBL,30,PAPI-4L,40,3,44,19,34.13,N,93,18,29.92,W,1049.1,815.1
FBR,4,PAPI-2L,40.2,3,41,23,17.361,N,110,24,49.765,W,7034.6,832
FBR,22,PAPI-2L,40.2,3,41,23,45.509,N,110,23,57.495,W,7012.5,672
FBY,17,PAPI-2L,40,3,40,11,9.14,N,97,10,9.24,W,1477.1,791
FBY,35,PAPI-2L,40,3,40,10,47.22,N,97,10,9.46,W,1467.7,690
FCH,12,PAPI-2L,40,3,36,43,59.259,N,119,49,19.451,W,278.9,772
FCH,30,PAPI-4R,40.2,3,36,43,52.753,N,119,49,8.189,W,279.2,774
FCI,15,PAPI-4L,42.9,3,37,24,37.25,N,77,31,43.64,W,231.9,920
FCI,33,PAPI-4L,50,3,37,24,8.94,N,77,31,15,W,201.9,900
FCM,,PAPI-4L,39.4,3,44,49,45.365,N,93,27,43.806,W,904.3,765
FCM,,PAPI-4L,41.6,3,44,49,43.268,N,93,28,5.013,W,901,701
FCM,18,PAPI-4L,45,3.5,44,49,37.364,N,93,27,16.696,W,900,748
FCM,,PAPI-4L,43.8,3,44,49,36.756,N,93,27,17.992,W,900.2,847
FCM,,PAPI-4L,37.6,3,44,49,40.761,N,93,27,10.572,W,899.2,696
FCM,36,PAPI-4L,27,3,44,49,23.702,N,93,27,18.716,W,903.8,551
FCS,13,PAPI-4L,40,3,38,40,51.336,N,104,45,34.487,W,5830,948
FCS,31,PAPI-4L,40,3,38,40,30.202,N,104,45,9.516,W,5804,638
FDK,5,PAPI-4L,42.7,3,39,24,36.812,N,77,22,47.1001,W,304.4,898
FDK,12,PAPI-2L,40,3,39,25,20.458,N,77,22,37.509,W,289.2,859
FDK,23,PAPI-4L,54.4,3,39,25,6.678,N,77,22,14.221,W,287.4,947
FDK,30,PAPI-2L,36.6,4,39,25,10.871,N,77,22,12.121,W,284.8,524
FDR,17,PAPI-4L,40.1,3,34,21,30.45,N,98,59,21.617,W,1254.4,763
FDR,35,PAPI-4L,40.3,3,34,20,44.872,N,98,59,21.659,W,1238.2,728
FDW,4,PAPI-4L,31.5,3,34,18,43.277,N,81,6,43.453,W,574.3,669
FDW,22,PAPI-4L,39.5,3,34,19,11.756,N,81,6,16.393,W,561.4,668
FDY,7,PAPI-4L,23.3,3,41,0,43.771,N,83,40,43.156,W,796,425
FDY,18,PAPI-4L,42.8,3,41,1,0.289,N,83,39,58.147,W,809.7,765
FDY,25,PAPI-4L,32.9,3,41,0,56.405,N,83,40,0.437,W,811,619
FDY,36,PAPI-4L,49.9,3,41,0,12.965,N,83,39,58.492,W,803.4,944
FEP,6,PAPI-4L,50,2.83,42,14,30.746,N,89,35,11.408,W,850,1203
FEP,24,PAPI-4L,45.8,2.83,42,14,50.574,N,89,34,34.389,W,844.5,868
FET,14,PAPI-2L,40,3,41,27,14.96,N,96,31,36.99,W,1203.1,763
FET,32,PAPI-2L,40,3,41,26,50.8,N,96,31,10.85,W,1203.2,734
FFC,13,PAPI-4L,38.4,3.5,33,21,37.693,N,84,34,36.167,W,791.5,711
FFC,31,PAPI-4L,45,3,33,21,17.556,N,84,34,5.602,W,798.5,1012
FFL,18,PAPI-4L,40,3,41,3,44.927,N,91,58,48.611,W,798.8,728.5
FFL,36,PAPI-4L,40,3,41,3,5.798,N,91,58,48.268,W,788.9,813.7
FFM,13,PAPI-4L,52,3,46,17,14.716,N,96,9,33.84,W,1180.9,994
FFM,31,PAPI-4L,52,3,46,16,49.83,N,96,8,55.623,W,1177.5,962
FFO,,PAPI-4L,50.5,3,39,48,59.81,N,84,3,45.34,W,804.8,953.4
FFO,,PAPI-4L,50.9,3,39,49,14.95,N,84,2,56.97,W,809.3,934.5
FFO,,PAPI-4L,49.9,3,39,49,48.07,N,84,2,7.66,W,818,968.9
FFO,,PAPI-4R,52.9,3,39,50,8.87,N,84,2,2.58,W,823,1012.8
FFT,7,PAPI-4L,27.2,3,38,10,44.844,N,84,54,48.582,W,808.5,594
FFT,25,PAPI-4L,30.5,3.5,38,11,3.596,N,84,54,0.088,W,780.6,600
FFX,1,VASI-2L,43.8,3,43,25,48.588,N,85,59,47.416,W,755.1,801
FFX,19,PAPI-4L,26.5,3,43,26,39.601,N,85,59,47.852,W,767.9,534
FFX,28,PAPI-4L,25.1,3.5,43,26,37.475,N,85,59,12.112,W,770.5,392
FFZ,,PAPI-2L,42.4,4,33,27,33.3855,N,111,43,57.8722,W,1369,565
FFZ,,PAPI-4L,41.6,4,33,27,24.6739,N,111,43,57.6226,W,1368.6,554
FFZ,,PAPI-4L,49.2,4,33,27,48.1293,N,111,43,22.8483,W,1391.8,764
FFZ,,PAPI-2L,42,4,33,27,49.333,N,111,43,34.2485,W,1383.4,665
FGX,7,PAPI-4R,40,3,38,32,23.07,N,83,44,58.783,W,905.7,750
FGX,25,PAPI-4L,40,3,38,32,36.528,N,83,44,18.034,W,911.9,740
FHAW,13,PAPI-4L,83.7,3,7,57,54.641,S,14,24,9.015,W,271.8,1432
FHAW,31,PAPI-4L,83.1,3,7,58,26.737,S,14,23,4.791,W,225,1368
FHB,4,PAPI-4L,47.1,3,30,36,24.48,N,81,27,53.52,W,12.5,897
FHB,9,PAPI-4L,44.6,3,30,36,49.43,N,81,27,55.17,W,13.3,850
FHB,13,PAPI-2L,49.3,3,30,36,46.82,N,81,27,57.44,W,13,940
FHB,22,PAPI-4L,48.4,3,30,36,49.05,N,81,27,33.19,W,15.3,912
FHB,27,PAPI-4L,37.3,3,30,36,53.85,N,81,27,24.4,W,14.6,725
FHR,16,PAPI-2R,43.2,4,48,31,28.35,N,123,1,28.452,W,102.8,760
FHR,34,PAPI-4R,42,3.5,48,31,8.613,N,123,1,26.92,W,86.8,639
FHU,8,PAPI-4L,54.5,3,31,35,15.254,N,110,21,46.907,W,4706.2,1252
FHU,12,PAPI-4L,22.8,3,31,35,31.745,N,110,20,31.666,W,4611,442
FHU,26,PAPI-4L,49.6,3,31,35,15.434,N,110,19,51.878,W,4606.8,796
FHU,30,PAPI-4R,40.7,3,31,35,7.019,N,110,19,52.918,W,4616.2,743
FIG,12,PAPI-2L,29,3.1,41,3,2.56,N,78,25,16.47,W,1513,475
FIG,30,PAPI-4L,27,3,41,2,51.2,N,78,24,32.65,W,1514,475
FIG,30,PAPI-4L,27,3,41,2,51.2,N,78,24,32.65,W,1514,475
FIN,6,PAPI-4L,40.6,3,29,27,42.858,N,81,12,37.232,W,31.2,730
FIN,11,PAPI-4L,40,3,29,28,11.216,N,81,12,37.863,W,31.7,734
FIN,24,PAPI-4L,40,3,29,28,3.045,N,81,12,4.879,W,31.3,758
FIN,29,PAPI-4L,40,3,29,28,0.531,N,81,11,54.185,W,31.2,757
FIT,14,PAPI-4L,40,3,42,33,23.182,N,71,45,48.041,W,338.5,869
FIT,32,PAPI-4L,46.3,3.5,42,33,4.525,N,71,45,18.026,W,330,734
FJDG,13,PAPI-4L,51.3,3.5,7,18,20.856,S,72,23,56.112,E,13.2,835
FJDG,,VASI-6L,48.5,3.25,7,18,27.928,S,72,24,17.031,E,13.9,845.929
FJDG,31,PAPI-4L,59,3,7,19,13.215,S,72,25,21.025,E,13.3,1125
FJDG,,VASI-6L,48.8,3.25,7,19,7.039,S,72,25,20.461,E,13.9,850.581
FKA,11,PAPI-2L,26.4,3,43,40,40.748,N,92,11,7.246,W,1275.6,450
FKA,29,PAPI-2L,25.3,3,43,40,31.896,N,92,10,26.858,W,1277.2,450
FKL,3,PAPI-4L,44.9,3,41,22,16.62,N,79,51,46.19,W,1530.4,761.7
FKL,21,PAPI-4L,55,3,41,22,49.28,N,79,51,32.71,W,1537.5,976
FKL,30,PAPI-4L,40.9,3,41,22,42.59,N,79,51,23.46,W,1535.6,710.3
FKN,9,PAPI-2L,40,3,36,41,58.533,N,76,54,27.474,W,30.8,857
FKN,27,PAPI-2L,40,3,36,42,3.709,N,76,53,47.054,W,37.2,787
FKR,9,PAPI-2L,25,3,40,16,21.647,N,86,34,1.86,W,856.8,476
FKR,22,PAPI-2R,24.9,4,40,16,37.1,N,86,33,53.191,W,856.4,360
FKR,27,PAPI-2L,25,3,40,16,21.621,N,86,33,10.279,W,858.6,526
FKS,33,PAPI-2R,35.2,3,44,37,21.415,N,86,11,51.882,W,606.4,671
FLD,18,PAPI-4L,47.5,3,43,46,36.204,N,88,29,10.252,W,783.9,880
FLD,36,PAPI-4L,35,3,43,45,52.761,N,88,29,10.306,W,794.7,662
FLG,3,PAPI-4L,52.3,3,35,7,59.8399,N,111,40,36.1954,W,7014.5,1001
FLG,21,PAPI-4L,51.4,3,35,8,37.7911,N,111,39,55.7972,W,7002.6,900
FLL,,PAPI-4L,65.9,3,26,4,36.902,N,80,9,39.091,W,6.1,1288
FLL,,PAPI-4R,70.8,3,26,3,57.105,N,80,9,15.23,W,10.1,1352
FLL,,PAPI-4L,68.5,3,26,3,56.773,N,80,8,19.303,W,52.5,1547
FLL,,PAPI-4L,68.7,3,26,4,36.575,N,80,8,42.277,W,5.6,1349
FLO,1,PAPI-4L,63.2,3,34,10,41.684,N,79,43,29.081,W,133.6,798
FLO,9,PAPI-4L,58,3,34,11,8.568,N,79,43,48.169,W,142.2,1186
FLO,19,PAPI-4L,31.8,3,34,11,25.259,N,79,43,27.714,W,133.6,795
FLO,27,PAPI-4L,46.2,3,34,11,13.582,N,79,42,54.784,W,125.7,802
FLP,4,PAPI-2L,71.3,3.5,36,17,17.89,N,92,35,39.23,W,662.6,996.8
FLP,22,PAPI-2L,52.4,3.5,36,17,36.5,N,92,35,10.63,W,709.2,1000.2
FLV,16,PAPI-4L,40,3,39,22,26.22,N,94,55,2.76,W,770.7,770
FLV,34,PAPI-4L,40.8,3,39,21,45.64,N,94,54,43.1,W,767.8,750
FLX,3,PAPI-2L,40,3,39,29,45.395,N,118,45,15.363,W,3965.8,771
FLX,21,PAPI-2L,40,3,39,30,12.125,N,118,44,36.399,W,3963.3,751
FLY,15,PAPI-2L,42.3,3.5,38,57,3.141,N,104,34,24.357,W,6858.9,1004
FLY,33,PAPI-2L,39.1,3,38,56,22.433,N,104,34,5.857,W,6797.8,624
FME,10,PAPI-2L,51.2,4,39,5,7.82,N,76,45,44.904,W,126,642
FME,28,PAPI-2L,56.5,4,39,5,6.802,N,76,45,27.026,W,140.2,944
FMH,5,PAPI-4L,51.4,3,41,39,7.74,N,70,31,40.31,W,112.4,943.6
FMH,14,PAPI-4L,47.1,3,41,39,57.14,N,70,32,7.96,W,128,941.7
FMH,23,PAPI-4L,53.4,3,41,39,53.89,N,70,30,50.59,W,123.7,1051
FMH,32,PAPI-4L,50.1,3,41,39,11.34,N,70,30,48.16,W,111.1,932
FMM,14,PAPI-2L,27.9,3,40,20,35.11,N,103,48,37.602,W,4584.8,731
FMM,32,PAPI-2L,27.1,3,40,19,55.783,N,103,48,9.83,W,4511.6,474
FMN,5,PAPI-4L,42.1,3,36,44,17.231,N,108,14,21.62,W,5478.3,686
FMN,7,VASI-4L,49.5,3,36,44,28.241,N,108,14,10.863,W,5486.8,810
FMN,23,PAPI-4R,42.4,3,36,44,36.197,N,108,13,31.859,W,5503.7,821
FMN,25,VASI-4L,54.5,3,36,44,29.539,N,108,13,16.172,W,5506.5,983
FMY,5,PAPI-4L,53.5,3,26,34,57.755,N,81,52,3.987,W,13.9,1003
FMY,13,PAPI-4L,31.8,3,26,35,22.998,N,81,51,55.283,W,13.8,609
FMY,23,PAPI-4L,58.5,3,26,35,20.38,N,81,51,36.174,W,14.8,1137
FMY,31,PAPI-4R,42.4,3,26,35,4.381,N,81,51,31.02,W,14.8,791
FNB,15,PAPI-2L,40,3,40,4,53.67,N,95,35,39.064,W,981.1,812
FNB,33,PAPI-2L,40.1,3,40,4,32.849,N,95,35,22.686,W,981.5,726
FNL,15,PAPI-4L,53.9,3,40,27,35.926,N,105,0,58.81,W,4983.8,888
FNL,33,PAPI-4L,52.4,3,40,26,34.648,N,105,0,30.309,W,5017.2,1029
FNT,9,PAPI-4R,63,3,42,58,8.658,N,83,45,19.898,W,766.7,1151
FNT,18,PAPI-4R,47.3,3,42,58,11.957,N,83,44,36.237,W,770.4,800
FNT,27,PAPI-4L,56.3,3,42,58,10.178,N,83,44,11.994,W,766.6,999
FNT,36,PAPI-4L,55.1,3,42,57,14.482,N,83,44,35.043,W,780.3,1030
FOA,3,PVASI-PSIL,23.2,3,38,39,33.88,N,88,27,22.55,W,472.7,475
FOA,21,PVASI-PSIL,25.3,3,38,40,8.91,N,88,26,57.13,W,468.3,450
FOD,6,PAPI-4L,55,3,42,32,55.3,N,94,12,9.54,W,1086.5,920
FOD,12,VASI-4L,50.9,3,42,33,14.08,N,94,11,37.07,W,1118.8,842
FOD,12,VASI-4L,50.9,3,42,33,14.08,N,94,11,37.07,W,1118.8,842
FOD,24,VASI-4L,41,3,42,33,14.56,N,94,11,13.66,W,1144.8,1011.5
FOD,30,PAPI-4L,39.1,3,42,32,53.08,N,94,10,59.36,W,1132.2,925
FOE,3,VASI-4L,47,3,38,56,32.997,N,95,40,15.157,W,1072.6,1007.995
FOE,13,PAPI-4L,54.3,3,38,57,48.415,N,95,40,31.92,W,1062.4,1050
FOE,21,PAPI-4L,51.9,3,38,57,11.124,N,95,39,34.449,W,1044.1,971
FOE,31,PAPI-4L,59.2,3,38,56,31.495,N,95,39,0.213,W,1036.5,1120
FOK,6,PAPI-2L,66,3,40,50,19.008,N,72,38,10.138,W,51.6,1173
FOK,15,PAPI-2L,61.6,3,40,50,41.731,N,72,38,11.101,W,61.2,1210
FOK,24,PAPI-4L,76.9,3,40,51,3.279,N,72,37,16.699,W,51.2,1751
FOK,33,VASI-4L,57.3,3,40,50,23.118,N,72,37,44.353,W,52.8,1004
FOM,4,PAPI-2L,29.8,3,38,57,16.918,N,112,22,8.716,W,4919.4,417
FOM,22,PAPI-2L,35.2,3,38,57,37.893,N,112,21,32.41,W,4964.5,1054
FOT,11,VASI-4R,58.6,3,40,33,20.991,N,124,8,9.182,W,353.5,871
FPK,3,PAPI-4L,40,4,42,34,17.494,N,84,48,46.616,W,880.1,592
FPK,21,PAPI-4L,40,4,42,34,38.749,N,84,48,35.798,W,887.9,619
FPR,,PAPI-4L,51.7,3,27,29,50.041,N,80,22,35.272,W,25.2,944
FPR,14,PAPI-4L,46.1,3,27,29,42.85,N,80,22,12.68,W,23.5,800
FPR,,PAPI-4L,63.3,3,27,29,49.684,N,80,21,46.212,W,25.2,1130
FPY,18,PAPI-2L,35.2,4,30,4,29.414,N,83,35,6.016,W,43,502
FPY,36,PAPI-2L,32.6,4,30,3,49.36,N,83,35,6.625,W,41.7,464
FQD,1,PAPI-2L,40,3,35,25,24.393,N,81,56,7.6,W,1058.2,750
FQD,19,PAPI-2L,40.1,3.25,35,25,58.907,N,81,56,4.941,W,1075.1,750
FRG,1,PAPI-4L,43.6,3.09,40,43,30.061,N,73,24,51.558,W,66.3,780
FRG,14,PAPI-4L,58.5,3,40,43,52.419,N,73,25,0.508,W,74.7,1170
FRG,19,PAPI-4L,42.6,3.1,40,44,8.696,N,73,24,52.287,W,79.1,826
FRG,32,PAPI-4L,61.2,3,40,43,26.779,N,73,24,23.399,W,63.5,1128
FRH,8,PAPI-4L,41.8,3,38,30,17.726,N,86,38,36.626,W,789.6,814
FRH,26,PAPI-4L,43.5,3,38,30,27.066,N,86,37,49.31,W,784.9,807.972
FRM,2,PAPI-4L,25,3,43,38,27.602,N,94,24,51.185,W,1157.8,524
FRM,13,PAPI-4L,43,3,43,38,51.647,N,94,25,22.046,W,1158.8,859
FRM,20,PAPI-4L,40,3,43,38,44.875,N,94,24,38.494,W,1158.6,794
FRM,31,PAPI-4L,40,3,43,38,25.533,N,94,24,44.942,W,1159.1,846
FRN,36,PAPI-4L,27.4,3.5,61,15,48.083,N,149,39,15.728,W,365.6,425
FSD,3,PAPI-4L,54,3,43,34,29.838,N,96,45,5.261,W,1423.3,1039
FSD,15,PAPI-4L,48.4,3,43,35,26.689,N,96,44,40.318,W,1427.3,958
FSD,21,PAPI-4L,48.7,3,43,35,26.444,N,96,44,10.942,W,1427.9,972
FSD,33,PAPI-4L,45.3,3,43,34,31.324,N,96,44,4.709,W,1422.8,853
FSE,16,PAPI-4L,25.3,2.8,47,35,46.4281,N,95,46,28.5959,W,1266.6,480
FSE,34,PAPI-4L,25,2.8,47,35,22.2734,N,95,46,20.6259,W,1276.3,514
FSI,18,PAPI-4L,43.5,3,34,39,15.803,N,98,24,7.82,W,1184.9,840
FSI,36,PAPI-4L,61.1,3,34,38,46.183,N,98,24,7.902,W,1166,1167
FSK,18,VASI-4L,32.8,3,37,48,9.67,N,94,46,9.74,W,905.1,625
FSK,36,PAPI-2L,39,3,37,47,40.856,N,94,46,9.692,W,912.2,863
FSM,2,PAPI-4R,50,3,35,20,4.39,N,94,22,5.6,W,448.8,894
FSM,8,PAPI-4R,51.3,3,35,20,2.675,N,94,22,39.838,W,461.3,1123
FSM,20,PAPI-4L,40,3,35,20,35.22,N,94,21,51.03,W,447,763
FSM,26,PAPI-4L,50.2,3,35,20,13.547,N,94,21,14.131,W,444.9,1009
FSO,36,PAPI-2L,42.2,3,44,56,8.493,N,73,5,46.637,W,227.4,801
FSP,5,PAPI-4L,25.7,3.2,63,0,59.898,N,154,22,0.672,W,447,436
FSP,23,PAPI-4L,27.7,3.2,63,1,13.53,N,154,21,0.931,W,447.3,480
FST,12,PAPI-4L,45,3,30,55,8.029,N,102,55,29.525,W,2991.3,744.9
FST,30,PAPI-4L,45,3,30,54,33.04,N,102,54,34.707,W,3010.3,819.8
FSW,35,PAPI-2L,27.9,3,40,39,18.77,N,91,19,35.57,W,716.6,545
FTK,18,PAPI-4L,50,3,37,54,40.351,N,85,58,12.326,W,746.7,1085
FTK,36,PAPI-4L,60,3,37,54,10.253,N,85,58,10.086,W,732.6,1049
FTT,6,PAPI-2L,45.9,3,38,50,20.033,N,92,0,20.832,W,881.6,833
FTT,18,PAPI-4L,42,3,38,50,19.65,N,91,59,59.87,W,877,802.5
FTT,24,PAPI-2L,60.9,4,38,50,27.724,N,92,0,5.628,W,876.8,936.968
FTT,36,PAPI-4L,38.8,3,38,49,55,N,92,0,0.92,W,879.1,700
FTW,16,PAPI-4R,58.5,3,32,49,36.56,N,97,21,42.91,W,703.9,1233
FTW,17,PAPI-2L,56,3.75,32,49,21.301,N,97,21,58.103,W,670,829.1
FTW,35,PAPI-2L,43.1,3.25,32,48,57.285,N,97,21,54.056,W,669.4,722.1
FTY,26,VASI-4L,49.9,3,33,46,51.8,N,84,30,52.42,W,811.9,1000
FUL,6,PAPI-2L,31.9,4,33,52,17.728,N,117,58,55.334,W,88.9,435
FUL,24,PAPI-4L,33,4,33,52,21.134,N,117,58,37.673,W,94.5,477
FVE,32,PAPI-4L,40,3,47,17,1.27,N,68,18,25.73,W,987.5,763
FVX,3,PAPI-2L,43.8,3,37,21,15.624,N,78,26,21.352,W,403,963
FVX,21,PAPI-2L,44.9,3,37,21,38.265,N,78,26,10.89,W,408.4,996
FWA,14,PAPI-4L,52.7,3,40,59,29.63,N,85,12,3.81,W,801.2,1012.4
FWA,23,PAPI-4L,76.2,3,40,59,0.29,N,85,11,9.73,W,798.3,1434.3
FWA,32,PAPI-4L,75.7,3,40,58,50.94,N,85,11,12.31,W,797.3,1428.1
FWB,3,PAPI-4R,42.4,3,36,41,40.988,N,93,24,20.481,W,1291.4,795
FWB,21,PAPI-4L,44,3,36,42,3.699,N,93,23,59.818,W,1320.8,1359
FWC,9,PVASI-PSIL,25.3,3,38,22,40.7,N,88,25,11.74,W,427.1,650
FWC,27,PVASI-PSIL,27.8,3,38,22,40.5,N,88,24,35.64,W,417,475
FWQ,8,VASI-4R,50.7,3,40,12,31.422,N,79,50,4.551,W,1223.6,1050.795
FWQ,26,VASI-4L,47.8,3,40,12,38.807,N,79,49,41.336,W,1218,1000.257
FWS,,PAPI-4L,40.1,3,32,34,12.938,N,97,18,34.773,W,697.9,820
FWS,,PAPI-4L,50.4,3,32,33,30.567,N,97,18,34.868,W,693,900
FXE,9,PAPI-4L,55.7,3,26,11,52.394,N,80,10,39.667,W,12.5,1049
FXE,13,PAPI-2L,44.3,3.25,26,11,51.343,N,80,10,19.233,W,12.2,782
FXE,27,PAPI-4L,55.8,3.25,26,11,56.663,N,80,9,56.252,W,12.3,975
FXE,31,PAPI-2L,49.8,3.25,26,11,36.712,N,80,9,59.057,W,11.9,860
FXY,15,PAPI-2L,27.5,3,43,14,15.77,N,93,37,30.23,W,1204.1,575
FXY,33,PAPI-2L,40,3,43,13,41.92,N,93,37,8.5,W,1203.7,835
FYG,15,PAPI-4L,45.3,3,38,35,29.544,N,90,59,46.514,W,485.5,899
FYG,33,PAPI-4L,42.6,3,38,35,0.41,N,90,59,28.457,W,484.3,825
FYJ,10,PAPI-2L,52.7,3.5,37,31,15.773,N,76,46,5.928,W,11.8,882.284
FYJ,28,PAPI-2L,53,3.5,37,31,17.9041,N,76,45,26.28798,W,17.3,917
FYM,2,PAPI-4L,21.5,3,35,3,14.27,N,86,33,56.63,W,959.8,400
FYM,20,PAPI-4R,20.3,3,35,3,59.52,N,86,33,43.06,W,983.1,388
FYV,16,PAPI-4L,49.9,3,36,0,38.253,N,94,10,17.015,W,1251,951
FYV,34,PAPI-4L,57.6,3.5,35,59,58.338,N,94,10,7.418,W,1237.8,941
FZG,2,PAPI-2L,43.6,3,31,40,43.228,N,83,16,26.773,W,356.5,801
FZG,20,PAPI-2L,46.7,3,31,41,15.032,N,83,16,18.941,W,363.6,915
FZI,9,PAPI-4L,24.8,3,41,11,26.96,N,83,24,1.17,W,751.4,505.1
FZI,9,PAPI-4L,24.8,3,41,11,26.96,N,83,24,1.17,W,751.4,505.1
FZI,27,PAPI-4L,40,3,41,11,27.04,N,83,23,12.35,W,751.5,767.7
FZY,33,PAPI-4L,35.6,3.55,43,20,52.885,N,76,23,2.303,W,467.7,602
GAD,6,PAPI-4L,40,3,33,58,1.13,N,86,5,55.07,W,566.4,850
GAD,24,PAPI-4L,44.5,3,33,58,25.94,N,86,5,1.9,W,552.4,820
GAF,17,PAPI-2L,25.9,3,48,24,33.892,N,97,21,57.177,W,822.1,497
GAF,35,PAPI-2L,25.5,3,48,24,5.232,N,97,21,57.205,W,822.1,495
GAI,14,PAPI-4L,40,3,39,10,14.064,N,77,10,11.113,W,493.4,762
GAI,32,PAPI-4L,45.2,3.25,39,9,59.865,N,77,9,47.248,W,523,1074
GAM,16,VASI-4L,37.3,3,63,46,14.793,N,171,44,2.739,W,28.5,714
GAM,34,VASI-4R,38.7,3,63,45,45.108,N,171,43,53.389,W,28.4,741
GAO,18,PAPI-4L,50,3,29,26,50.675,N,90,15,39.76,W,-1.6,957
GAO,36,PAPI-4L,50,3,29,26,5.267,N,90,15,40.294,W,-2.7,956
GBD,11,PAPI-4L,38,3,38,20,30.337,N,98,52,2.656,W,1885.9,710
GBD,17,PAPI-4L,38,3.5,38,21,22.397,N,98,51,26.446,W,1882.6,596
GBD,29,PAPI-4L,43,3,38,20,14.753,N,98,51,27.8,W,1881.8,802
GBD,35,VASI-4L,50,3,38,20,20.078,N,98,51,25.879,W,1881.6,951
GBG,21,PAPI-4L,55.1,3,40,56,32.023,N,90,25,42.558,W,761.1,1110
GBH,14,PAPI-2L,31,3,68,29,4.34,N,149,29,48.69,W,2662.7,581
GBH,32,PAPI-2L,45,4,68,28,29.41,N,149,28,58.77,W,2659.4,591
GCC,3,PAPI-4L,41,4,44,20,47.843,N,105,32,31.904,W,4339,638
GCC,16,PAPI-4L,43.3,3.17,44,21,17.183,N,105,32,35.986,W,4333.5,835
GCC,21,PAPI-4L,38.8,4,44,21,23.534,N,105,31,52.581,W,4316.4,557
GCC,34,PAPI-4L,55.9,3.2,44,20,23.489,N,105,32,22.341,W,4356.9,1137
GCD,9,PAPI-4L,45,3,44,24,11.541,N,118,58,38.586,W,3649.8,777
GCD,17,PAPI-2L,48.3,3.5,44,24,32.542,N,118,57,47.118,W,3682,675
GCK,12,PAPI-2L,47.3,3,37,55,44.86,N,100,43,51.89,W,2889.6,902
GCK,17,VASI-4L,39,3,37,56,13.386,N,100,43,22.225,W,2888.6,800
GCK,30,PAPI-2L,45.9,3,37,55,17.29,N,100,43,17.59,W,2875.9,882
GCK,35,VASI-4L,40.8,3,37,55,16.55,N,100,43,22.75,W,2877.9,750
GCM,18,PAPI-4L,43.1,3,36,17,52.445,N,95,28,46.597,W,702.9,710
GCM,36,PAPI-4L,28.4,3,36,17,13.978,N,95,28,46.69,W,730,600
GCN,21,PAPI-4R,55.5,4,35,57,35.536,N,112,8,20.487,W,6601.9,892
GCT,18,PAPI-2L,33,3.25,41,41,24.012,N,94,26,6.102,W,1219.5,600
GCT,36,PAPI-2L,28.8,3.25,41,41,1.287,N,94,26,6.274,W,1219.1,500
GCY,5,PAPI-2L,40,3,36,11,28.331,N,82,49,2.777,W,1601.8,715
GCY,23,PAPI-2L,45.9,4,36,11,57.651,N,82,48,23.488,W,1602.5,656
GDA,7,PAPI-4L,40,3,37,20,2.802,N,88,6,57.185,W,648.6,845
GDA,25,PAPI-4L,35.7,3,37,20,16.851,N,88,6,17.104,W,631.1,621
GDB,15,PAPI-4L,42.3,3,44,45,21.05,N,95,33,27.14,W,1045.3,838
GDB,33,PAPI-4L,42,3,44,45,1.83,N,95,33,15.74,W,1039.7,764
GDJ,1,PAPI-2L,40,3,32,26,15.621,N,97,49,33.814,W,828.8,900.7
GDJ,19,PAPI-2L,40,3,32,26,50.041,N,97,49,21.407,W,789.3,662.2
GDK,7,PAPI-2L,29.8,3.5,39,41,17.305,N,83,59,57.664,W,913.1,430
GDK,25,PAPI-2L,38.2,3.5,39,41,34.637,N,83,59,13.485,W,943.9,700
GDV,2,PAPI-2L,26,3,47,8,18.17,N,104,48,45.19,W,2454.2,500
GDV,12,VASI-4L,37,3,47,8,32.65,N,104,48,43.75,W,2456.5,500
GDV,20,PAPI-2L,24,3,47,8,34.08,N,104,48,28.02,W,2452,500
GDV,30,VASI-4L,37,3,47,7,59.04,N,104,47,56.81,W,2452.4,500
GDW,9,PAPI-4L,41.8,3.75,43,58,18.515,N,84,28,49.996,W,773.1,609
GDW,27,PAPI-4L,42.4,3,43,58,19.815,N,84,28,5.185,W,772.6,810
GE99,23,PAPI-2L,62.9,4,34,55,3.47,N,83,27,21.42,W,2735,900
GED,4,PAPI-4L,45,3,38,41,8.575,N,75,21,48.585,W,49.5,849
GED,10,PAPI-2L,46.4,3.5,38,41,5.221,N,75,21,35.607,W,50,742
GED,22,PAPI-4L,45,3,38,41,35.628,N,75,21,26.241,W,49.6,851
GED,28,PAPI-2L,40.1,3,38,41,5.217,N,75,21,15.647,W,52,784
GEG,3,PAPI-4L,68.6,3,47,36,46.74,N,117,32,44.56,W,2374.4,1511
GEG,8,PAPI-4R,45,3,47,37,0.988,N,117,32,57.819,W,2370.7,955.4
GEG,21,PAPI-4L,73.1,3,47,37,44,N,117,31,18.38,W,2332,1212
GEG,26,PAPI-4L,47.6,3,47,37,0.44,N,117,31,24.89,W,2373.2,876
GEO,18,PAPI-4L,40,3.03,38,53,4.4,N,83,52,59.93,W,955.1,800.2
GEO,36,PAPI-4L,40,3.03,38,52,45.6,N,83,52,55.77,W,953.8,800.2
GEU,1,PAPI-2L,38,3,33,31,17.5,N,112,17,53.6,W,1043.4,700
GEU,19,PAPI-2L,30,3,33,31,53.78,N,112,17,32.75,W,1058.5,679
GEV,28,PAPI-2L,47.8,3,36,25,57.206,N,81,24,44.23,W,3099.4,674
GEZ,1,PAPI-2L,25,3,39,34,51.5,N,85,48,17.9,W,801.9,500
GEZ,19,VASI-4L,37.7,3,39,35,28.8,N,85,48,11.1,W,802.9,700
GFK,,PAPI-4L,45,3,47,57,8.613,N,97,11,29.803,W,843.8,855
GFK,,PAPI-2L,21,3,47,56,16.771,N,97,10,4.097,W,843.7,438
GFK,,PAPI-4L,21.1,3,47,57,0.91,N,97,9,58.365,W,842.4,400
GFK,,PAPI-4L,53.1,3,47,57,22.863,N,97,10,52.416,W,840.9,1056
GFK,,PAPI-2L,21,3,47,56,16.753,N,97,9,28.481,W,843.7,437
GFK,,PAPI-4L,44,3,47,57,8.607,N,97,10,16.273,W,842.9,840
GFK,,PAPI-4L,61,2.76,47,56,33.484,N,97,10,52.449,W,843.3,1291
GFK,,PAPI-4L,21,3,47,56,30.322,N,97,9,58.396,W,843.5,401
GFL,1,PAPI-4L,51.8,3,43,20,17.753,N,73,36,31.596,W,323.7,946
GFL,12,PAPI-4L,55,3.85,43,20,26.349,N,73,36,57.677,W,325.4,862
GFL,19,PAPI-4L,57.2,3.5,43,20,48.392,N,73,36,32.749,W,323.9,951
GFL,30,PAPI-4L,45,3,43,20,18.558,N,73,36,29.028,W,322.7,878
GGE,5,PAPI-2L,41.2,3,33,18,33.041,N,79,19,36.0869,W,38.9,799
GGE,23,PAPI-2L,32.1,3,33,19,6.8328,N,79,19,0.6111,W,34.4,652
GGG,18,PAPI-4L,59,3,32,23,29.319,N,94,42,59.885,W,355.9,920.995
GGG,31,PAPI-4L,50,3,32,22,31.236,N,94,41,56.299,W,354,955
GGG,36,PAPI-4R,50,3,32,22,47.657,N,94,42,58.847,W,364.4,977
GGI,13,PAPI-2L,40,3,41,42,46.729,N,92,44,26.558,W,993.87,688
GGI,31,PAPI-2L,40,3,41,42,24.955,N,92,43,53.171,W,1008.4,755
GGP,9,PAPI-2L,24.1,3,40,42,40.335,N,86,22,48.077,W,735.2,472
GGP,27,PAPI-2L,25,3,40,42,40.766,N,86,21,55.527,W,738.1,482
GGW,12,PAPI-4L,40,3,48,12,55.55,N,106,37,13.24,W,2292.6,736
GGW,26,PAPI-2L,31.7,3,48,12,46.26,N,106,36,23.94,W,2295.7,600
GGW,30,PAPI-4L,40,3,48,12,31.18,N,106,36,35.36,W,2290.8,704
GHG,6,PAPI-4R,43.2,3,42,5,45.063,N,70,40,31.146,W,8.9,784.19
GHG,24,PAPI-4R,40,3,42,5,57.252,N,70,40,14.148,W,5.4,737
GHM,2,PAPI-4L,42.6,4,35,50,2.961,N,87,26,48.088,W,754.1,752
GHM,20,PAPI-4L,53.4,4,35,50,24.071,N,87,26,39.578,W,764.9,764
GHW,15,PAPI-4L,33.3,3,45,38,47.16,N,95,19,19.76,W,1388.9,658.1
GHW,33,PAPI-4L,25.1,3,45,38,15.94,N,95,19,5.42,W,1373.7,520
GIF,5,PAPI-2L,44.6,3,28,3,36.535,N,81,45,21.76,W,142.4,835
GIF,23,PAPI-2L,43.6,3,28,3,59.914,N,81,44,55.402,W,141.2,831
GJT,4,PAPI-4L,41.2,3,39,6,39.2344,N,108,31,41.137,W,4796.1,625
GJT,11,PAPI-4L,50,3,39,7,54.366,N,108,32,18.643,W,4831.7,860
GJT,29,VASI-4L,50.6,3,39,7,12.7889,N,108,31,2.9176,W,4850.3,1176
GKJ,7,VASI-4L,57.5,3,41,37,28.4,N,80,13,10.14,W,1396.7,1018.1
GKJ,7,VASI-4L,57.5,3,41,37,28.4,N,80,13,10.14,W,1396.7,1018.1
GKJ,25,PAPI-4L,40.7,3,41,37,43.82,N,80,12,32.74,W,1398.4,741
GKN,,VASI-4L,49,3,62,9,32.373,N,145,27,20.512,W,1582.3,1005
GKN,,VASI-4R,29.1,3,62,8,58.155,N,145,27,8.978,W,1549.9,478
GKT,10,PAPI-4L,33.4,3.5,35,51,31.112,N,83,32,8.588,W,1007.6,649
GKT,28,PAPI-4L,41.3,4.5,35,51,25.2,N,83,31,21.654,W,996.4,597
GKY,16,PAPI-4L,42,3,32,40,11.559,N,97,5,44.832,W,628.2,806
GKY,34,PAPI-4L,54.9,3,32,39,29.272,N,97,5,34.229,W,604.1,905
GLD,5,PAPI-4L,36,3,39,22,10.032,N,101,42,10.061,W,3654,752
GLD,23,PAPI-4L,42.2,3,39,22,21.22,N,101,41,41.7,W,3637.6,750
GLE,18,PAPI-2R,45,3,33,39,30.43,N,97,11,58.352,W,837.3,1016
GLE,36,PAPI-2L,45,3,33,38,48.803,N,97,11,59.33,W,796.4,775
GLH,,PAPI-4L,52.4,3,33,29,29.118,N,90,59,13.984,W,127.1,1001
GLH,,PAPI-4L,52.4,3,33,28,39.483,N,90,59,13.98,W,129.5,1001
GLH,,PAPI-4L,60.3,3,33,28,40.978,N,90,58,55.524,W,128.2,1152
GLR,9,PAPI-4L,37.9,3,45,0,52.21,N,84,42,48.97,W,1313.2,882
GLR,18,PAPI-4L,40,3,45,0,51.71,N,84,42,7.66,W,1318.4,784
GLR,27,PAPI-4L,45,3,45,0,52.12,N,84,41,41.93,W,1327.6,880
GLR,36,PAPI-4L,40,3,45,0,25.73,N,84,42,7.73,W,1318.4,784
GLS,14,PAPI-4L,52.2,3,29,16,10.37,N,94,51,56.09,W,3.7,1028
GLS,18,PAPI-4L,43.7,3,29,16,16.11,N,94,51,32.8,W,4.2,859
GLS,32,PAPI-4L,45.6,3,29,15,39.13,N,94,51,26.32,W,5.1,860
GLS,36,PAPI-4L,44.8,3,29,15,33.72,N,94,51,33.519,W,4.3,860
GLV,3,PAPI-4L,26.4,3,64,32,49.623,N,163,0,46.107,W,64.1,490
GLW,8,PAPI-2L,29,3,37,1,47.607,N,85,57,38.663,W,707.1,499
GLW,26,PAPI-2L,29.3,3.5,37,2,0.237,N,85,56,51.877,W,714.5,498
GLY,4,PAPI-4L,38.9,3.5,38,21,14.204,N,93,41,15.014,W,820.2,650
GLY,18,PAPI-4L,39.2,3,38,21,27.192,N,93,40,30.069,W,804.1,915
GLY,22,PAPI-4L,39.4,3.5,38,21,32.754,N,93,40,51.506,W,820.9,700
GLY,36,PAPI-4L,39.6,3,38,20,54.736,N,93,40,31.37,W,803.4,800
GMJ,18,PAPI-4L,31.4,2.75,36,36,44.16,N,94,44,18.86,W,818.1,600
GMJ,36,PAPI-4L,28.3,2.75,36,36,4.12,N,94,44,18.8,W,828.5,550
GMU,1,PAPI-4L,35.3,3,34,50,31.4,N,82,20,54.78,W,994.6,564.3
GMU,19,PAPI-4L,37.4,3.5,34,51,11.253,N,82,20,53.761,W,1036.1,798
GMU,28,PAPI-2L,40,3,34,50,52.43,N,82,20,56.05,W,1012.4,752.7
GNB,9,PAPI-2L,38.8,3,40,5,28.115,N,105,55,23.723,W,8167,609
GNC,8,PAPI-2L,23.9,3,32,40,42.729,N,102,39,49.8,W,3313.2,454.967
GNC,17,PAPI-2L,23,3,32,40,43.439,N,102,38,54.74,W,0,0
GNC,26,PAPI-2L,20.4,3,32,40,42.95,N,102,38,56.36,W,3284.4,357
GNC,35,PAPI-2L,36.8,3,32,39,57.49,N,102,38,54.15,W,3283.4,355
GNG,7,PAPI-2L,40,2.75,42,54,59.458,N,114,46,26.198,W,3666.5,637
GNT,13,PAPI-2L,43.8,3,35,10,30.625,N,107,54,30.108,W,6529.7,975
GNT,31,PAPI-2L,43.7,3,35,9,46.996,N,107,53,52.842,W,6519.3,807
GNV,7,PAPI-4L,44,3,29,41,29.66,N,82,16,47.19,W,145.7,950
GNV,11,PAPI-4L,54.1,3,29,41,23.48,N,82,16,36.86,W,138.2,1200
GNV,25,PAPI-4L,42.4,3,29,41,41.31,N,82,16,23.09,W,131.6,778
GNV,29,PAPI-4R,54.6,3,29,41,12.241,N,82,15,37.695,W,109.2,963.388
GOK,16,PAPI-4L,45.4,3,35,51,22.16,N,97,25,3.79,W,1054.1,753.1
GOK,34,PAPI-4L,45.3,3,35,50,49.69,N,97,24,53.02,W,1065.7,845.1
GON,5,PAPI-4L,40.1,3,41,19,36.54,N,72,2,47.15,W,6.1,784
GON,15,PAPI-4R,45,4,41,19,52.324,N,72,3,1.713,W,8.6,679
GON,23,VASI-4L,49.1,3,41,20,3.45,N,72,2,23.1,W,7.1,932
GON,33,PAPI-4L,33.5,3.75,41,19,36.45,N,72,2,40.7,W,5.7,539
GOO,7,VASI-4L,40,3,39,13,25.794,N,121,0,31.665,W,3082.1,556
GOV,5,PAPI-4L,41.2,4,44,40,49.13,N,84,43,59.83,W,1152.5,597
GOV,14,PAPI-4L,29.2,3,44,40,49.694,N,84,44,5.143,W,1150.1,610
GOV,23,PAPI-4L,30,3,44,41,15.07,N,84,43,22.02,W,1157.3,612
GOV,32,PAPI-4L,32.7,3.5,44,40,24.495,N,84,43,31.145,W,1148.6,559
GPC,18,PAPI-2L,28.9,3,39,38,19.438,N,86,48,49.274,W,839,609
GPC,36,PAPI-2L,29.3,3,39,37,40.95,N,86,48,50.233,W,817.4,498
GPH,18,PAPI-4L,58.7,3.5,39,20,14.267,N,94,18,31.959,W,775.4,993
GPH,36,PAPI-4L,45.3,3,39,19,38.515,N,94,18,37.712,W,774.6,863
GPI,2,PAPI-4L,51.3,3,48,18,3.586,N,114,15,55.307,W,2962.5,976
GPI,20,PAPI-4L,48.3,3,48,19,0.997,N,114,14,55.417,W,2975.7,942
GPI,30,PAPI-2L,26,3.5,48,18,43.0096,N,114,14,58.3956,W,2971.1,477
GPM,18,VASI-4L,26,3,32,42,11.207,N,97,2,48.79,W,587,425
GPM,36,VASI-4L,37,4,32,41,40.77,N,97,2,49.005,W,576,500
GPT,14,PAPI-4R,72.5,3,30,24,44.829,N,89,4,45.872,W,23.9,1289
GPT,18,PAPI-4R,50.3,3,30,24,48.573,N,89,3,58.618,W,26.5,902
GPT,32,PAPI-4L,71.9,3,30,24,0.066,N,89,3,54.084,W,24.4,1308
GPT,36,PAPI-4L,50,3,30,24,18.106,N,89,3,58.517,W,26.2,955
GPZ,5,PAPI-4L,50,3.5,47,12,44.842,N,93,30,39.729,W,1297.8,890
GPZ,16,PAPI-4R,50,3,47,12,44.148,N,93,30,44.217,W,1300.7,911
GPZ,23,PAPI-4L,41,3,47,12,53.706,N,93,30,25.623,W,1294.5,785
GPZ,34,PAPI-4L,53,3,47,12,8.958,N,93,30,30.97,W,1347.7,1164
GQQ,5,PAPI-4L,31.4,3,40,45,5.76,N,82,43,34.89,W,1222.6,600
GQQ,23,PAPI-4L,38,3,40,45,19.427,N,82,43,15.293,W,1221.3,670
GRB,6,PAPI-4L,39.6,3,44,29,0.513,N,88,8,8.016,W,690.7,750
GRB,18,PAPI-4R,53.7,3,44,29,22.445,N,88,8,1.134,W,693.2,1050
GRB,24,PAPI-4L,50.1,3,44,29,30.107,N,88,6,56.641,W,681.2,970
GRB,36,PAPI-4L,49.8,3,44,28,22.195,N,88,8,1.022,W,679.1,1049
GRD,9,PAPI-2L,54.7,3,34,14,54.196,N,82,9,50.499,W,631,998.967
GRD,27,PAPI-2L,52.5,3,34,14,56.681,N,82,9,14.84,W,620.4,1000.044
GRE,18,PVASI-PSIL,26.9,3,38,50,23.282,N,89,22,35.225,W,541,503
GRF,15,PAPI-4L,58,3,47,5,5,N,122,34,57.43,W,295.8,1000
GRI,13,PAPI-4L,35.1,3,40,58,37.2,N,98,18,35.77,W,1840.9,700
GRI,17,PAPI-4L,37.5,3,40,58,30.42,N,98,18,53.23,W,1841.6,750
GRI,31,PAPI-4L,41.9,3,40,58,1.32,N,98,17,48.97,W,1841.4,800
GRI,35,PAPI-4L,55,2.6,40,57,40.48,N,98,18,53.58,W,1847.6,1197
GRK,15,PAPI-4L,53.4,3,31,4,37.765,N,97,50,1.453,W,1011.5,1088
GRK,33,PAPI-4L,50,3,31,3,25.77,N,97,49,26.548,W,979.9,832
GRN,4,PAPI-2L,40,3,42,48,11.966,N,102,10,44.818,W,3545.1,732
GRN,22,PAPI-2L,40,3,42,48,34.202,N,102,10,10.422,W,3547,1051
GRO,9,PAPI-4L,52.4,3,14,10,28.432,N,145,14,2.634,E,585,1000
GRO,27,PAPI-4L,52.4,3,14,10,26.883,N,145,14,53.424,E,606.3,1000
GRR,,VASI-4L,44.9,3,42,53,21.058,N,85,32,13.407,W,786.8,850
GRR,17,PAPI-4R,50.4,3,42,53,13.425,N,85,31,7.477,W,785.1,910
GRR,,PAPI-4L,73,3,42,52,48.762,N,85,30,37.347,W,789.7,1373
GRR,,VASI-4L,32.5,3,42,53,26.318,N,85,31,26.594,W,786,625
GRR,35,PAPI-4R,73.5,3,42,52,12.772,N,85,30,54.868,W,789.3,1379
GSB,8,PAPI-4L,54.9,3,35,20,7.93,N,77,58,33.835,W,71.9,1058
GSB,26,PAPI-4L,55.5,3,35,20,35.53,N,77,56,42.924,W,106.9,1099
GSH,9,PAPI-2L,39.8,3.5,41,31,30.883,N,85,48,10.691,W,819,703
GSH,27,PAPI-4L,51,3,41,31,31.421,N,85,47,13.035,W,826.3,919
GSN,25,PAPI-4L,75,3,15,7,19.336,N,145,44,13.238,E,208.9,1431
GSO,,PAPI-4L,68.5,3,36,6,7.539,N,79,57,19.535,W,907,1487
GSO,,PAPI-4R,69.9,3,36,5,36.974,N,79,56,29.08,W,899.5,1334
GSO,,PAPI-4L,55.2,3,36,6,29.293,N,79,55,22.33,W,886.4,1051
GSO,,PAPI-4L,71.6,3,36,6,50.14,N,79,56,25.197,W,858.1,1313
GSO,32,PAPI-4L,52.7,3,36,5,20.453,N,79,56,22.626,W,900.5,1006
GSP,4,PAPI-4L,56,3,34,53,6.847,N,82,13,36.619,W,942.8,1011
GSP,22,PAPI-4R,76.3,3,34,54,17.808,N,82,12,42.356,W,960.8,1510
GST,11,VASI-4R,35.3,3,58,25,53.013,N,135,42,53.137,W,35.8,683
GST,29,VASI-4L,38.9,3,58,25,15.966,N,135,41,42.575,W,30.1,721
GTB,3,PAPI-4L,64,3,44,3,7.85,N,75,43,23.31,W,684.7,1179.5
GTB,21,PAPI-4L,72,3,44,4,6.83,N,75,42,59.87,W,663.3,1243.4
GTF,3,PAPI-4L,69.5,3,47,28,19.327,N,111,22,47.489,W,3676.7,1389
GTF,17,PAPI-4L,47.3,3,47,29,33.47,N,111,22,22.194,W,3648.3,783
GTF,21,PAPI-4R,75,3,47,29,13.791,N,111,21,27.106,W,3665.9,1305
GTF,35,PAPI-4L,47.8,3,47,28,53.44,N,111,22,22.213,W,3665.3,960
GTR,18,PAPI-4R,56,3,33,27,22.762,N,88,35,28.724,W,265.1,1070
GTR,36,PAPI-4L,55,3,33,26,24.07,N,88,35,29.3,W,255.3,1000
GTU,18,PAPI-4L,35,3,30,41,0.42,N,97,40,41.12,W,774,894
GTU,36,PAPI-4L,49.9,3,30,40,25.85,N,97,40,43.61,W,764.7,610
GUC,6,PAPI-4L,49,3.2,38,31,59.079,N,106,56,32.413,W,7660.6,820
GUC,24,PAPI-4L,71.3,3.6,38,32,19.816,N,106,55,2.926,W,7677.6,1163
GUM,,PAPI-4L,72.9,3,13,28,49.261,N,144,47,13.691,E,247.9,1237
GUM,,PAPI-4R,76.1,3,13,28,42.852,N,144,47,16.442,E,243,1210
GUM,,PAPI-4L,75.4,3,13,29,8.597,N,144,48,12.734,E,281.2,1669
GUM,,PAPI-4L,75,3,13,29,23.046,N,144,48,27.578,E,289.6,1729
GUP,6,PAPI-2L,50.2,3,35,30,32.393,N,108,47,52.909,W,6464.9,953
GUP,24,PAPI-2L,48.2,3,35,30,47.198,N,108,46,50.234,W,6470,963
GUR,14,PAPI-4L,37.6,3.3,42,15,50.23,N,104,43,52.67,W,4396.1,793.8
GUR,32,PAPI-4L,37.6,3.3,42,15,17.7,N,104,43,29.64,W,4345.3,544.3
GUS,5,PAPI-4L,58.3,2.5,40,38,18.187,N,86,9,52.556,W,810.2,1301
GUS,23,PAPI-4L,48.4,2.5,40,39,29.481,N,86,8,20.905,W,798.9,1102
GUY,18,VASI-4L,25,3,36,41,30.64,N,101,30,24.82,W,3106.2,468
GVL,5,PAPI-4R,30.7,3,34,16,5.708,N,83,50,12.082,W,1275.1,571
GVL,23,PAPI-4L,37.2,3,34,16,35.35,N,83,49,41.03,W,1250.3,558
GVQ,10,PAPI-2L,40.3,3,43,1,54.599,N,78,10,37.015,W,913.4,800
GVQ,28,PAPI-2L,62,3,43,1,54.11,N,78,9,50.012,W,909.1,1208.7
GVT,17,PAPI-4L,73.8,3,33,4,31.57,N,96,3,54.75,W,527.4,1251
GVT,35,PAPI-4L,66.1,3,33,3,35.62,N,96,3,55.59,W,531.3,1123
GWB,9,PAPI-4L,47.5,3,41,18,25.674,N,85,4,4.245,W,876.5,839
GWB,27,PAPI-4L,47.2,3,41,18,26.138,N,85,3,12.498,W,878.2,867
GWO,5,VASI-4L,33.2,3,33,29,39.16,N,90,5,22.07,W,138,634
GWO,36,PAPI-4L,50,3,33,29,2.46,N,90,5,18.48,W,140,1000
GWR,16,PAPI-2L,25,3,46,13,20.06,N,97,38,39.535,W,1256.7,488
GWR,34,PAPI-2L,25,3,46,12,42.001,N,97,38,23.645,W,1256.1,498
GWW,5,PAPI-4L,40,3,35,27,22.683,N,77,58,8.761,W,132.6,765
GWW,23,PAPI-4L,44.2,3,35,27,52.837,N,77,57,39.184,W,133.6,827
GXF,17,PAPI-4L,59,3,32,53,48.432,N,112,43,10.526,W,830.3,998
GXF,35,PAPI-4L,45.8,3,32,52,44.063,N,112,43,10.687,W,874.4,999
GXY,10,PAPI-2L,43,3,40,25,48.107,N,104,38,34.787,W,4657.1,901
GXY,17,PAPI-2L,45.7,3,40,27,12.613,N,104,37,55.557,W,4690,1001
GXY,28,VASI-4L,26.5,3,40,25,36.494,N,104,37,39.695,W,4646.2,479
GXY,35,PAPI-2L,50.8,3,40,26,3.534,N,104,37,52.092,W,4656.5,901.03
GYB,17,PAPI-2L,33.6,3.75,30,10,22.174,N,96,58,49.545,W,476,699
GYB,35,PAPI-2L,44.5,3.4,30,9,56.057,N,96,58,46.529,W,448.7,649
GYH,5,PAPI-4L,55.7,3.22,34,45,7.558,N,82,22,57.812,W,953.3,1049
GYH,23,PAPI-4L,95.2,4.14,34,45,51.011,N,82,22,13.667,W,925.4,1218
GYI,,VASI-4L,48,3,33,43,25.39,N,96,40,21.59,W,739.7,946
GYI,,VASI-4L,51,3,33,42,15.1,N,96,40,24.2,W,749.3,946
GYL,13,PAPI-4L,28,3,44,45,28.238,N,94,5,5.782,W,991.9,525
GYL,31,PAPI-4L,27.6,3,44,45,14.992,N,94,4,40.714,W,990.9,523
GYR,3,PAPI-4L,52.8,3,33,24,58.0331,N,112,22,55.4012,W,946.4,939
GYR,21,PAPI-4L,53.3,3,33,25,48.0388,N,112,22,8.6561,W,962.7,1139
GYY,2,PAPI-2L,40,3,41,36,50.849,N,87,25,2.872,W,591.3,720
GYY,12,PAPI-4L,49.5,3,41,37,21.482,N,87,25,27.244,W,592.8,1020
GYY,20,PAPI-2L,41.8,3,41,37,10.063,N,87,24,52.948,W,589.3,798
GYY,30,PAPI-4L,57,3,41,36,48.811,N,87,24,23.105,W,590.9,1051
GZH,10,PAPI-4L,51,3,31,25,2.27,N,87,2,39.94,W,257.3,1002.8
GZL,17,PAPI-2L,40.1,2.75,35,17,27.284,N,95,5,37.915,W,588.1,1053
GZL,35,PAPI-2L,39.9,3,35,17,3.905,N,95,5,38.063,W,598.5,786
GZN,18,PAPI-4L,45.1,3,32,22,16.264,N,99,1,25.021,W,1708.4,852
GZN,36,PAPI-4L,47.5,3.2,32,21,33.109,N,99,1,25.535,W,1711,850
GZS,16,PAPI-2L,23.4,3.8,35,9,34.135,N,87,3,37.504,W,682.3,449.9
GZS,34,PAPI-2L,27.9,3,35,8,58.43,N,87,3,15.29,W,650.9,506.7
H04,17,PAPI-2L,44.8,3,36,37,0.602,N,95,9,6.122,W,682.9,1087
H04,35,PAPI-2L,43.2,3,36,36,39.029,N,95,9,6.061,W,683.7,730
H05,17,PAPI-2L,39.6,3,34,55,19.78,N,95,23,38.815,W,668,790
H05,35,PAPI-2L,40.2,3,34,55,5.156,N,95,23,38.264,W,664.3,734
H19,13,PAPI-2L,43.3,3,39,22,20.245,N,91,13,20.532,W,874.3,773
H19,31,PAPI-2L,44.5,3,39,22,10.66,N,91,13,7.961,W,880.9,1046
H35,9,PAPI-2L,86,4,35,28,15.23,N,93,25,49.34,W,445,1291
H35,27,PAPI-2L,37.3,4,35,28,13.2,N,93,25,19.577,W,466.2,742.193
H68,18,PAPI-2L,40,3,35,58,5.979,N,95,20,30.571,W,585,739.4
H68,36,PAPI-2R,35,3,35,57,47.636,N,95,20,30.423,W,591.6,806.3
H71,18,PAPI-4L,40.3,3,36,13,48.624,N,95,19,48.203,W,621.9,758
H71,36,PAPI-4L,40,3,36,13,13.467,N,95,19,48.213,W,607.5,679
H79,18,PAPI-4R,26.3,3,38,21,53.56,N,92,34,16.19,W,903.7,800
H79,36,PAPI-4L,38.6,4,38,21,28.87,N,92,34,17.33,W,894.8,700
H88,1,PAPI-4L,44.6,3,37,36,8.8,N,90,17,18.683,W,877.3,800
H88,19,PAPI-4L,45.3,3,37,36,31.269,N,90,17,11.348,W,875.9,851
H96,18,PAPI-4L,44.6,3.33,38,0,42.5,N,88,56,4.19,W,439.9,799
HAB,18,PAPI-2L,34,3,34,7,19.688,N,87,59,52.833,W,425,856
HAB,36,PAPI-2L,37.4,3,34,6,40.698,N,87,59,54.369,W,404,695
HAE,17,PAPI-4L,43.9,3,39,43,44.69,N,91,26,41.157,W,762.5,750
HAE,35,PAPI-4L,40,3,39,43,16.91,N,91,26,34.66,W,768.7,793.7
HAF,12,PAPI-2L,23.6,3,37,30,56.97,N,122,30,14.29,W,53.2,556
HAF,30,PAPI-2L,23.5,3,37,30,38.83,N,122,29,52.99,W,37.5,417
HAI,9,PAPI-4L,25,3,41,57,37.593,N,85,35,58.76,W,820.2,427
HAI,27,PAPI-4L,33.5,4,41,57,37.739,N,85,35,17.475,W,821.6,454
HAO,12,PAPI-4L,26.5,3.5,39,21,57.465,N,84,31,46.507,W,631.1,445
HAO,30,PAPI-4L,47.3,3,39,21,43.442,N,84,30,57.86,W,614.9,979
HBC,13,PAPI-2L,26.1,3,48,46,17.792,N,101,32,28.038,W,1648,499
HBC,31,PAPI-2L,26.9,3,48,45,58.175,N,101,32,2.978,W,1649.8,498
HBG,13,PAPI-4L,53.5,3,31,16,0.205,N,89,15,18.997,W,145.9,1066
HBG,31,PAPI-4L,42.2,3,31,15,39.228,N,89,14,50.887,W,142.4,800
HBI,3,PAPI-2L,48.1,3.5,35,38,59.295,N,79,53,49.272,W,663.6,903
HBI,21,PAPI-2L,39.9,3,35,39,33.285,N,79,53,32.834,W,660.7,903
HBR,17,PAPI-4L,35,3,34,59,49.25,N,99,3,15.8,W,1541,672
HBR,35,PAPI-4L,42,3,34,59,9.44,N,99,3,16,W,1561,809
HBV,13,PAPI-2L,38.7,3,27,21,9.58,N,98,44,25.9,W,656.3,884
HBV,31,PAPI-2L,42.8,3,27,20,47.121,N,98,44,0.056,W,660.2,867
HCD,15,PAPI-4L,40,3,44,51,46.769,N,94,23,5.234,W,1057.8,720
HCD,33,PAPI-4L,40,3,44,51,24.782,N,94,22,49.12,W,1062.6,769
HCO,13,PAPI-4L,42.3,3,48,45,18.979,N,96,56,46.416,W,818.9,798
HCO,31,PAPI-4L,42.3,3,48,45,0.846,N,96,56,23.313,W,820,806
HCR,22,PAPI-4L,42.1,4,40,29,12.204,N,111,25,16.258,W,5632,671
HDAM,9,PAPI-4L,56.1,3.75,11,32,50.98,N,43,8,52.12,E,46,977.4
HDAM,27,PAPI-4L,63.6,2.8,11,32,49.91,N,43,10,2.57,E,26,1607.2
HDC,13,PAPI-4L,50,3.3,30,31,33.898,N,90,25,22.726,W,43.7,957
HDC,18,PAPI-4L,52,3,30,31,33.138,N,90,25,9.097,W,42.5,991
HDC,31,PAPI-4L,56.3,3.3,30,31,6.756,N,90,24,50.833,W,41.8,943
HDC,36,PAPI-4L,52,3,30,31,3.266,N,90,25,8.812,W,40.9,992
HDE,18,PAPI-2L,40,3,40,27,25.705,N,99,20,10.834,W,2309,705
HDE,36,PAPI-2L,40,3,40,26,53.987,N,99,20,17.875,W,2308.9,740
HDL,9,PAPI-2L,40,3,31,21,49.76,N,85,18,59.91,W,354.7,760
HDL,27,PAPI-2L,40,3.5,31,21,49.19,N,85,18,18.53,W,358.3,651
HDN,10,PAPI-4L,52.1,3,40,29,6.32,N,107,13,45.52,W,6585.5,950
HDN,28,PAPI-4L,54.3,3.5,40,28,36.26,N,107,12,15.95,W,6603.8,975
HDO,,PAPI-4L,45,3,29,21,53.14,N,99,10,19.27,W,926.2,976
HDO,,PAPI-4L,45,3,29,21,11.97,N,99,10,19.24,W,913.8,868
HECW,16,PAPI-4L,60.8,3,30,7,45.328,N,30,54,42.424,E,555.5,1159.006
HECW,28,PAPI-4L,53.5,3,30,6,43.582,N,30,55,57.752,E,595.87,1151.799
HECW,34,PAPI-4L,67.3,3,30,6,33.083,N,30,55,3.658,E,591.77,1284.793
HEE,18,PAPI-4L,47.7,3,34,35,0.055,N,90,40,39.504,W,240.1,925
HEE,36,PAPI-4L,47.6,3,34,34,28.716,N,90,40,39.808,W,237.8,907
HEF,,PAPI-4L,55,3,38,43,29.037,N,77,30,59.909,W,182.3,1240
HEF,,PAPI-2L,53.5,3,38,43,26.325,N,77,31,8.808,W,179.7,1140
HEF,,PAPI-2L,42.9,3,38,43,10.679,N,77,30,57.556,W,178.2,758
HEF,,PAPI-4L,40,3,38,42,52.898,N,77,30,33.931,W,177.4,764
HEG,7,PAPI-2L,40,3,30,16,38.128,N,81,48,45.82,W,73.4,763.2
HEG,11,PAPI-2L,40,3,30,16,39.5,N,81,48,18.66,W,84.6,763.2
HEG,25,PAPI-2L,40,3,30,16,48.608,N,81,48,20.319,W,79.9,763.2
HEG,29,PAPI-2L,40,3,30,16,32.92,N,81,47,57.48,W,82.7,763.2
HEQ,14,PAPI-4L,42.4,3,40,34,24.062,N,102,16,32.924,W,3728.5,828
HEQ,32,PAPI-4L,42.3,3,40,33,55.502,N,102,16,10.174,W,3724.5,789
HES,13,PAPI-2L,40,4,38,39,14.99,N,122,53,59.14,W,271.5,753
HES,13,PAPI-2L,40,4,38,39,14.99,N,122,53,59.14,W,271.5,753
HES,31,PAPI-2L,20,4,38,39,1.63,N,122,53,47.67,W,259.7,269
HEZ,14,PAPI-4R,54.6,3,31,37,6.861,N,91,18,13.176,W,263.2,1009
HEZ,18,VASI-4L,30.2,3,31,37,5.678,N,91,17,43.752,W,268,617
HEZ,32,PAPI-4L,42.7,3,31,36,33.29,N,91,17,35.723,W,270.5,801
HFD,2,PAPI-4L,37.1,3.5,41,44,3.552,N,72,38,57.291,W,13.9,578
HFD,20,PAPI-4R,57.9,4,41,44,23.316,N,72,38,53.139,W,16.8,842
HFJ,18,PAPI-4L,42.7,3,36,54,38.968,N,94,0,50.264,W,1310.3,926
HFJ,36,PAPI-4L,45,3,36,53,56.966,N,94,0,51.77,W,1299.3,825
HFY,1,PAPI-4L,39,3,39,37,22.324,N,86,5,19.863,W,821.8,707
HFY,19,PAPI-4L,49.3,3,39,37,54.581,N,86,5,14.263,W,821.8,900
HGR,2,PAPI-2L,52.5,4,39,42,21.92,N,77,43,41.24,W,694.5,715
HGR,9,PAPI-4L,55,3,39,42,26.44,N,77,44,7.51,W,675.3,843
HGR,20,PAPI-2L,33,4,39,42,39.86,N,77,43,35.08,W,696.1,572
HGR,27,PAPI-4L,55,3,39,42,34.99,N,77,43,1.3,W,692.9,910
HHG,10,PAPI-2L,38.6,3,40,51,11.18,N,85,27,48.37,W,804,737.6
HHG,28,PAPI-2L,49.1,3,40,51,9.92,N,85,27,5.09,W,806.3,936.6
HHR,7,VASI-2R,25.4,3.25,33,55,21.643,N,118,20,19.237,W,62.7,446
HHR,25,VASI-4R,25.8,3.5,33,55,23.126,N,118,19,47.828,W,61.7,422
HHW,17,PAPI-2L,43.8,3,34,2,12.692,N,95,32,31.453,W,567.3,833
HHW,35,PAPI-2L,42.9,3,34,1,49.532,N,95,32,31.388,W,571.5,833
HIB,13,PAPI-4L,49.8,3,47,23,23.558,N,92,50,41.503,W,1352.1,970
HIB,31,PAPI-4L,62.3,2.9,47,22,52.906,N,92,49,51.768,W,1341.8,1166
HIE,10,PAPI-4L,45,3.5,44,22,2.62,N,71,33,1.06,W,1042.3,827.2
HIF,14,PAPI-4L,58.5,2.8,41,8,15.013,N,111,58,56.105,W,4783.4,1195
HIF,32,PAPI-4L,52.2,2.5,41,6,37.352,N,111,57,49.914,W,4782.6,1195
HIG,16,PAPI-4L,31.2,3,39,4,33.69,N,93,40,42.77,W,829.8,858
HIG,34,PAPI-4L,39.1,3,39,4,6.5,N,93,40,33.73,W,801.4,700
HII,14,PAPI-4L,57.6,3.5,34,34,42.742,N,114,21,48.703,W,753.2,872
HII,32,PAPI-4L,35.7,3,34,33,48.736,N,114,21,10.458,W,776.6,800
HIO,2,PAPI-4R,39.2,3,45,32,8.494,N,122,57,0.056,W,202.5,783
HIO,,PAPI-4L,26.7,3,45,32,56.23,N,122,57,19.507,W,202.1,481
HIO,,PAPI-4L,49,3,45,32,51.361,N,122,57,26.625,W,201.2,910
HIO,20,PAPI-4L,38.2,3,45,32,25.719,N,122,56,39.786,W,205.5,774
HIO,,PAPI-4L,51,3,45,32,13.368,N,122,56,46.736,W,201.4,908
HIO,,PAPI-4L,26.4,3,45,32,35.525,N,122,56,57.769,W,205.6,512
HJH,12,PAPI-2L,52.1,3.9,40,9,14.584,N,97,35,23.73,W,1462.9,749
HJH,30,PAPI-2L,40,3,40,9,1.852,N,97,35,2.798,W,1464.9,777
HJO,14,PAPI-4R,33.2,4,36,19,19.121,N,119,37,52.263,W,244,410
HJO,32,PAPI-4L,25,3,36,18,41.76,N,119,37,27.22,W,242.4,470
HK01,16,PAPI-4L,45.6,3,2,9,59.477,S,40,53,43.571,E,33,851
HKS,16,PAPI-4L,56.7,3,32,20,22.88,N,90,13,30.94,W,332.9,1249.4
HKY,6,PAPI-4L,57.3,3,35,44,11.594,N,81,23,40.303,W,1140.9,1001
HKY,24,PAPI-4L,53.9,3,35,44,35.204,N,81,22,58.388,W,1180.2,1199
HLA,3,PAPI-4L,25,3,65,41,43.02,N,156,21,32.89,W,219.7,501
HLA,21,PAPI-4L,25,3,65,42,1.85,N,156,20,36.15,W,208.6,448
HLA,21,PAPI-4L,25,3,65,42,1.85,N,156,20,36.15,W,208.6,448
HLB,36,PAPI-2R,30.3,3,39,20,11.494,N,85,15,30.258,W,975,570
HLC,18,PAPI-4L,45.9,3,39,23,4.844,N,99,49,52.825,W,2238.4,870
HLC,36,PAPI-4L,33.1,3,39,22,30.358,N,99,49,53.743,W,2187.1,640
HLG,21,VASI-2L,41.9,3,40,10,41.85,N,80,38,42.448,W,1183.4,1059
HLG,34,PAPI-4L,42,3,40,10,20.003,N,80,38,34.041,W,1181,960
HLN,5,PAPI-2L,39.6,3,46,36,24.611,N,111,59,36.093,W,3858,1122
HLN,9,PAPI-4L,55,3.3,46,36,27.914,N,111,59,36.376,W,3855.6,1095
HLN,23,PAPI-2L,49,3,46,36,35.9782,N,111,58,58.6228,W,3821.5,663
HLN,27,PAPI-4L,55.1,3,46,36,13.004,N,111,58,0.387,W,3845.9,1033
HLX,1,PAPI-2L,20.7,3,36,45,41.15,N,80,49,24.386,W,2692.8,397
HLX,19,PAPI-2L,35.6,3,36,46,13.004,N,80,49,25.221,W,2650.4,531
HMN,16,PAPI-4L,50,3,32,51,50.146,N,106,6,25.236,W,4080.8,992
HMN,22,PAPI-4L,53.1,3,32,51,51.584,N,106,6,34.992,W,4079.3,1080
HMN,25,PAPI-4L,43,2.5,32,51,7.95,N,106,5,11.467,W,4091.6,1008
HMN,34,PAPI-2L,42.6,2.5,32,50,11.23,N,106,5,59.945,W,4051.8,912
HMP,6,PAPI-2L,44,3,33,23,12.7,N,84,20,9.993,W,851,851
HMP,24,PAPI-2L,40.1,3,33,23,34.31,N,84,19,33.951,W,874.8,901
HMT,23,PAPI-2L,25.6,3,33,44,7.87,N,117,1,4.69,W,1514.1,500
HMZ,14,PAPI-2R,39.5,3,40,5,20.34,N,78,31,5.993,W,1154,796
HMZ,32,PAPI-2L,52.3,4,40,4,59.525,N,78,30,30.799,W,1160,757
HNB,9,PAPI-4L,40.2,3,38,14,56.69,N,86,57,35.829,W,516.5,702
HNB,27,PAPI-4L,42.3,3,38,14,56.243,N,86,56,45.813,W,528.9,809
HND,,PAPI-4L,40.1,3,35,58,44.979,N,115,7,58.69,W,2413.3,624
HND,,PAPI-4L,40.5,3,35,58,44.849,N,115,8,7.21,W,2408.5,644
HND,,PAPI-4L,52.3,4.3,35,57,55.503,N,115,8,7.815,W,2478.7,865
HND,,PAPI-4L,52.4,4.3,35,58,10.294,N,115,7,59.122,W,2462,868
HNH,6,PAPI-4L,34.7,4,58,5,43.85,N,135,24,53.13,W,15.7,497
HNL,,PAPI-4L,50.4,3,21,19,11.851,N,157,55,15.659,W,8.7,982
HNL,,PAPI-4L,71,3,21,18,58.166,N,157,55,26.264,W,8.2,1352
HNL,,PAPI-4L,72.6,3,21,19,30.885,N,157,56,21.353,W,12.7,1400
HNL,,PAPI-4L,75,3,21,18,24.494,N,157,56,29.938,W,10,1430
HNL,,PAPI-4L,80,3.44,21,19,35.853,N,157,54,32.859,W,8.4,1329
HNL,,PAPI-4L,75,3,21,18,24.489,N,157,54,53.476,W,9.7,1449
HNL,,PAPI-4L,65,3.25,21,19,30.885,N,157,54,37.616,W,8.7,1152
HNM,8,PAPI-2L,26.4,3.6,20,47,44.31,N,156,1,6.02,W,74.3,471
HNR,15,PAPI-2L,40,3,41,35,13.771,N,95,20,28.9,W,1213.3,1104
HNR,33,PAPI-2L,40,3,41,34,53.396,N,95,20,16.348,W,1196.5,723
HNS,8,PAPI-4L,57,4,59,14,41.803,N,135,31,46.068,W,28.5,818
HNS,26,PAPI-4L,56,4,59,14,33.692,N,135,31,2.929,W,26.2,792
HNZ,6,PAPI-4L,43.3,3.25,36,21,27.546,N,78,32,6.692,W,525.5,723
HNZ,24,PAPI-4R,40.9,3,36,21,53.002,N,78,31,27.546,W,510.9,669
HOB,13,PAPI-4L,49,3,32,41,31.112,N,103,13,8.478,W,3657.9,995
HOB,22,PAPI-4L,44,3,32,41,29.177,N,103,12,38.661,W,3645.6,824
HOB,31,PAPI-4R,41,3,32,41,1.39,N,103,12,33.457,W,3638.5,765
HOC,23,PAPI-2L,31.8,4,39,11,28.27,N,83,32,6.61,W,934.4,405
HOE,14,PAPI-2L,37.6,3,31,3,37.177,N,82,46,45.159,W,185.5,741
HOE,32,PAPI-2L,40,3,31,3,12.4,N,82,46,16.75,W,183.2,741.9
HOM,4,PAPI-4L,56,3,59,38,31.672,N,151,29,10.47,W,65.9,1172
HOM,22,PAPI-4L,56,3,59,38,57.495,N,151,27,57.56,W,80.7,956
HON,12,PAPI-4L,50,3,44,23,26.787,N,98,14,18.629,W,1287.7,968
HON,18,PAPI-2L,26.9,3,44,23,20.904,N,98,13,32.339,W,1285.1,476
HON,30,PAPI-4L,50,3,44,22,54.661,N,98,13,21.442,W,1283.5,957
HON,36,PAPI-2L,25,3,44,22,40.942,N,98,13,32.024,W,1284.7,477
HOP,5,PAPI-4L,59.2,3,36,39,54.849,N,87,30,1.012,W,556.3,1135
HOP,18,PAPI-4L,49.9,3,36,40,28.301,N,87,29,46.784,W,561.4,965
HOP,23,PAPI-4L,78,3,36,40,53.906,N,87,28,49.71,W,572.2,1464
HOP,36,PAPI-4L,49.3,3,36,40,2.659,N,87,29,46.357,W,556.6,941
HOT,23,PAPI-4L,40,3,34,28,55.64,N,93,5,27.55,W,532.1,923
HOU,4,PAPI-4R,58.3,3,29,38,28.492,N,95,16,58.666,W,43.7,1080
HOU,,PAPI-4L,59.7,3,29,39,1.5,N,95,16,52.569,W,44.4,1148
HOU,,PAPI-4R,51.7,3,29,38,49.546,N,95,16,51.435,W,44.9,978
HOU,22,PAPI-4L,49.3,3,29,39,8.307,N,95,16,14.719,W,39.2,935
HOU,,PAPI-4L,76.1,3,29,38,21.067,N,95,16,17.624,W,41.7,1444
HPB,14,VASI-4L,28.3,3,61,31,35.3168,N,166,8,59.8174,W,19.4,534
HPB,32,VASI-4L,28.2,3,61,31,16.3365,N,166,8,35.5941,W,18.5,509
HPN,11,PAPI-4L,54.2,3,41,3,59.265,N,73,42,43.987,W,399,1000
HPN,16,PAPI-4L,54.8,3,41,4,20.287,N,73,42,38.94,W,422,1369
HPN,34,PAPI-4L,55.5,3,41,3,45.818,N,73,42,12.559,W,376.2,1148
HPT,17,PAPI-2L,21.7,3,42,43,40.07,N,93,13,34.66,W,1170,514
HPT,35,PAPI-2L,28,3,42,43,10.37,N,93,13,34.94,W,1159.8,499
HPY,14,PAPI-2L,20,3,29,47,17.63,N,94,57,16.34,W,30.7,402
HPY,32,PAPI-2L,20,3,29,47,1.6,N,94,57,2.37,W,27.6,391
HQG,2,PAPI-2L,29,3,37,9,25.016,N,101,22,25.477,W,3133,559
HQG,20,PAPI-2L,29,3,37,9,59.996,N,101,22,5.421,W,3130,548
HQM,6,PAPI-4R,40,3,46,58,13.3,N,123,56,36.14,W,17.8,773
HQM,24,PAPI-4L,55,3.5,46,58,19.1,N,123,55,48.85,W,15.4,895
HQU,10,PAPI-2L,47.6,3,33,31,47.802,N,82,31,20.788,W,458.9,783
HQU,28,PAPI-2L,50.3,3.5,33,31,46.374,N,82,30,44.217,W,478.2,1138
HQZ,18,PAPI-4L,55,3,32,45,7.99,N,96,31,49.16,W,445.3,1087
HQZ,36,PAPI-4L,42,3,32,44,13.74,N,96,31,50.16,W,442,800
HRF,17,PAPI-2L,35,3,46,15,43.314,N,114,7,25.505,W,3627.5,825
HRF,35,PAPI-2L,35,3,46,15,8.153,N,114,7,26.167,W,3624.9,812
HRJ,5,PAPI-2L,38.5,3,35,22,34.894,N,78,44,10.027,W,189.5,700
HRJ,23,PAPI-2L,38.7,3,35,23,1.464,N,78,43,42.851,W,198.3,800
HRL,13,PAPI-4L,59,3,26,13,51.507,N,97,39,41.647,W,34.6,1124
HRL,,PAPI-4L,50,3,26,13,52.663,N,97,38,55.409,W,33.2,966
HRL,,PAPI-4L,71.2,3,26,14,12.001,N,97,39,31.021,W,34.3,1351
HRL,31,PAPI-4L,55,3,26,13,15.551,N,97,39,2.654,W,35.7,1055
HRL,,PAPI-4R,73.6,3,26,13,6.069,N,97,39,31.841,W,36.1,1392
HRO,18,VASI-4L,50,3,36,16,1.94,N,93,9,14.58,W,1362,1000
HRO,36,VASI-4L,50,3,36,15,20.98,N,93,9,19.49,W,1351,1000
HRT,18,PAPI-4L,41.3,2.5,30,26,22.12,N,86,41,22.78,W,33.7,950
HRT,36,PAPI-4L,54.1,2.5,30,25,8.65,N,86,41,16.8,W,36.3,1209.7
HRU,17,PAPI-4L,42.4,3,38,41,54.131,N,96,48,28.686,W,1481.4,759
HRU,35,PAPI-4L,43.3,3,38,41,27.791,N,96,48,28.758,W,1481.3,760
HRX,2,PAPI-4L,52.3,3,34,51,28.1,N,102,19,39.74,W,3786.2,997
HRX,20,PAPI-4L,48,3,34,52,4.37,N,102,19,15.49,W,3786.2,915.9
HSA,18,PAPI-4L,56.1,3,30,22,35.581,N,89,27,16.505,W,22.6,1068
HSA,36,PAPI-4L,55,3,30,21,32.307,N,89,27,16.706,W,13.3,1037
HSB,6,PAPI-4L,35,3,37,48,35,N,88,33,27.32,W,391.6,609
HSB,24,PAPI-4L,35,3,37,48,51.29,N,88,32,46.86,W,393.5,763
HSD,18,VASI-2L,30.3,3,35,36,26.36,N,97,42,23.03,W,1157,500
HSD,36,VASI-2L,21.3,3,35,35,46.81,N,97,42,21.3,W,1188,500
HSG,5,PAPI-2L,39.1,2.75,43,42,35.945,N,108,23,50.286,W,4873.9,781
HSG,23,PAPI-2L,39.1,2.75,43,43,1.653,N,108,22,56.231,W,4890.6,840
HSI,4,PAPI-2L,40,3,40,36,1.156,N,98,25,54.722,W,1940.9,733
HSI,14,PAPI-4L,37.9,3,40,36,44.35,N,98,25,55.6,W,1953.8,863.8
HSI,14,PAPI-4L,37.9,3,40,36,44.35,N,98,25,55.6,W,1953.8,863.8
HSI,22,PAPI-2L,40,3,40,36,20.976,N,98,25,27.096,W,1943.4,841
HSI,32,PAPI-4R,42.4,3,40,36,11.42,N,98,25,30.96,W,1940,800.4
HSP,7,PAPI-4R,45,3,37,56,55.37,N,79,50,22.577,W,3789.6,873
HSP,25,PAPI-4L,56.2,3,37,57,14.045,N,79,49,43.6,W,3764.5,1077
HSR,1,PAPI-2L,38.2,3,43,21,55.342,N,103,23,28.68,W,3148.1,768
HSR,19,PAPI-2L,41,3,43,22,22.629,N,103,23,13.85,W,3142.6,765
HST,6,PAPI-4L,54.2,2.5,25,28,50.663,N,80,23,36.895,W,5.4,1244.441
HST,24,PAPI-4L,42.8,2.5,25,29,48.588,N,80,22,22.626,W,5.4,984.153
HSV,,PAPI-4R,73.4,3,34,38,57.299,N,86,45,55.952,W,606.5,1401
HSV,,PAPI-4R,71.6,3,34,37,47.225,N,86,45,57.361,W,591.7,1314
HTF,36,PAPI-4L,50,3,42,22,41.45,N,77,40,50.2,W,1194,1000
HTH,28,PAPI-2L,42.2,3,38,32,29.524,N,118,37,37.027,W,4220.5,994
HTL,9,PAPI-4L,32,3.5,44,21,40.55,N,84,40,19.08,W,1146.1,520
HTL,27,PAPI-4R,32,3.5,44,21,41.14,N,84,39,38.09,W,1145.2,501
HTS,12,PAPI-4L,55.9,3,38,22,15.796,N,82,34,5.582,W,827.2,1070
HTS,30,PAPI-4L,49.3,3,38,21,58.845,N,82,33,13.289,W,828.6,942
HUA,17,PAPI-4L,46.4,3,34,41,9.719,N,86,41,11.209,W,683.1,921
HUA,35,PAPI-4L,50.1,3,34,40,16.609,N,86,40,59.277,W,656.5,918
HUF,5,PAPI-4L,40.4,3,39,26,31.029,N,87,19,16.186,W,572.6,768
HUF,14,PAPI-4L,58.7,2.75,39,27,27.077,N,87,18,27.266,W,572.2,1144
HUF,23,PAPI-4L,50,3,39,27,19.677,N,87,18,8.41,W,579.5,1007
HUF,32,PAPI-4L,83.5,3,39,26,55.955,N,87,17,47.004,W,587.7,1596
HUL,5,PAPI-4L,43.2,3,46,7,9.914,N,67,47,42.838,W,473.8,954
HUM,12,PAPI-2L,42.7,3,29,34,11.359,N,90,39,53.71,W,5.2,807
HUM,18,PAPI-2L,51.5,3,29,34,20.124,N,90,39,36.974,W,6.9,986
HUM,30,PAPI-2L,39.2,3,29,33,51.624,N,90,39,21.862,W,8.2,745
HUM,36,PAPI-2L,49.7,3,29,33,34.87,N,90,39,37.275,W,5.2,951
HUT,4,PAPI-4L,44.1,3,38,3,48.282,N,97,51,28.723,W,1517.2,828
HUT,17,PAPI-4L,39.8,3,38,4,4.358,N,97,51,45.452,W,1521.1,803.001
HUT,22,VASI-2L,33.5,3.4,38,4,8.896,N,97,51,4.893,W,1531.3,752
HUT,31,VASI-4L,55.2,3,38,3,43.035,N,97,51,26.137,W,1516.2,1024.2
HUT,35,PAPI-4L,42.3,3,38,3,40.412,N,97,51,43.998,W,1519,784
HVC,8,PAPI-4L,37.7,3.5,36,51,20.588,N,87,27,44.142,W,539.3,602
HVC,26,PAPI-4L,33.6,4,36,51,29.584,N,87,26,52.423,W,557.3,602
HVE,9,PAPI-4L,42.6,3,38,24,59.837,N,110,42,38.606,W,4443.7,883
HVE,27,PAPI-4L,42.2,3,38,24,55.256,N,110,41,56.888,W,4431.9,764
HVN,2,PAPI-4L,50,3,41,15,31.697,N,72,53,17.018,W,4.5,1005
HVN,20,PAPI-4L,55,3.5,41,16,4.175,N,72,53,14.831,W,6.5,952
HVR,8,VASI-4L,40,3,48,32,38.55,N,109,46,10.92,W,2581.1,744
HVR,21,PAPI-2R,20.8,3,48,32,39.59,N,109,45,30.59,W,2583.7,385
HVR,26,VASI-4L,37,3,48,32,38.52,N,109,45,14.72,W,2581.1,678
HVS,3,PAPI-2L,28,3,34,23,52.78,N,80,7,18.31,W,341.4,500
HVS,21,PAPI-2L,23,3,34,24,29.35,N,80,7,0.12,W,359.8,500
HWD,,PAPI-4L,29.1,3,37,39,41.92,N,122,7,31.57,W,27.9,610
HWD,,VASI-4R,25,3,37,39,36.999,N,122,7,33.293,W,30.2,469
HWD,,VASI-4L,35,4,37,39,21.384,N,122,6,59.077,W,46.1,551
HWD,,PAPI-4L,44,3,37,39,34.132,N,122,7,14.506,W,33.5,916
HWO,,PAPI-2L,40,3.5,26,0,2.147,N,80,14,38.606,W,7.3,655
HWO,,PAPI-2L,40,3.5,25,59,59.534,N,80,14,22.733,W,7.6,665
HWO,,PAPI-2L,40,3.5,26,0,8.109,N,80,14,31.933,W,7.3,666
HWO,,PAPI-4L,45,3.5,25,59,53.578,N,80,14,28.331,W,7.8,737
HWO,,PAPI-2L,33.4,3.5,26,0,16.898,N,80,14,22.613,W,6.9,546
HWO,,PAPI-2L,23.8,3.5,26,0,18.07,N,80,14,38.505,W,7.3,387
HWO,,PAPI-2L,24,3.5,25,59,53.467,N,80,14,10.134,W,7.8,392
HWO,,PAPI-2L,39.3,3.5,26,0,8.011,N,80,14,13.384,W,7.8,641
HWQ,27,PAPI-2L,31.8,3,46,26,52.678,N,109,50,47.838,W,4265.62,532.3
HWV,6,VASI-4L,47.4,3,40,49,24.059,N,72,52,14.224,W,69.7,900
HWV,15,PAPI-2L,47.1,3,40,49,14.17,N,72,52,9.726,W,67.9,897
HWV,33,PAPI-2L,46,3,40,48,56.832,N,72,51,46.9,W,62.3,843
HWY,15,PAPI-4L,52.6,3,38,35,23.724,N,77,42,52.87,W,327.8,739.3
HWY,33,PAPI-4L,46.7,3,38,34,58.659,N,77,42,24.933,W,337,891.1
HXD,3,PAPI-4L,40.3,3,32,13,15.539,N,80,41,57.916,W,18.8,781
HXD,21,PAPI-4R,34.6,3,32,13,41.241,N,80,41,43.129,W,14,628
HXF,9,PAPI-4L,40.3,3,43,21,2.29,N,88,23,36.926,W,1056.7,650
HXF,27,PAPI-4L,40.2,3,43,21,1.937,N,88,23,11.821,W,1063.4,895
HYA,6,PAPI-4L,36.7,3,41,39,59.633,N,70,16,46.811,W,44,705
HYA,24,PAPI-4L,50.1,3,41,40,21.168,N,70,16,12.814,W,41.1,936
HYA,33,PAPI-4L,53,3,41,39,57.846,N,70,16,55.486,W,45.1,948.983
HYI,13,PAPI-2L,57,3,29,53,41.696,N,97,52,2.67,W,590.8,1130
HYI,17,PAPI-2L,55,3,29,53,54.63,N,97,51,27.412,W,588.9,1157
HYI,31,PAPI-2L,60,3,29,53,18.78,N,97,51,34.349,W,577.3,1069
HYR,3,PAPI-4L,38.3,3,46,1,16.9504,N,91,26,49.9634,W,1209.9,702
HYR,21,PAPI-4R,44.5,3,46,1,48.2286,N,91,26,29.2426,W,1215,811
HYS,4,PAPI-4L,41.9,3,38,50,12.38,N,99,16,33.77,W,1987.5,800
HYS,16,PAPI-4L,42.6,3,38,51,1.59,N,99,16,32.21,W,1996.9,896
HYS,22,PAPI-4L,41.9,3,38,50,31.5,N,99,16,6.47,W,1988.6,800
HYS,34,PAPI-4L,42.9,3,38,50,15.26,N,99,16,18.94,W,1986.9,801
HYW,4,PAPI-4R,48.2,3.35,33,49,30.951,N,79,7,28.464,W,33.5,820
HYW,22,PAPI-4L,43.1,3,33,49,54.134,N,79,7,11.225,W,34.5,823
HYX,5,PAPI-2L,25,3,43,25,50.712,N,83,51,51.606,W,600.1,483
HYX,10,PAPI-4L,45.2,3,43,26,2.07,N,83,52,7.587,W,599.3,825
HYX,23,PAPI-2R,25,3,43,26,2.942,N,83,51,35.057,W,597.9,481
HYX,28,PAPI-4L,44.3,3,43,26,2.111,N,83,51,21.901,W,598,806
HZD,1,PAPI-4L,26.1,3,36,4,59.69,N,88,27,53.69,W,494.7,500
HZD,19,PAPI-4L,27.9,4,36,5,44.21,N,88,27,41.8,W,496.3,400
HZE,15,PAPI-2L,27.7,3,47,17,41.0672,N,101,35,4.6101,W,1786.7,528
HZE,33,PAPI-2L,28.8,3,47,17,9.0241,N,101,34,40.3679,W,1800.6,819
HZL,10,PAPI-4L,45.8,3.5,40,59,13.458,N,76,0,0.653,W,1591,784
HZL,28,PAPI-4L,40,3.17,40,59,11.2,N,75,59,19.307,W,1596.4,735
HZR,18,PAPI-2L,50.4,3,30,43,20.811,N,91,28,41.883,W,37.4,995
HZR,36,PAPI-2L,50.4,3,30,42,50.477,N,91,28,44.528,W,33.7,934
HZX,14,VASI-2L,22.7,3,46,37,20.53,N,93,18,50.96,W,1227.4,473
HZX,32,VASI-2R,19.1,3,46,36,54.8,N,93,18,19.69,W,1225.8,397
HZY,9,PAPI-4L,45.3,3,41,46,35.865,N,80,42,15.812,W,908.7,829
HZY,27,PAPI-4L,45.1,3,41,46,43.215,N,80,41,27.149,W,922.4,909
I10,23,PAPI-2L,63.4,3.5,39,48,6.86,N,81,32,7.01,W,875.4,1038.8
I17,8,PAPI-2L,36.2,3,40,9,49.904,N,84,18,45.358,W,987.6,795
I17,26,PAPI-2L,37.4,3,40,9,56.054,N,84,18,14.311,W,984.7,713
I18,4,PAPI-2L,50,3,38,55,37.23,N,81,49,17.35,W,743,845
I18,22,PAPI-2L,50,4,38,55,57.77,N,81,49,2.42,W,755.3,765
I22,8,PAPI-2L,25,3,40,10,0.01,N,84,56,6.95,W,1116.7,463
I22,26,PAPI-2L,25,3,40,10,7.29,N,84,55,24.92,W,1122.2,492
I23,23,PAPI-4L,25.7,3,39,34,30.322,N,83,24,59.104,W,977.6,487
I34,1,PAPI-2L,40.1,3,39,18,52.595,N,85,31,32.94,W,896.6,725
I34,19,PAPI-2L,40,3,39,19,30.738,N,85,31,28.008,W,906.8,802
I35,8,VASI-2L,25.9,5,36,51,30.203,N,83,21,47.653,W,1524,295
I40,4,PAPI-2L,26.3,3.5,40,18,20.478,N,81,51,24.716,W,973.9,450
I40,22,PAPI-4R,24.8,3,40,18,52.29,N,81,50,52.99,W,979.4,501
I42,2,PAPI-2R,21.8,4,38,34,52.784,N,86,27,59.62,W,816.2,304
I42,20,PAPI-2L,26.8,4,38,35,17.37,N,86,27,48.213,W,804.9,351
I63,18,PAPI-4L,42.8,3,39,59,28.188,N,90,48,14.464,W,732,850
I63,36,PAPI-4L,42.4,3,39,58,45.593,N,90,48,15.364,W,718.6,745
I66,3,PAPI-2L,34.7,3,39,29,58.577,N,83,51,55.104,W,1028.4,601
I66,21,PAPI-2L,32.2,3.75,39,30,20.248,N,83,51,40.051,W,1030.7,488
I67,1,PAPI-2L,44.9,3,39,15,28.643,N,84,46,27.53,W,582.4,851
I67,19,PAPI-2L,47.4,3.5,39,15,37.655,N,84,46,27.471,W,583,751
I68,1,PAPI-4R,32.6,3.2,39,27,28.223,N,84,15,8.115,W,884.8,573
I68,19,PAPI-4L,35,3.5,39,27,59.35,N,84,15,5.186,W,892.2,675
I69,4,PAPI-2L,16,4,39,4,33.0362,N,84,12,45.457,W,839.3,233
I69,22,PAPI-2L,33.5,3,39,4,52.1473,N,84,12,27.3449,W,818.3,536
I74,2,PAPI-4R,44.4,3,40,7,44.13,N,83,45,18.25,W,1061.8,805
I74,20,PAPI-4L,37.7,3,40,8,10.75,N,83,45,7.05,W,1067.6,764.7
I75,18,PAPI-2L,31.4,3,41,3,21.82,N,93,41,20.16,W,1110,600
I75,36,PAPI-2L,31.4,3,41,2,54.16,N,93,41,21.68,W,1110,600
I76,1,PAPI-2L,47.4,3,40,46,55.49,N,86,8,48.572,W,770.5,850
I76,19,PAPI-2L,44.3,3,40,47,22.025,N,86,8,45.733,W,778.7,855
I83,8,PAPI-2L,24.9,3,38,36,12.667,N,86,9,19.662,W,835.4,561
I86,8,PAPI-2R,23.5,3.5,39,41,25.7985,N,82,12,7.8366,W,1047.3,451
I86,26,PAPI-2L,27.6,4,39,41,33.5087,N,82,11,36.8465,W,1034.4,501
I93,10,PAPI-2L,33.5,3.1,37,47,6.991,N,86,26,46.27,W,716.9,568
I93,28,PAPI-2L,27.4,3,37,47,3.629,N,86,26,10.846,W,729.8,568
IAB,,PAPI-4L,54.8,3,37,36,35.698,N,97,16,21.943,W,1340.7,986
IAB,,PAPI-4L,63.5,3,37,36,34.613,N,97,16,11.728,W,1344.1,1059
IAB,,PAPI-4L,55.1,3,37,38,10.125,N,97,15,45.168,W,1364.4,1053
IAB,,PAPI-4L,54.9,3,37,38,11.527,N,97,15,55.278,W,1369.6,1086
IAD,,PAPI-4L,70,3,38,56,33.991,N,77,27,35.005,W,284.9,1351
IAD,,PAPI-4L,70,3,38,56,55.805,N,77,28,29.117,W,292.1,1409
IAD,,PAPI-4R,72,3,38,55,38.877,N,77,26,11.013,W,311.9,1351
IAD,12,PAPI-4R,65.9,3,38,56,33.006,N,77,29,10,W,306.1,1316
IAD,,PAPI-4R,72.1,3,38,58,1.152,N,77,27,33.737,W,270.2,1331
IAD,,PAPI-4L,75,3,38,57,5.992,N,77,26,9.706,W,297.1,1335
IAD,,PAPI-4L,70,3,38,58,1.431,N,77,28,28.176,W,276.9,1351
IAD,30,PAPI-4L,84,3,38,56,6.441,N,77,27,39.711,W,287.7,1561
IAG,6,PAPI-4L,45.3,3,43,6,11.854,N,78,56,35.315,W,585.6,868
IAG,10,PAPI-4L,53,2.89,43,6,34.314,N,78,57,44.087,W,588.7,1057
IAG,24,PAPI-4L,48.2,3,43,6,32.712,N,78,56,1.215,W,586.7,1025
IAG,28,PAPI-4L,67,2.5,43,6,34.192,N,78,56,16.804,W,585.7,1594
IAH,,PAPI-4L,72.4,3,29,59,36.316,N,95,21,2.405,W,94.6,1360.34
IAH,9,PAPI-4R,70.7,3,29,58,39.347,N,95,19,47.463,W,89.8,1347.706
IAH,,PAPI-4R,57.6,3,29,59,6.845,N,95,21,22.485,W,95.2,1094.166
IAH,,PAPI-4L,71.1,3,29,59,3.974,N,95,21,33.611,W,94.3,1389.246
IAH,,PAPI-4R,71.2,3,29,59,36.372,N,95,19,46.397,W,93.5,1357.544
IAH,27,PAPI-4L,70.3,3,29,58,39.399,N,95,18,23.989,W,85.1,1310.141
IAH,,PAPI-4R,58.9,3,29,57,58.375,N,95,20,53.471,W,87.5,1101.987
IAN,25,PAPI-4R,28.9,3,66,58,35.577,N,160,25,40.382,W,151.5,459
IBM,10,PAPI-2L,39.9,3,41,11,22.61,N,103,41,6.74,W,4919.8,871
IBM,28,PAPI-2L,40,3,41,11,11,N,103,40,8.51,W,4901.7,721
ICL,2,PAPI-2L,28,3,40,43,0.617,N,95,1,46.557,W,985.9,665
ICL,20,PAPI-2L,29.9,3,40,43,33.612,N,95,1,26.913,W,992.1,670
ICR,13,PAPI-2L,38.4,3,43,23,33.857,N,99,50,43.502,W,2013.3,699
ICR,31,PAPI-2L,32.2,3,43,23,4.948,N,99,50,3.918,W,2022.1,664
ICT,14,PAPI-4L,50.3,3,37,39,19.011,N,97,26,18.353,W,1331.7,952
ICT,,PAPI-4L,55,3,37,39,32.138,N,97,25,7.978,W,1320,1037
ICT,32,PAPI-4L,53,3,37,38,41.622,N,97,25,51.204,W,1321.7,982
IDA,3,PAPI-4L,50.4,3,43,30,16.473,N,112,4,58.807,W,4742,953
IDA,17,PAPI-2L,40,3,43,31,12.953,N,112,3,42.118,W,4733.9,763
IDA,21,PAPI-4L,49.5,3,43,31,12.104,N,112,3,59.056,W,4733.8,897
IDA,35,PAPI-4L,45,3.5,43,30,48.282,N,112,3,43.254,W,4733.4,701
IDI,11,PAPI-4L,42,3,40,37,54.039,N,79,6,31.973,W,1372.8,697
IDI,29,PAPI-4L,45.5,3,40,37,49.925,N,79,5,42.925,W,1412.2,1000
IDP,35,PAPI-4L,41.8,3,37,9,7.042,N,95,46,35.886,W,816.7,850
IEN,30,PAPI-2L,27.6,3,43,1,4.95,N,102,30,3.94,W,3328.6,613
IER,7,PAPI-2L,50.1,3,31,44,18.304,N,93,6,16.246,W,117.6,914
IER,17,PAPI-4L,44.6,3,31,44,13.66,N,93,5,55.47,W,111.2,950
IER,25,PAPI-2L,50,3,31,44,23.228,N,93,5,52.313,W,117.8,960
IER,35,PAPI-4L,43.4,3,31,43,42.74,N,93,5,46.76,W,120.2,840
IFA,13,PAPI-2L,43.7,3,42,28,27.058,N,93,16,28.241,W,1128.8,850
IFA,31,PAPI-2L,44.1,3,42,28,7.699,N,93,16,2.282,W,1129.6,989.47
IGM,3,PAPI-4L,45.2,3,35,15,11.958,N,113,56,45.12,W,3407.1,945
IGM,17,PAPI-2L,48.5,3,35,16,4.855,N,113,56,9.766,W,3368.7,758
IGM,21,PAPI-4L,44.9,3,35,15,47.28,N,113,56,2.033,W,3396,829
IGM,35,PAPI-2L,37.6,3,35,15,15.211,N,113,56,9.795,W,3436.9,946
IGQ,9,PAPI-2L,40,3,41,32,23.61,N,87,32,6.4,W,614.4,763.3
IGQ,18,PAPI-2L,40,3,41,32,2.99,N,87,31,39.61,W,618.1,735.2
IGQ,27,PAPI-2L,40,3,41,32,23.55,N,87,31,41.86,W,616.5,766.1
IGQ,36,PAPI-2L,40,3,41,31,38.08,N,87,31,39.7,W,619.5,745.9
IIB,18,PAPI-2L,33.3,3,42,27,45.007,N,91,56,51.865,W,966.9,700
IIB,36,PAPI-2L,33.2,3,42,27,4.513,N,91,56,51.32,W,975.4,700
IIY,13,PAPI-2L,30.3,3,33,46,53.695,N,82,49,9.93,W,642.2,660
IIY,31,PAPI-2L,32.4,3,33,46,37.988,N,82,48,43.989,W,631,655
IJX,13,VASI-4L,36,3,39,46,40.97,N,90,14,35.06,W,617.9,657
IKG,13,PAPI-4L,39.2,3,27,33,19.77,N,98,2,7.04,W,130.6,800
IKG,31,PAPI-4L,40.5,3,27,32,46.39,N,98,1,35.63,W,126.3,800
IKK,4,PAPI-4L,50.6,3,41,4,4.59,N,87,51,9.47,W,623.1,1000
IKK,16,PAPI-4L,40,3,41,4,26.34,N,87,50,43.37,W,621.1,770
IKK,22,PAPI-4L,37.1,3,41,4,36.73,N,87,50,35.9,W,623.4,835
IKK,34,PAPI-4L,36.5,3,41,3,59.04,N,87,50,30.99,W,616.9,707
IKV,4,PAPI-2L,39.6,4,41,41,25.034,N,93,34,14.231,W,900.5,716
IKV,18,PAPI-2L,39.9,3,41,41,42.753,N,93,33,56.965,W,896.7,890
IKV,22,PAPI-2L,31.9,3,41,41,44.469,N,93,33,48.296,W,897.9,702
IKV,36,PAPI-2L,52,3,41,41,7.671,N,93,33,56.974,W,884.3,1059
IKW,6,PAPI-2L,31.8,3,43,39,39.724,N,84,15,48.132,W,623.3,600
IKW,24,PAPI-2L,24.4,3,43,39,52.546,N,84,15,17.48,W,629.2,600
ILE,1,PAPI-4L,71.6,3,31,5,3.55,N,97,41,13.32,W,845.6,1332
ILE,19,PAPI-4L,45,3,31,5,26.59,N,97,41,5.24,W,842.2,887
ILG,9,PAPI-4L,60.9,3,39,40,43.588,N,75,36,58.902,W,76.9,1217
ILG,19,PAPI-4L,55,3,39,41,8.799,N,75,36,6.942,W,64.4,983
ILG,27,PAPI-4L,54.3,3,39,40,54.04,N,75,35,56.637,W,69.2,1076
ILG,32,VASI-4L,28,3,39,40,22.402,N,75,36,20.413,W,74.5,502
ILI,8,PAPI-4L,35,3,59,45,6.47,N,154,55,11.29,W,187,785
ILI,18,PAPI-4L,30,3,59,45,39.61,N,154,54,36.46,W,174.6,598
ILI,26,PAPI-4L,35,3,59,45,4.92,N,154,53,58.25,W,150,555
ILI,36,PAPI-4L,31.9,3,59,45,4.64,N,154,54,47.52,W,174.6,606
ILM,6,PAPI-4R,56.8,3,34,15,49.304,N,77,54,28.27,W,25.7,992
ILM,17,PAPI-4L,50.1,3,34,16,47.253,N,77,54,30.604,W,30.8,948
ILM,24,PAPI-4L,47.6,3,34,16,29.441,N,77,53,33.887,W,19.7,917
ILM,35,PAPI-4L,35.8,3,34,15,56.936,N,77,54,7.608,W,25.8,615
ILN,,PAPI-4L,62,3,39,25,19.11,N,83,48,24.12,W,1053.9,1200
ILN,,PAPI-4L,71,3,39,25,2.24,N,83,47,31.82,W,1044,1330
ILN,,PAPI-4L,71,3,39,25,51.53,N,83,46,43.38,W,1073.9,1400
ILN,,PAPI-4L,71,3,39,26,22.6,N,83,47,21.74,W,1071.6,1425
IML,13,PAPI-2L,40,3,40,30,47.2,N,101,37,27.1,W,3271.6,784
IML,31,PAPI-2L,40,3,40,30,19.42,N,101,37,0.31,W,3265.6,746
IMM,9,PAPI-4L,51.8,3,26,26,13.817,N,81,24,3.634,W,36.5,1000
IMM,18,PAPI-4L,52.2,3,26,25,59.269,N,81,24,18.21,W,33.2,1047.6
IMM,27,PAPI-4L,52.5,3,26,26,14.836,N,81,23,30.648,W,34.1,1000
IMM,36,PAPI-4L,51.8,3,26,25,34.171,N,81,24,17.247,W,34.4,966.8
IMS,3,PAPI-4L,41.9,3.5,38,45,20.61,N,85,28,4.8,W,805.7,710
IMS,21,PAPI-2L,39,3,38,45,49.78,N,85,27,41.75,W,815.1,820
IMT,19,PAPI-4L,41.9,3,45,49,30.9371,N,88,6,44.2724,W,1168.2,1076
IMT,31,PAPI-4L,40.2,4,45,48,51.2159,N,88,6,45.2209,W,1126.1,577
IND,,PAPI-4L,74.1,3,39,42,32.402,N,86,19,2.966,W,742.4,1330
IND,,PAPI-4L,70.4,3,39,42,10.246,N,86,18,3.959,W,789.6,1331
IND,14,PAPI-4L,74.1,3,39,43,54.193,N,86,17,7.905,W,793.7,1300
IND,,PAPI-4L,70.9,3,39,43,1.902,N,86,16,58.096,W,788.2,1333
IND,,PAPI-4L,70.5,3,39,43,31.488,N,86,17,47.649,W,775.8,1480
IND,32,PAPI-4R,72.9,3,39,43,21.573,N,86,16,24.998,W,788.8,1273
INF,1,PAPI-4L,47,3.5,28,47,56.822,N,82,19,7.824,W,59.8,856
INF,19,PAPI-4L,46,3.5,28,48,30.628,N,82,19,3.695,W,43.3,710
INJ,16,PAPI-2L,40.6,3,32,5,11.958,N,97,5,54.209,W,682.1,842
INJ,34,PAPI-2L,40.2,3,32,4,49.967,N,97,5,45.852,W,672.6,821
INK,13,PAPI-2L,43,3,31,46,52.115,N,103,12,21.357,W,2818,889
INK,31,PAPI-2L,45,3,31,46,27.025,N,103,11,57.111,W,2813.5,826
INL,13,PAPI-4L,49.9,3,48,34,14.918,N,93,24,34.859,W,1181.2,1034
INL,31,PAPI-4L,45,3,48,33,36.21,N,93,23,38.33,W,1164.1,902.5
INS,8,PAPI-4L,42.5,3,36,35,3.657,N,115,41,32.341,W,3126.6,955
INS,26,PAPI-4L,49.5,3,36,35,0.806,N,115,40,5.478,W,3103.6,955
INT,15,PAPI-4L,37.7,3,36,8,7.67,N,80,13,24.12,W,959.6,907
INT,22,PAPI-2L,39.4,3,36,8,26.51,N,80,13,24.75,W,963,702
INT,33,PAPI-4L,58.4,3,36,7,33.03,N,80,12,53.82,W,911.5,867
INW,11,VASI-4L,35.5,3,35,1,41.111,N,110,43,32.261,W,4894.2,775
INW,22,VASI-4L,40.3,3,35,1,20.904,N,110,43,17.522,W,4895.1,502
INW,29,VASI-4L,28.1,3,35,1,14.31,N,110,42,35.06,W,4872,504
IOB,3,PAPI-4L,35.8,4,38,3,12.13,N,83,58,57.581,W,1016.8,550
IOB,21,PAPI-4L,39.5,3,38,3,45.252,N,83,58,36.116,W,987.4,685
IOW,7,PAPI-4L,51,3.5,41,38,21.418,N,91,33,13.365,W,662.6,1177
IOW,25,PAPI-4L,38.2,3,41,38,31.13,N,91,32,36.101,W,652.2,699
IOW,30,PAPI-2L,38.2,3.5,41,38,12.328,N,91,32,34.072,W,649,602
IPJ,5,PAPI-2L,63.9,3.4,35,28,49.252,N,81,9,54.678,W,872.1,1155
IPJ,23,PAPI-2L,46.8,3,35,29,11.83,N,81,9,24.91,W,871.6,789
IPL,8,PAPI-4L,45.1,3,32,49,55.581,N,115,35,14.441,W,-54.8,853
IPL,14,PAPI-4L,44.9,3,32,50,25.44,N,115,34,40.799,W,-55.6,865
IPL,26,PAPI-4L,45,3,32,49,55.595,N,115,34,41.815,W,-55,863
IPL,32,PAPI-4L,45.1,3,32,49,53.809,N,115,34,21.455,W,-52.7,845
IPT,9,PAPI-4L,49,3,41,14,20.41,N,76,55,56.699,W,515.3,913
IPT,12,PAPI-2L,45,3.75,41,14,40.32,N,76,55,27.06,W,525.5,660
IPT,30,PAPI-2L,41.1,4,41,14,32.05,N,76,54,48.739,W,527.3,566
IRK,36,VASI-4L,55,3,40,5,13.68,N,92,32,39.66,W,963.7,1050
IRS,1,PAPI-4L,25.7,3,41,48,26.42,N,85,26,27.01,W,912.6,505
IRS,19,PAPI-4L,27.2,3,41,49,7.52,N,85,26,27.3,W,909.6,535
IRS,24,PAPI-2L,21.8,4,41,48,56.57,N,85,25,53.375,W,924,300
ISM,6,PAPI-4L,45,3,28,17,17.38,N,81,26,29.989,W,80.5,905
ISM,15,PAPI-4L,49.3,3,28,17,38.838,N,81,26,24.725,W,81.5,911
ISM,24,PAPI-4L,45,3,28,17,34.145,N,81,25,59.606,W,78.9,895
ISM,33,PAPI-4L,47.9,3,28,17,3.265,N,81,25,59.691,W,79.7,857
ISO,5,PAPI-4L,60.4,3,35,19,22.895,N,77,37,3.997,W,92.5,1151
ISO,23,PAPI-4L,74,3,35,20,25.568,N,77,35,57.281,W,86.3,1400
ISP,6,PAPI-4L,52.8,3,40,47,25.952,N,73,6,35.79,W,93.6,982
ISP,,PAPI-4L,45.7,3.1,40,48,1.658,N,73,6,18.023,W,94.3,910
ISP,24,PAPI-4L,52.4,3,40,48,0.451,N,73,5,50.401,W,94.1,1087
ISP,,PAPI-4L,49.5,3,40,47,37.827,N,73,5,46.684,W,82.6,866
ISW,2,PAPI-4L,35.4,3,44,21,18.0333,N,89,50,27.6485,W,1012.8,641
ISW,20,PAPI-4L,41.7,3.5,44,21,56.7287,N,89,50,8.2434,W,1020.4,694
ISW,30,PAPI-4L,35.8,4,44,21,34.3862,N,89,50,2.1889,W,1013.9,491
ITH,14,PAPI-4L,50,3,42,29,46.16,N,76,27,57.692,W,1078,904
ITH,32,PAPI-4L,53,3.2,42,29,12.725,N,76,27,8.409,W,1092.6,1063
ITO,3,VASI-4L,48.3,3.25,19,42,53.946,N,155,3,36.598,W,33.5,847
ITO,8,PAPI-4R,70.5,3,19,43,16.931,N,155,3,14.413,W,29.7,1298
ITO,26,PAPI-4L,70.2,2.6,19,43,16.922,N,155,2,1.416,W,37.3,1531
ITR,15,PAPI-4L,31,3,39,14,51.121,N,102,17,15.87,W,4216.3,651
ITR,33,PAPI-4L,32,3,39,14,15.525,N,102,16,59.115,W,4197.7,712
IUA,13,PAPI-2L,40,3,42,54,42.949,N,77,19,53.607,W,790.7,726.012
IUA,31,PAPI-2R,40,3,42,54,21.324,N,77,19,8.392,W,812.3,759.046
IWA,,PAPI-4L,50,3,33,18,57.133,N,111,39,49.997,W,1351.4,888
IWA,,PAPI-4L,73.9,3,33,18,53.87,N,111,39,29.689,W,1360,1338
IWA,,PAPI-4L,60,3,33,18,55.903,N,111,40,13.315,W,1343.3,1092
IWA,,PAPI-4L,49.4,3,33,17,58.403,N,111,38,41.436,W,1377,1000
IWA,,PAPI-4L,60,3,33,17,58.87,N,111,39,6.715,W,1369.9,1235
IWA,,PAPI-4L,75.3,3,33,18,8.186,N,111,38,36.362,W,1379.5,1496
IWD,9,PAPI-4L,47.4,3,46,31,39.018,N,90,8,28.071,W,1228.4,800
IWH,9,PAPI-2L,32.1,3,40,45,39.75,N,85,48,20.748,W,794.4,600
IWH,27,PAPI-2L,31.6,3,40,45,40.159,N,85,47,39.102,W,792.2,596
IWI,7,PAPI-4R,40,4,43,57,34.61,N,69,42,56.577,W,65,641
IWI,25,PAPI-4L,40,3.5,43,57,47.53,N,69,42,33.91,W,55.8,644
IWK,18,PAPI-4L,25.9,3,65,37,36.19,N,168,5,36.45,W,19.3,458
IWK,36,PAPI-4R,25.9,3,65,37,6.27,N,168,5,47.26,W,18,458
IWS,15,PAPI-2R,42.9,3.7,29,49,17.512,N,95,40,27.899,W,112.5,632.052
IWS,33,PAPI-2L,43.5,3.7,29,48,53.453,N,95,40,14.844,W,111.5,632
IXA,2,PAPI-2L,24.5,3,36,19,24.95,N,77,38,11.086,W,141.2,468
IXA,20,PAPI-2L,23.6,3,36,20,9.686,N,77,38,2.549,W,140.2,454
IXD,4,PAPI-4L,41.2,3,38,49,46.619,N,94,53,35.269,W,1065,752.7
IXD,18,VASI-2L,45.6,3,38,50,12.85,N,94,53,29.67,W,1084.6,950
IXD,22,PAPI-4L,45,3,38,50,9.75,N,94,53,3.53,W,1085.7,946
IYA,16,PAPI-2L,50,3,29,58,46.92,N,92,5,9.57,W,15.5,966
IYA,34,PAPI-2L,50,3,29,58,18.52,N,92,4,56.81,W,14.9,954
IYK,15,PAPI-2L,40.1,3,35,39,54.08,N,117,50,1.21,W,2455.9,765
IYS,4,PAPI-4R,25,3,61,34,10.17,N,149,32,49.565,W,338.8,424
IZA,8,PAPI-2L,30.7,3,34,36,25.815,N,120,4,42.684,W,659.7,498
IZA,26,PAPI-2L,22,3,34,36,23.257,N,120,4,21.288,W,670,499
IZG,32,VASI-2L,17.3,3,43,59,17.39,N,70,56,32.28,W,422,275.7
JAC,1,PAPI-4L,50,3,43,36,4.677,N,110,44,26.497,W,6418.3,814
JAC,19,PAPI-4R,53,3,43,36,45.004,N,110,44,6.829,W,6444,1152
JAN,,PAPI-4L,71.3,3,32,19,29.02,N,90,4,33.82,W,305.5,1360
JAN,,PAPI-4L,80.3,3,32,18,44.12,N,90,4,57.68,W,312,1400
JAN,,PAPI-4R,65.5,3,32,18,36.36,N,90,4,8.74,W,338.6,1400
JAQ,1,PAPI-2L,21.5,3,38,22,24.397,N,120,47,44.288,W,1691.9,381
JAQ,19,PAPI-2L,32.4,4,38,22,47.942,N,120,47,32.191,W,1684.8,450
JAS,18,PAPI-2L,40.7,3.5,30,53,28.477,N,94,2,5.391,W,208.3,736
JAS,36,PAPI-2L,45,3.5,30,52,47.963,N,94,2,6.166,W,181.6,670
JAU,5,PAPI-2L,26,3,36,19,48.89,N,84,10,4.18,W,0,0
JAU,23,PAPI-2L,30,3,36,20,16.55,N,84,9,29.17,W,0,0
JAX,8,PAPI-4L,70,3,30,29,50.857,N,81,41,45.239,W,29.6,1358
JAX,14,PAPI-4L,70,3,30,29,23.097,N,81,41,51.287,W,25.2,1350
JAX,26,PAPI-4R,70.4,3,30,30,14.892,N,81,40,26.648,W,26.6,1350
JAX,32,PAPI-4L,67,3,30,28,50.603,N,81,41,7.419,W,23.7,1300
JBR,23,VASI-4L,54.2,3,35,50,16.621,N,90,38,15.924,W,260.2,999
JCA,17,PAPI-2L,56.2,3,34,10,49.012,N,83,33,47.458,W,938.7,927.528
JCA,35,PAPI-2L,54.3,3,34,10,20.966,N,83,33,37.391,W,946,1122.792
JCT,17,PAPI-4L,50.1,3.5,30,30,53.093,N,99,45,51.861,W,1738,1075
JCT,35,PAPI-4L,44.9,3,30,30,22.519,N,99,45,52.067,W,1704.1,839
JDD,18,PAPI-2L,30,3,32,44,46.6,N,95,29,46.59,W,405.6,516.3
JDD,36,PAPI-2L,42,3,32,44,21.813,N,95,29,47.738,W,421.4,979.018
JDN,29,PAPI-2L,29,3,47,19,36.9582,N,106,56,49.3486,W,2637.5,601
JEF,9,PAPI-4L,23,3,38,35,27.616,N,92,9,45.306,W,546.8,439
JEF,12,VASI-4L,64,3.5,38,35,39.052,N,92,9,38.658,W,547.1,1053
JEF,27,PAPI-4L,29,3,38,35,27.169,N,92,9,15.51,W,547.2,596
JEF,30,VASI-4L,50,3,38,35,17.757,N,92,8,56.109,W,548.8,940
JER,9,PAPI-4L,40,3,42,43,39.405,N,114,27,49.455,W,3972.1,565
JES,11,PAPI-2L,47.2,3.75,31,33,17.459,N,81,53,19.382,W,102.6,792
JES,29,PAPI-2L,37,3,31,33,10.946,N,81,52,33.834,W,75.7,712
JFK,,PAPI-4L,75,3,40,37,35.384,N,73,46,55.524,W,12.6,1437
JFK,,PAPI-4L,68.5,3,40,37,42.622,N,73,46,4.586,W,11.9,1305
JFK,,PAPI-4L,73.5,3,40,39,16.325,N,73,46,59.207,W,12.9,1394
JFK,,PAPI-4L,78.6,3,40,38,36.239,N,73,48,20.739,W,12.5,1493
JFK,,PAPI-4L,66,3,40,38,32.139,N,73,45,25.88,W,11.9,1262
JFK,,PAPI-4L,77.3,3,40,38,20.213,N,73,46,20.496,W,12.5,1478
JFK,,PAPI-4L,73.6,3,40,38,4.375,N,73,47,10.435,W,12.6,1404
JFK,,PAPI-4R,53.8,3,40,38,47.803,N,73,45,56.3,W,12.5,1029
JFX,9,VASI-4L,39.3,3,33,54,7.71,N,87,19,10.59,W,482,750
JFX,27,VASI-4L,45.3,3,33,54,6.65,N,87,18,31.29,W,479,750
JFZ,7,PAPI-2L,47,3.5,37,3,43.831,N,81,48,9.335,W,2653.1,763
JFZ,25,PAPI-2L,46.6,3.5,37,3,55.134,N,81,47,38.201,W,2652.9,765
JHN,17,PAPI-4L,40,3,37,35,32.312,N,101,43,59.229,W,3322.3,830
JHN,35,PAPI-4L,40,3,37,34,57.423,N,101,43,58.752,W,3322.9,840
JHW,7,VASI-4L,52,3,42,8,58.209,N,79,15,54.389,W,1720.9,952
JHW,13,PAPI-4L,45,3,42,9,24.469,N,79,15,35.999,W,1715.5,1008
JHW,31,PAPI-4L,50.5,3,42,9,12.159,N,79,15,6.091,W,1709.3,916
JKA,9,PAPI-4L,50,3,30,17,25.048,N,87,40,32.714,W,15.2,955
JKA,17,PAPI-2L,48.4,3.63,30,17,27.967,N,87,40,37.282,W,15.2,786
JKA,27,PAPI-4L,50,3,30,17,25.137,N,87,39,40.247,W,16.6,945
JKA,35,PAPI-2L,28.8,4,30,17,7.582,N,87,40,35.272,W,11.4,423
JKJ,12,PAPI-4L,24.6,3,46,50,28.74,N,96,40,12.12,W,917,470
JKJ,30,PAPI-4L,24.6,3,46,50,14.05,N,96,39,28.79,W,917.3,470
JLN,18,PAPI-4L,45.9,3,37,9,42.787,N,94,29,50.997,W,953.4,799
JLN,31,PAPI-4L,46.5,3,37,8,49.623,N,94,29,42.926,W,972.3,961
JLN,36,PAPI-4L,44.5,3,37,8,54.839,N,94,29,53.05,W,971,850
JMR,17,PAPI-4L,41,3,45,53,37.241,N,93,16,19.594,W,1000.4,751
JMR,35,PAPI-4L,40,3,45,53,5.159,N,93,16,12.908,W,1006.7,759
JMS,4,PAPI-4L,21.8,3,46,55,31.01,N,98,41,7.89,W,1494.8,397
JMS,13,PAPI-4L,48.5,3,46,56,1.564,N,98,41,3.583,W,1497.1,977
JMS,22,PAPI-4L,21,3,46,56,5.75,N,98,40,17.77,W,1499.3,400
JMS,31,PAPI-4L,52.4,3,46,55,30.12,N,98,40,17.32,W,1496.6,1000
JNU,8,VASI-2L,38.4,3.5,58,21,25.727,N,134,35,30.972,W,25.4,1000
JNU,26,PAPI-4L,46.3,3.5,58,21,8.408,N,134,33,26.743,W,24.3,1000
JNX,3,PAPI-4L,45,3,35,32,11.616,N,78,23,33.535,W,139.1,1013
JNX,21,PAPI-4L,49,4,35,32,45.514,N,78,23,15.547,W,160.2,751
JOT,13,PAPI-4R,41.2,3.5,41,31,6.388,N,88,10,37.192,W,578.9,700
JPX,10,PAPI-2L,48.8,3.3,40,57,32.163,N,72,15,24.13,W,46.4,994
JPX,28,PAPI-2R,48,3.8,40,57,32.635,N,72,14,50.896,W,31,711
JQD,3,PAPI-2L,39,3,37,27,16.459,N,86,51,7.621,W,521.5,908
JQD,21,PAPI-2L,45.1,3.5,37,27,45.921,N,86,50,50.629,W,532.3,815
JQF,2,PAPI-4L,68.9,3.5,35,22,49.678,N,80,42,38.805,W,647.6,997
JQF,20,PAPI-4L,44.6,3,35,23,35.878,N,80,42,28.389,W,691.1,1004
JRF,,PAPI-2L,51.3,3,21,18,29.955,N,158,4,11.349,W,23.6,936
JRF,,PAPI-4L,54.6,3,21,18,5.526,N,158,4,37.03,W,13.2,1017
JRF,11,PAPI-4L,48.2,3,21,18,32.898,N,158,4,43.949,W,26.1,1015
JRF,,PAPI-4L,53.3,3,21,18,39.342,N,158,3,45.528,W,26.2,1026
JRF,,PAPI-2L,57.2,3,21,18,44.059,N,158,3,49.869,W,28.8,1089
JRF,29,PAPI-4L,59.1,3,21,18,14.326,N,158,4,7.152,W,15.1,1029
JRO,1,PAPI-4R,45,4,38,58,37.237,N,82,34,42.037,W,719.3,679
JRO,19,PAPI-4L,45,4,38,59,11.647,N,82,34,38.13,W,722.6,696
JST,5,PAPI-4L,43.8,3,40,18,43.167,N,78,50,15.49,W,2274.8,751
JST,15,VASI-4L,52,3,40,19,17.148,N,78,50,24.361,W,2269.2,1002
JST,23,VASI-4L,44.9,3,40,19,4.92,N,78,49,52.191,W,2284.1,789
JST,33,PAPI-4R,53,3,40,18,36.117,N,78,49,45.615,W,2266.9,878
JSV,18,PAPI-2R,40,3,35,26,29.587,N,94,48,10.433,W,524.6,805.5
JSV,36,PAPI-2L,40,3,35,26,5.109,N,94,48,10.519,W,517.8,725.2
JSY,15,PAPI-2L,43,4,45,21,54.552,N,117,15,20.502,W,4070.7,502
JTC,3,PAPI-2L,45.5,4,34,7,23.761,N,109,19,9.395,W,7055.2,650
JVL,4,PAPI-4L,53.5,3,42,36,49.907,N,89,2,50.474,W,802.3,999
JVL,14,PAPI-4L,55,3,42,37,34.31,N,89,3,8.844,W,797.7,1000
JVL,22,PAPI-4L,45.2,3,42,37,25.796,N,89,2,7.435,W,805.1,848
JVL,32,VASI-4L,51,3,42,36,57.886,N,89,2,16.967,W,805.5,950
JVW,12,PAPI-4L,38.3,3,32,18,26.85,N,90,24,56.96,W,239.2,783.3
JVW,30,PAPI-2L,50.4,4,32,18,5.35,N,90,24,18.72,W,243.7,779
JVY,14,PAPI-2L,34.7,3.9,38,22,10.481,N,85,44,30.575,W,464.3,575
JVY,18,PAPI-4L,50.1,3,38,22,24.218,N,85,44,16.386,W,475.1,1001
JVY,32,PAPI-2L,31.9,3.9,38,21,49.5,N,85,44,6.565,W,461,479
JVY,36,PAPI-4L,40.8,3,38,21,32.526,N,85,44,16.359,W,461.6,770
JWG,17,PAPI-2L,40,3,35,52,4.071,N,98,25,14.726,W,1547.9,823
JWG,35,PAPI-2L,46,3.5,35,51,39.383,N,98,25,14.723,W,1537.1,681
JWN,2,PAPI-4L,40,3,36,10,36.714,N,86,53,18.587,W,462.7,682.1
JWN,20,PAPI-4L,40.1,3,36,11,19.198,N,86,53,4.78,W,495.2,875
JWY,18,PAPI-4R,40,3,32,27,53.04,N,96,54,43.19,W,717.7,901
JWY,36,PAPI-4L,40,3,32,27,4.63,N,96,54,47.17,W,689.8,695
JXI,18,PAPI-2L,31.7,3.75,32,42,7.963,N,94,56,55.847,W,415.2,478
JXN,7,PAPI-4L,37,3,42,15,31.146,N,84,28,7.61,W,985.4,681
JXN,14,PAPI-4L,25,3,42,15,46.934,N,84,28,0.023,W,976.8,388
JXN,25,PAPI-4L,45,3,42,15,45.856,N,84,27,20.446,W,994.9,823
JXN,32,PAPI-4L,30.6,3.5,42,15,25.86,N,84,27,29.907,W,999.5,500
JYG,15,PAPI-4L,40,2.83,43,59,21.232,N,94,33,37.246,W,1062.5,779
JYG,33,PAPI-4L,40,2.83,43,59,0.328,N,94,33,20.016,W,1067.7,757
JYL,5,PAPI-2L,33.2,3,32,38,27.789,N,81,35,57.268,W,172.8,582
JYL,23,PAPI-2L,30.5,3,32,38,56.312,N,81,35,20.503,W,186.9,654
JYM,10,PAPI-4L,46.3,3,41,55,17.71,N,84,35,34.27,W,1158.3,821.5
JYM,28,PAPI-4L,40,3,41,55,15.7,N,84,34,50.52,W,1178.7,864.6
JYO,17,PAPI-4L,45,3,39,4,58.367,N,77,33,34.68,W,377.2,861
JYO,35,PAPI-4L,36.5,3,39,4,21.072,N,77,33,18.468,W,389.4,654.605
JYR,17,PAPI-2L,40,3,40,54,9.555,N,97,37,24.64,W,1664,791
JYR,35,PAPI-2L,40,3,40,53,31.537,N,97,37,19.945,W,1663.4,845
JZI,9,PAPI-4L,50.1,3,32,42,17.607,N,80,0,34.96,W,17.3,980
JZI,27,PAPI-4R,44.1,3,32,42,18.024,N,79,59,57.514,W,12.8,820
JZP,16,PAPI-2R,32.8,3,34,27,30.947,N,84,27,34.626,W,1507,502
JZP,34,PAPI-2L,29,3,34,26,55.319,N,84,27,17.824,W,1531,631
JZZ,9,PAPI-4R,38.8,3.5,59,43,38.963,N,157,15,55.325,W,241.1,669
JZZ,27,PAPI-4L,26.9,3.5,59,43,33.308,N,157,15,15.97,W,266.1,533
K01,16,PAPI-2L,47.8,3.5,40,23,18.728,N,95,47,18.586,W,917.5,897
K01,34,PAPI-2L,40,3,40,22,59.336,N,95,47,9.543,W,908.1,769
K09,4,PAPI-2L,52,3.8,43,27,5.131,N,74,30,59.424,W,1697.9,728
K15,32,PAPI-4L,45.8,3.5,38,6,30.278,N,92,40,42.858,W,862.3,667
K19,1,PAPI-2L,43.2,3,40,15,34.895,N,94,20,22.902,W,870.7,721
K19,19,PAPI-2L,44.7,3,40,15,49.567,N,94,20,18.911,W,880.2,1064
K24,17,PAPI-4L,36.3,3,37,0,51.56,N,85,6,11.54,W,1003.9,815
K24,35,PAPI-4L,38.8,3,37,0,16.01,N,85,6,7.94,W,963.1,587
K26,18,PAPI-2R,42.5,4,39,18,50.788,N,93,30,23.481,W,669.2,597
K26,36,PAPI-2L,42.7,4,39,18,36.975,N,93,30,23.666,W,670.6,606
K33,17,PAPI-2L,41.2,3,37,37,2.189,N,91,36,18.038,W,1225.5,736
K33,35,PAPI-2L,44.7,3,37,36,49.789,N,91,36,14.585,W,1234.4,977
K50,17,PAPI-2L,24,3.5,37,34,6.526,N,97,10,29.818,W,1336.8,379
K50,35,PAPI-2L,17.1,3,37,33,40.895,N,97,10,29.728,W,1339.2,301
K52,9,PAPI-2L,37.9,3,39,38,4.22,N,91,43,50.425,W,736.7,721
K52,27,PAPI-2L,39,3,39,38,3.537,N,91,43,23.896,W,735.6,718
K57,18,PAPI-2L,40,3.25,40,26,54.55,N,95,22,2.117,W,915.4,708
K57,36,PAPI-2L,40,3,40,26,33.495,N,95,22,2.48,W,914.9,761
K61,17,PAPI-2L,40,4,39,28,38.05,N,98,7,37.328,W,1414.8,620
K61,35,PAPI-2L,40,3,39,28,12.135,N,98,7,36.705,W,1415.6,775
K62,3,PAPI-2L,31.9,3,38,42,2.198,N,84,23,38.127,W,899.6,608
K62,21,PAPI-2L,38.6,3.5,38,42,27.168,N,84,23,22.959,W,886.7,596
K78,18,PAPI-2L,40,3,38,54,24.97,N,97,14,9.056,W,1149.5,814
K78,36,PAPI-2L,40.1,3,38,54,1.94,N,97,14,9.089,W,1149.9,770
K81,3,PAPI-2L,40,3.4,38,32,20.166,N,94,55,18.384,W,938.9,675
K81,21,PAPI-2L,40,3,38,32,35.275,N,94,55,3.308,W,939.7,781.3
K82,14,PAPI-4L,40,3,39,46,0.63,N,98,47,51.33,W,1789.4,732
K82,32,PAPI-4L,40,3,39,45,36.43,N,98,47,33.43,W,1797.5,851
K88,1,PAPI-4L,55,3,37,51,48.629,N,95,23,18.14,W,1008.2,987
K88,19,PAPI-4L,39.5,3,37,52,24.584,N,95,23,7.335,W,1014.5,775
K89,2,PAPI-4L,31.2,3,39,43,40.058,N,92,27,27.549,W,872.7,700.159
K89,20,PAPI-4L,41,3,39,44,0.088,N,92,27,18.196,W,856.8,700
KIC,11,PAPI-2L,55.6,3.5,36,13,51.482,N,121,7,29.275,W,371,886
KIC,29,PAPI-2L,40.1,3,36,13,33.407,N,121,7,3.198,W,373.3,781
KKA,1,VASI-4L,24.5,3,64,56,12.73,N,161,9,25.35,W,153.9,440.8
KKA,19,VASI-4R,32,4,64,56,32.03,N,161,9,5.12,W,148.1,415.4
KLG,7,PAPI-4L,25,3,61,32,7.819,N,160,21,7.176,W,62.3,469
KLG,25,PAPI-4L,25,3,61,32,11.143,N,160,20,21.411,W,62.9,485
KLS,12,PAPI-4R,64.9,4,46,7,14.276,N,122,54,5.381,W,18.2,954
KLS,30,PAPI-4L,62.3,4,46,6,55.031,N,122,53,42.449,W,16.8,905
KNB,1,PAPI-2L,40.2,3,37,0,15.463,N,112,32,3.993,W,4827.7,676
KNW,14,PAPI-4L,25,3,59,27,14.694,N,157,22,32.619,W,364.4,596
KNW,32,PAPI-4L,25,3,59,26,54.668,N,157,22,12.44,W,329.9,400
KOA,17,PAPI-4L,75.2,3,19,44,59.053,N,156,2,40.758,W,47,1501
KOA,35,PAPI-4L,70.2,3,19,43,38.583,N,156,2,47.917,W,39,1352
KSM,17,PAPI-4L,50.7,3,62,4,6.606,N,163,18,0.383,W,296,860
KSM,35,PAPI-4L,51.5,3,62,3,26.439,N,163,18,4.03,W,307,1065
KTN,11,PAPI-4L,50.4,3,55,21,34.64,N,131,43,14.7,W,84,915
KTN,29,PAPI-4L,49.4,3,55,20,55.08,N,131,42,6.7,W,90.7,967
KVC,8,PAPI-4L,32.9,4,55,6,58.574,N,162,16,21.702,W,146.8,460
KVC,26,PAPI-4L,25,3,55,6,59.394,N,162,15,37.183,W,145.7,450
KWA,6,PAPI-4L,44.8,3,8,43,5.445,N,167,43,31.183,E,10.2,946
KWA,24,PAPI-4L,45,3,8,43,19.432,N,167,44,16.54,E,10.2,960
KWT,18,PAPI-4L,26.8,3,60,47,35.53,N,161,26,31.26,W,30.3,511.2
KWT,36,PAPI-4L,28,3.2,60,47,14.74,N,161,26,43.41,W,30,492
KY8,5,PAPI-4L,37,3.5,37,57,1.302,N,86,51,37.583,W,409.8,600
KY8,23,PAPI-4L,45,3,37,57,27.124,N,86,51,7.682,W,411.3,858
KYU,7,PAPI-4L,29,4,64,52,30.05,N,157,44,24.17,W,143.6,477
L08,8,PAPI-2L,28.1,3,33,15,32.107,N,116,19,38.713,W,521.5,534
L08,26,PAPI-2L,28.3,3,33,15,32.893,N,116,18,52.334,W,522.2,538
L17,25,PAPI-2L,56.9,3.5,35,8,31.716,N,119,26,4.717,W,775,672
L35,8,PAPI-2L,28.2,4.3,34,15,49.538,N,116,51,47.678,W,6750.2,375.4
L35,26,PAPI-2L,29,4.3,34,15,49.736,N,116,50,58.625,W,6751.6,386
L39,18,PAPI-2L,47.7,3,31,10,14.989,N,93,20,32.842,W,279.6,942
L39,36,PAPI-2L,53.6,3,31,9,55.442,N,93,20,32.872,W,273.2,890
L45,34,PAPI-2L,53.4,4.1,35,19,17.174,N,118,59,44.241,W,373.7,743
L71,24,PAPI-2L,40,3,35,9,10.2,N,118,0,33.06,W,2408.2,705
L92,14,PAPI-2L,40.5,3.25,37,21,59.27,N,115,11,52.222,W,3747.5,883
L92,32,PAPI-2L,40.3,2.75,37,21,35.664,N,115,11,33.914,W,3717.5,670
LAA,8,PAPI-2L,29.1,3,38,4,26.144,N,102,41,29.513,W,3681.7,577
LAA,18,VASI-4L,45.1,3,38,4,21.983,N,102,41,24.007,W,3683.3,770
LAA,26,PAPI-2L,30,3,38,4,26.383,N,102,40,41.69,W,3687.6,599
LAA,36,PAPI-4L,44.2,3,38,3,36.652,N,102,41,33.725,W,3703.3,882
LAF,5,PAPI-2L,41.8,3,40,24,34.351,N,86,56,12.981,W,594.4,762
LAF,10,PAPI-4L,49.6,3,40,24,48.71,N,86,56,50.59,W,600.5,1000
LAF,23,PAPI-2L,42.9,3,40,24,48.514,N,86,55,51.268,W,596.8,932
LAF,28,VASI-4R,45.9,3,40,24,41.37,N,86,55,50.6,W,596.9,900
LAL,5,PAPI-4L,59.1,3,27,59,8.172,N,82,1,4.659,W,131.4,1104
LAL,10,PAPI-4R,71.2,3,27,59,21.288,N,82,1,46.612,W,130.9,1373
LAL,23,PAPI-4L,46.1,3,27,59,28.044,N,82,0,42.386,W,131.4,1065
LAL,28,PAPI-4L,71,3,27,59,21.425,N,82,0,43.08,W,137.8,1431
LAM,27,PAPI-2L,45,3,35,52,41.865,N,106,15,39.333,W,7091.1,646
LAN,6,PAPI-4L,40,3,42,46,28.1542,N,84,35,55.1963,W,856.4,800
LAN,,PAPI-4L,72.6,3,42,46,41.381,N,84,35,44.3298,W,855.2,1452
LAN,24,PAPI-4L,41.6,3,42,46,48.5755,N,84,35,18.3721,W,848.1,766
LAN,,PAPI-4R,52.7,3,42,46,40.7348,N,84,34,22.1701,W,851.6,926
LAR,3,PAPI-4L,32.4,3,41,18,14.403,N,105,41,8.279,W,7281.9,677
LAR,12,PAPI-4L,43.6,3,41,19,4.776,N,105,40,44.321,W,7272.3,902
LAR,21,PAPI-4L,53,3,41,19,1.919,N,105,40,3.99,W,7275.2,953
LAR,30,PAPI-4L,40.9,3,41,18,32.671,N,105,40,1.087,W,7275.1,766
LAS,,PAPI-4L,62.6,3.4,36,4,48.059,N,115,10,3.65,W,2161.5,1296
LAS,,PAPI-4L,75.6,3,36,4,47.679,N,115,9,51.275,W,2151.7,1785
LAS,,PAPI-4L,75.5,3,36,4,34.968,N,115,9,24.912,W,2136.8,1783
LAS,,PAPI-4L,60.8,3,36,4,25.08,N,115,9,23.67,W,2142.2,1436
LAS,,PAPI-4L,75.3,3,36,5,36.156,N,115,9,23.525,W,2091.6,1210
LAS,,PAPI-4L,80.3,3.04,36,5,39.982,N,115,9,33.933,W,2098.8,1314
LAS,,PAPI-4L,84.1,3,36,4,25.155,N,115,7,50.325,W,2057.3,1425
LAS,,PAPI-4L,84.2,3,36,4,35.042,N,115,7,50.334,W,2053.6,1428
LAW,17,PAPI-4R,47.4,3,34,34,32.911,N,98,25,1.106,W,1105.3,1000
LAX,,PAPI-4L,69.3,3,33,56,50.732,N,118,25,43.382,W,112,1281
LAX,,PAPI-4L,83,3,33,56,10.765,N,118,24,52.329,W,124.5,1469
LAX,,PAPI-4L,57,3,33,56,2.89,N,118,24,51.15,W,124.5,1469
LAX,,PAPI-4R,79.3,3,33,56,59.081,N,118,24,21.842,W,120.7,1343.996
LAX,,PAPI-4L,73.2,3,33,57,5.976,N,118,24,22.639,W,120.9,1325.979
LAX,,PAPI-4R,70,3,33,56,12.941,N,118,23,13.096,W,100.2,1300.97
LAX,,PAPI-4L,74.9,3,33,56,20.796,N,118,23,14.258,W,100.4,1340
LBB,8,PAPI-4L,50,3,33,39,44.08,N,101,49,11.04,W,3257.6,964
LBB,,PAPI-4R,68.9,3,33,40,42.76,N,101,49,44.43,W,3277.6,1388
LBB,26,PAPI-4L,50,3,33,39,44.43,N,101,47,58.49,W,3254.1,906
LBB,,VASI-4L,54,3,33,39,12.63,N,101,49,43.81,W,3243,1000
LBE,6,PAPI-4L,48.1,3,40,16,2.342,N,79,25,5.101,W,1190.3,1090
LBE,24,PAPI-4L,55.1,3,40,16,38.731,N,79,24,16.294,W,1133.1,1002
LBF,12,PAPI-4L,55,3,41,7,49.99,N,100,41,13.688,W,2775.8,1050
LBF,30,PAPI-4L,55,3,41,7,15.524,N,100,40,10.71,W,2769.5,1000
LBF,35,VASI-4L,36.1,3,41,7,24.684,N,100,41,35.172,W,2775.8,670
LBL,4,PAPI-4L,40,3,37,2,25.201,N,100,58,8.431,W,2882.8,850
LBL,17,VASI-4L,53.6,3,37,3,4.355,N,100,57,23.148,W,2876.6,995
LBL,22,PAPI-4L,40,3,37,2,48.656,N,100,57,39.263,W,2878.3,800
LBL,35,VASI-4L,56.6,3,37,2,14.784,N,100,57,23.038,W,2874.4,1095
LBO,18,PAPI-4L,39.9,3,37,39,10.689,N,92,39,8.128,W,1306,807
LBO,36,PAPI-4L,40,3,37,38,37.022,N,92,39,9.382,W,1320.5,786.136
LBT,5,PAPI-4L,59.8,3,34,36,24.439,N,79,3,51.338,W,124.3,1135
LBT,23,PAPI-2L,44.7,3.2,34,36,48.282,N,79,3,22.381,W,123.6,792
LBX,17,PAPI-4L,52,3,29,6,55.39,N,95,27,43.58,W,25.1,1047
LBX,17,PAPI-4L,52,3,29,6,55.39,N,95,27,43.58,W,25.1,1047
LBX,35,PAPI-4L,40,3,29,6,4.35,N,95,27,43.5,W,24.5,796
LCG,18,PAPI-2L,40,3,42,14,47.931,N,96,58,48.671,W,1423,854
LCG,36,PAPI-2L,40,3,42,14,23.556,N,96,58,49.514,W,1425.7,878
LCH,5,PAPI-4L,51.1,3,30,7,48.288,N,93,13,38.727,W,12.4,932
LCH,15,PAPI-4L,69.7,3,30,7,31.47,N,93,13,34.02,W,11.2,1333
LCH,23,VASI-4L,46.5,3,30,8,8.875,N,93,13,8.512,W,14,897
LCH,33,PAPI-4R,50.4,3,30,6,53.756,N,93,13,13.512,W,10.3,953
LCI,8,PAPI-4L,43.5,3,43,34,15.372,N,71,25,29.451,W,540.4,936
LCI,26,PAPI-4R,55,4,43,34,30.38,N,71,24,39.52,W,520.5,733
LCK,,PAPI-4L,70.1,3,39,48,27.484,N,82,56,18.358,W,743.4,1319
LCK,,PAPI-4L,69.4,3,39,48,12.982,N,82,56,19.14,W,735.2,1316
LCK,,PAPI-4L,77.9,3,39,49,17.549,N,82,54,54.51,W,739,1497
LCK,,PAPI-4L,79.3,3,39,49,17.067,N,82,55,13.366,W,738.1,1562
LCQ,10,PAPI-2L,52.6,3,30,11,1.428,N,82,35,13.377,W,199.3,978
LCQ,28,PAPI-2L,51.3,3,30,10,54.11,N,82,34,5.251,W,195.3,999
LDJ,9,VASI-2R,60,3.8,40,37,1.014,N,74,14,49.814,W,21.2,873
LDJ,27,VASI-2L,40,3.5,40,37,4.979,N,74,14,29.429,W,19.9,645
LDM,1,PAPI-2L,19.2,3,43,57,36.465,N,86,24,46.761,W,641.5,347
LDM,8,PAPI-2L,24.9,3,43,57,34.956,N,86,24,42.27,W,641.7,477
LDM,19,PAPI-2L,21,3,43,58,3.817,N,86,24,45.669,W,637.9,385
LDM,26,PAPI-4L,25,3,43,57,47.866,N,86,23,50.303,W,645.7,506
LEB,7,PAPI-4L,50,4,43,37,36.54,N,72,18,35.25,W,564,697.6
LEB,25,PAPI-4R,50.7,4,43,37,56.953,N,72,17,47.907,W,572.2,748
LEB,36,PAPI-4L,34,3.75,43,37,1.74,N,72,18,13.67,W,593,669
LEE,4,PAPI-4L,45,3,28,49,5.278,N,81,48,36.799,W,68.6,876
LEE,13,PAPI-4L,40,3,28,49,38.876,N,81,48,51.269,W,75.3,782
LEE,22,PAPI-4R,45,3,28,49,28.646,N,81,48,18.222,W,70.8,889
LEE,31,PAPI-4L,40,3,28,49,13.248,N,81,48,16.342,W,68.3,784
LEM,12,PAPI-2L,27.8,3,45,55,18.6,N,102,6,37.47,W,2564.5,565
LEM,30,PAPI-2L,26.6,3,45,54,58.84,N,102,5,58.37,W,2568.3,520
LEMO,2,PAPI-4L,63.4,3,37,9,46.33,N,5,37,17.17,W,283,1247
LEMO,20,PAPI-4L,66.4,3,37,11,12.88,N,5,36,38.16,W,271,1247
LERT,10,PAPI-4L,51.4,3,36,38,48.812,N,6,22,0.339,W,65.9,944.686
LERT,28,PAPI-4L,126,2.75,36,38,38.2,N,6,20,11.281,W,81.3,2206.372
LETO,23,VASI-12,43.3,2.7,40,29,57.6,N,3,26,34.21,E,1990.4,1003
LETO,23,VASI-12,43.3,2.7,40,29,57.6,N,3,26,34.21,E,1990.4,1003
LEW,4,PAPI-4L,49,3,44,2,40.78,N,70,17,11.53,W,269.8,970
LEW,22,PAPI-4L,34.9,3.5,44,3,11.73,N,70,16,52.08,W,262.2,590
LEX,4,PAPI-4L,60,3,38,1,46.401,N,84,36,46.859,W,952.6,908
LEX,9,PAPI-4L,42.2,3,38,2,22.448,N,84,36,56.615,W,954,737
LEX,22,PAPI-4L,59.6,3,38,2,23.721,N,84,36,5.014,W,977.1,1049
LEX,27,PAPI-4R,41.9,3,38,2,25.277,N,84,36,27.612,W,967.4,925
LFI,8,PAPI-4L,52.7,2.8,37,4,43.633,N,76,22,22.687,W,7.2,1081
LFI,26,PAPI-4L,58.2,2.8,37,5,12.855,N,76,20,54.151,W,7.9,1162
LFK,16,VASI-4L,48,3,31,14,4.34,N,94,45,8.89,W,289,915
LFK,25,PAPI-4L,45,3,31,14,14.85,N,94,44,36.13,W,295,852
LFK,34,VASI-4L,55,3,31,13,43.29,N,94,45,0.09,W,273,1030
LFT,,PAPI-2L,26.3,3,30,12,9.64,N,91,59,29.513,W,40.5,497
LFT,,PAPI-4L,50.1,3,30,11,52.579,N,91,59,30.655,W,38.4,953
LFT,11,PAPI-4L,35.3,3,30,12,25.369,N,91,59,46.445,W,38.3,639
LFT,,PAPI-4L,49.5,3,30,12,37.288,N,91,58,49.331,W,34,913
LFT,,PAPI-2L,26.4,3,30,12,33.574,N,91,59,7.374,W,40.9,499
LFT,29,PAPI-4L,49.8,3,30,12,13.143,N,91,59,7.793,W,37.5,906
LGA,4,PAPI-4R,54.4,3.14,40,46,18.13,N,73,52,55.282,W,15.1,1092
LGA,13,PAPI-4L,54.6,3.1,40,46,50.72,N,73,52,31.056,W,9.3,1055
LGA,22,PAPI-4R,67.3,3,40,46,56.87,N,73,52,23.268,W,9.6,1279
LGA,31,PAPI-4R,70.8,3,40,46,26.492,N,73,51,40.326,W,6.6,1338
LGB,,PAPI-4L,37.9,3,33,48,50.037,N,118,9,31.114,W,48.5,808
LGB,12,PAPI-4L,69.7,3,33,49,14.8055,N,118,9,17.8984,W,46.5,1455
LGB,,PAPI-4L,33.7,3,33,48,50.056,N,118,9,1.361,W,36.8,600
LGB,,PAPI-4L,62.3,3.1,33,49,21.7753,N,118,8,54.6452,W,42.3,1101
LGB,30,PAPI-4L,64.2,3,33,48,46.921,N,118,8,44.168,W,33.1,1189
LGC,13,PAPI-4L,40.8,3,33,0,43.293,N,85,4,45.522,W,683.4,842
LGC,31,PAPI-4R,39.9,3,33,0,14.26,N,85,3,59.31,W,675.9,748
LGD,12,PAPI-2L,44,3,45,17,32.545,N,118,0,26.888,W,2712.2,877
LGD,17,PAPI-4L,35,3,45,17,28.14,N,118,0,40.305,W,2712.6,677
LGD,30,PAPI-2L,43.8,3,45,17,6.049,N,117,59,49.405,W,2707,831
LGF,18,PAPI-4L,43.1,3,32,52,22.195,N,114,23,36.119,W,399.1,1023
LGF,36,PAPI-4L,49.1,3,32,51,40.232,N,114,23,45.679,W,368.2,800
LGU,17,PAPI-2L,44.7,3,41,48,12.23,N,111,50,52.064,W,4454.8,893
LGU,35,PAPI-2L,39,3,41,46,59.728,N,111,50,56.664,W,4454.4,778
LHM,15,PAPI-4L,43.5,3,38,54,53.363,N,121,21,11.659,W,120.4,869
LHM,33,PAPI-4L,29,3,38,54,10.065,N,121,20,57.127,W,119.5,603
LHQ,10,PAPI-2L,42.8,3,39,45,21.387,N,82,39,45.516,W,850.7,938
LHQ,28,PAPI-2L,52.3,3.5,39,45,19.255,N,82,39,6.395,W,859.5,1002
LHV,,PAPI-2L,49.4,3.5,41,8,8,N,77,25,34.78,W,555.2,800
LHV,,PAPI-2L,48.2,4,41,8,10.43,N,77,25,10.84,W,555.2,686
LHW,,PAPI-4L,47.8,3,31,52,59.925,N,81,34,21.184,W,43.1,964
LHW,,PAPI-4L,65.4,3,31,53,9.915,N,81,33,20.4,W,39.6,1102
LHX,8,PAPI-2L,45,3,38,2,53.34,N,103,31,10.299,W,4216.1,1098
LHX,26,PAPI-2L,43.2,3,38,2,53.512,N,103,30,7.013,W,4161,687
LHZ,5,PAPI-4L,41.7,3,36,1,9.458,N,78,20,2.725,W,363,889
LHZ,23,PAPI-4L,49.3,3,36,1,39.335,N,78,19,34.523,W,336.1,802
LIC,16,PAPI-2L,39,3,39,16,46.5394,N,103,40,1.2315,W,5371.5,680
LIC,34,PAPI-2L,39,3,39,16,12.988,N,103,39,53.306,W,5352.1,678
LICZ,,PAPI-2L,34.3,2.5,37,24,9.955,N,14,54,45.126,E,75.9,825
LICZ,,PAPI-2L,31.8,2.5,37,24,1.537,N,14,55,56.908,E,64.6,700
LIH,3,PAPI-4L,45.8,3,21,58,29.267,N,159,20,48.442,W,146.5,972
LIH,17,PAPI-4L,53.9,3,21,58,44.25,N,159,20,9.166,W,93.5,990
LIH,21,PAPI-4L,45,3,21,59,1.74,N,159,20,13.617,W,92.7,688
LIH,35,PAPI-4L,55.3,3,21,58,0.099,N,159,20,9.175,W,91.5,1055
LIPA,5,PAPI-4L,43.4,2.5,46,1,28.777,N,12,35,10.672,E,333,806.804
LIPA,23,PAPI-4L,27.7,2.5,46,2,17.638,N,12,36,28.084,E,413.4,406.121
LIT,,PAPI-4L,50,3,34,43,29.438,N,92,14,6.167,W,255,936.1
LIT,,PAPI-4R,49.8,3,34,43,23.525,N,92,12,58.853,W,258.5,967.9
LIT,18,PAPI-4L,50.1,3,34,44,13.742,N,92,14,17.443,W,258.4,961
LIT,,PAPI-4L,50.4,3,34,43,59.407,N,92,12,13.018,W,259.4,961
LIT,,PAPI-4R,57.9,3,34,44,9.379,N,92,13,15.167,W,257.6,1172.1
LIT,36,PAPI-4R,63.2,3.75,34,43,32.886,N,92,14,18.747,W,253.3,967
LIU,1,PAPI-2L,40.1,3,33,55,19.087,N,102,23,15.793,W,3611.4,753
LIU,19,PAPI-2L,40.3,3,33,55,42.887,N,102,23,6.922,W,3609.1,748
LJF,13,PAPI-4L,37,3,45,5,58.86,N,94,30,37.62,W,1139,758
LJF,31,PAPI-4L,37,3,45,5,40.48,N,94,30,14.63,W,1139.4,757
LKP,14,PAPI-2L,50.6,3.5,44,15,59.429,N,73,57,56.93,W,1743.2,826.017
LKR,6,PAPI-2L,41.3,3,34,43,11.326,N,80,51,38.535,W,462.9,742
LKR,24,PAPI-2L,38.6,3.15,34,43,33.825,N,80,50,54.042,W,482.2,801
LKU,9,PAPI-2L,40,3,38,0,33.437,N,77,58,30.585,W,475.9,686
LKU,27,PAPI-2L,40,3,38,0,37.063,N,77,57,56.545,W,490.5,865
LKV,17,PAPI-4R,45,3,42,9,57.763,N,120,23,56.574,W,4734.1,858
LKV,35,PAPI-4L,45,3,42,9,21.986,N,120,23,56.786,W,4726.3,837
LL10,18,VASI-2L,25.6,3.25,41,44,18.705,N,88,12,9.773,W,702,450
LL10,36,VASI-2L,24.6,3.25,41,44,4.964,N,88,12,10.034,W,705.3,463
LLJ,17,PAPI-2L,40,4,44,31,42.5,N,114,13,4.572,W,5008,526
LLN,35,PAPI-4L,38.5,3,33,32,35.6,N,102,22,22.61,W,3512.4,657
LLR,29,PAPI-4L,41.5,3.5,39,15,31.913,N,123,44,54.634,W,568.2,738.3
LLU,17,PAPI-4L,42,3,37,29,11.093,N,94,18,47.112,W,1005.4,885
LLU,35,PAPI-4L,42.3,3,37,28,48.261,N,94,18,41.763,W,991.6,765
LMO,11,VASI-2L,24,3,40,10,1.97,N,105,10,9.78,W,5053.2,490.9
LMO,29,VASI-2L,34.7,3,40,9,42.2,N,105,9,29.55,W,5034.1,597.2
LMS,17,PAPI-2L,48.4,3.25,33,9,1.317,N,89,3,48.123,W,556.3,717
LMS,35,PAPI-2L,40,3,33,8,29.983,N,89,3,41.545,W,573.1,736
LMT,14,PAPI-4L,53.3,3.2,42,10,0.377,N,121,44,20.755,W,4090.9,955
LMT,26,PAPI-4L,34,3,42,9,22.442,N,121,43,36.569,W,4087.6,723
LMT,32,VASI-4L,55,3,42,8,44.676,N,121,43,40.116,W,4093.1,1093
LNA,4,PAPI-2L,29.9,3,26,35,29.297,N,80,5,18.162,W,12,580
LNA,10,PAPI-2L,45.6,4,26,35,28.515,N,80,5,20.373,W,12.5,648
LNA,16,PAPI-2L,41,3.5,26,35,48.106,N,80,5,4.012,W,14.3,662
LNA,22,PAPI-2L,29.9,3,26,35,46.998,N,80,5,5.871,W,13.9,569
LNA,28,PAPI-2L,44.8,4,26,35,27.773,N,80,4,56.189,W,12.5,644
LNA,34,PAPI-2L,38,3.5,26,35,29.561,N,80,4,53.031,W,12,638
LNC,13,PAPI-4L,45.2,3,32,34,57.16,N,96,43,20.44,W,497.3,915
LNC,31,PAPI-4L,50.4,3,32,34,21.42,N,96,42,45.4,W,478.4,890
LND,4,PAPI-2L,40.9,3,42,48,45.073,N,108,43,59.733,W,5583.9,863
LND,22,PAPI-2L,40.6,3,42,49,6.951,N,108,43,23.863,W,5562.4,664
LNK,14,PAPI-4L,48.2,3,40,51,50.835,N,96,46,0.275,W,1192,1053
LNK,17,PAPI-4L,44,3,40,51,29.707,N,96,45,2.788,W,1203.4,1126
LNK,18,PAPI-4L,55.1,3,40,51,35.901,N,96,45,42.103,W,1192.4,1100
LNK,32,VASI-4L,54,3,40,51,3.819,N,96,45,16.969,W,1182.8,957
LNK,35,PAPI-4L,30.3,3,40,50,48.534,N,96,45,3.054,W,1176.4,507
LNK,36,PAPI-4L,55.8,3,40,49,52.395,N,96,45,42.773,W,1161.9,1325
LNL,14,PAPI-2L,40,4,46,9,24.635,N,89,12,53.111,W,1704.3,587
LNL,32,PAPI-2L,40,3,46,9,8.616,N,89,12,35.557,W,1702.1,773
LNN,5,PAPI-4L,40.4,3.5,41,40,57.138,N,81,23,40.79,W,624.4,654
LNN,10,PAPI-2L,46.5,3.5,41,40,57.001,N,81,23,36.229,W,624.5,745
LNN,23,PAPI-4L,53.9,4,41,41,19.551,N,81,23,11.309,W,620.6,760
LNN,28,PAPI-2L,26,3.5,41,40,56.827,N,81,23,10.366,W,624.6,441
LNP,6,PAPI-4L,32.1,3,36,59,4.919,N,82,32,6.867,W,2666.7,647
LNP,24,PAPI-4R,31.9,3,36,59,25.503,N,82,31,28.563,W,2678.3,743
LNR,9,PAPI-2L,34.6,3,43,12,45.349,N,90,11,4.949,W,715.8,656
LNR,27,PAPI-2L,34.9,4,43,12,45.611,N,90,10,13.025,W,717.3,499
LNS,8,PAPI-4R,40,3,40,7,15.93,N,76,18,1.26,W,398.4,756
LNS,13,PAPI-2R,40,3,40,7,20.05,N,76,18,5.77,W,398.2,700
LNS,26,PAPI-4L,46.8,3,40,7,34.27,N,76,17,2.2,W,377.3,812
LNS,31,VASI-2L,37,3,40,7,6.58,N,76,17,34.392,W,405,609
LNY,3,PAPI-4R,48.7,3,20,46,57.057,N,156,57,16.564,W,1306.2,936
LNY,21,PAPI-4L,45.1,3.76,20,47,20.248,N,156,56,52.714,W,1300,809
LOL,2,PAPI-2L,44.3,3,40,3,49.886,N,118,34,16.9,W,3904.4,820
LOL,20,PAPI-2L,44.5,3,40,4,22.792,N,118,33,51.744,W,3907.3,846
LOT,2,PAPI-4L,37,3,41,36,4.43,N,88,6,0.886,W,676.1,750
LOT,9,PAPI-4L,41,3,41,36,29.263,N,88,6,4.817,W,669.8,850
LOT,20,PAPI-4L,39.8,3.2,41,36,52.35,N,88,5,45.285,W,663.5,757
LOT,27,PAPI-4L,35,3,41,36,30.827,N,88,5,12.204,W,668.1,650
LOU,6,PAPI-2L,44.9,3.5,38,13,39.535,N,85,39,52.736,W,543.8,751
LOU,15,PAPI-2L,44.9,3.5,38,13,45.658,N,85,39,59.699,W,540.3,707
LOU,24,PAPI-2L,52.7,3,38,13,47.433,N,85,39,35.681,W,541.2,871
LOU,33,PAPI-2L,44.8,3.25,38,13,31.869,N,85,39,46.807,W,538.2,591
LOZ,6,PAPI-4L,51.6,3,37,5,2.636,N,84,4,55.059,W,1205.4,1091
LOZ,24,PAPI-4L,76.5,4,37,5,20.527,N,84,4,26.153,W,1187.5,1050
LPC,25,PAPI-4L,25.2,3.25,34,39,55.946,N,120,27,42.396,W,86.8,460
LPLA,15,PAPI-2L,59.8,3,38,46,24.87,N,27,6,10.82,W,157.5,1150.9
LPLA,33,PAPI-4R,62.7,3.2,38,45,19.18,N,27,5,2.36,W,178.1,1159
LPR,7,PAPI-4L,52,3,41,20,33.34,N,82,10,56.71,W,792.1,1048.8
LPR,25,PAPI-4L,40,3,41,20,46.72,N,82,10,18.59,W,788.1,744.8
LQK,5,PAPI-2L,35.3,3,34,48,20.93,N,82,42,27.83,W,978,400
LQK,23,PAPI-2L,26.2,3,34,48,49.44,N,82,41,54.57,W,1008.2,600
LQR,17,PAPI-2L,40,3,38,12,51.534,N,99,5,6.354,W,2010.8,757
LQR,35,PAPI-2L,40,3,38,12,25.021,N,99,5,6.307,W,2012.2,762
LQTZ,9,VASI-4L,50,3,44,27,34.77,N,18,42,43.41,E,775,733.3
LRD,14,VASI-4L,55,3,27,32,49.89,N,99,27,54.36,W,508.1,976.1
LRD,,PAPI-4L,51.2,3,27,33,13.04,N,99,27,34.1,W,498,1000
LRD,,PAPI-4L,50.2,3,27,33,13.87,N,99,27,45.19,W,503.5,960
LRD,32,VASI-4L,70.9,3,27,32,15.73,N,99,27,29.77,W,493.7,850.3
LRD,,PAPI-4L,49.6,3,27,32,6.75,N,99,27,48.55,W,488,877
LRF,7,PAPI-4L,50.1,2.83,34,54,44,N,92,9,45.389,W,297.3,910
LRF,25,PAPI-4L,54.8,3,34,55,16.541,N,92,7,50.679,W,294.1,987
LRJ,18,PAPI-2L,21.2,3,42,47,0.667,N,96,11,33.484,W,1193.7,404
LRJ,36,PAPI-2R,31.2,3,42,46,26.519,N,96,11,39.978,W,1195,560
LRO,17,PAPI-4L,28,4,32,54,6.04,N,79,47,2.08,W,11.6,415.9
LRO,35,PAPI-4L,27.3,4,32,53,38.3,N,79,46,54.48,W,11.6,406.2
LRU,8,PAPI-4L,50,3,32,17,5.829,N,106,55,44.855,W,4436.3,961
LRU,22,VASI-4L,48.1,3,32,17,41.402,N,106,54,54.288,W,4444.9,1049
LRU,26,PAPI-4L,49.8,3,32,17,5.843,N,106,54,57.021,W,4433.5,1000
LRY,17,PAPI-2L,53.1,4,38,36,48.961,N,94,20,37.479,W,915.3,760
LRY,35,PAPI-2L,46.6,3,38,36,21.024,N,94,20,35.702,W,899.9,410
LSE,4,PAPI-4L,29.2,4,43,52,15.868,N,91,15,31.251,W,647.5,402
LSE,13,VASI-4L,32.8,3,43,53,1.539,N,91,15,44.94,W,652.9,675
LSE,18,PAPI-4L,55.3,3,43,53,25.29,N,91,15,31.812,W,652.6,1054
LSE,22,PAPI-4L,28,4,43,52,50.861,N,91,14,55.619,W,653.3,396
LSE,31,VASI-4L,44.2,3.85,43,52,33.993,N,91,15,6.001,W,654.1,646
LSE,36,VASI-4L,27.6,3,43,52,25.95,N,91,15,31.025,W,648.6,548
LSF,15,PAPI-4L,55,3,32,20,26.543,N,84,59,40.54,W,226.1,1022
LSF,33,PAPI-4L,54.9,3,32,19,28.15,N,84,58,51.849,W,225.3,1050
LSK,10,PAPI-2L,40,3,42,45,21.043,N,104,24,37.164,W,4963.8,812
LSK,28,PAPI-2L,40,3,42,45,6.187,N,104,23,55.001,W,4954.3,758
LSN,14,PAPI-2L,30,3,37,4,1.69,N,120,52,18.89,W,120,572.6
LSN,32,PAPI-2L,38,3,37,3,33.19,N,120,52,0.96,W,120.9,706.5
LSV,,PAPI-4L,52,3,36,13,43.197,N,115,2,40.801,W,1835.6,955
LSV,,PAPI-4L,52.6,3,36,13,36.796,N,115,2,31.502,W,1827.6,971
LSV,,PAPI-4L,54.4,3,36,14,36.005,N,115,1,27.33,W,1861.3,1111
LSV,,PAPI-4L,49.8,3,36,14,43.838,N,115,1,35.08,W,1866.3,1003
LTAG,5,PAPI-4L,70.8,3,36,59,45.547,N,35,24,57.43,E,175.9,1333
LTAG,23,PAPI-4L,68.3,3,37,0,19.498,N,35,25,53.022,E,217.7,1423
LTS,,PAPI-4L,45.7,3,34,40,47.616,N,99,15,34.381,W,1378.1,943
LTS,,PAPI-4L,53.2,3,34,40,46.356,N,99,16,25.77,W,1375.6,1068
LTS,,PAPI-4L,53.7,3,34,38,53.624,N,99,16,25.77,W,1348.4,975
LTS,,PAPI-4L,52.4,3,34,39,37.319,N,99,15,34.325,W,1356,951
LUA,4,PAPI-2L,30.3,3,38,39,53.225,N,78,30,9.115,W,894,710
LUA,22,PAPI-2L,36.4,3,38,40,6.691,N,78,29,57.267,W,899.1,759.988
LUD,17,PAPI-2L,23.2,3.5,33,15,32.14,N,97,34,52.42,W,1041.9,379
LUD,35,PAPI-2L,40,3.5,33,15,1.408,N,97,34,47.572,W,1035,687
LUF,,PAPI-4L,49.2,3,33,31,29.558,N,112,23,47.326,W,1076.4,941
LUF,,PAPI-4L,51,3,33,31,43.437,N,112,23,16.076,W,1072,948
LUF,,PAPI-4L,47.4,3,33,32,41.889,N,112,22,11.972,W,1081.5,942
LUF,,PAPI-4L,46.7,3,33,32,28.741,N,112,22,42.437,W,1081.5,937
LUG,2,PAPI-2L,55.2,3.3,35,30,11.473,N,86,48,19.458,W,713,1050
LUG,20,PAPI-2L,40,3,35,30,41.033,N,86,48,7.613,W,707.4,806
LUK,3,PAPI-4R,43.5,3,39,5,42.107,N,84,25,6.082,W,477.4,901
LUK,21,PAPI-4L,38.9,3,39,6,23.075,N,84,24,45.89,W,474.3,760
LUK,25,VASI-4L,39.5,3,39,6,29.749,N,84,24,50.984,W,477.2,707
LUL,13,PAPI-4L,40,3,31,40,37.147,N,89,10,38.822,W,231.2,715
LUL,31,PAPI-4L,40,3,31,40,8.851,N,89,10,5.546,W,235.3,743
LUM,9,PAPI-2L,36.1,3,44,53,27.034,N,91,52,26.986,W,891,712
LUM,18,PAPI-2L,36.3,3,44,53,49.885,N,91,52,8.235,W,892.7,737
LUM,27,PAPI-2L,40.2,3,44,53,27.439,N,91,51,36.923,W,893.1,757
LUM,36,PAPI-2R,38.9,3,44,53,30.198,N,91,52,6.885,W,893.2,737
LUP,5,PAPI-2L,19.2,3,21,12,35.235,N,156,58,33.775,W,22.2,399
LUR,9,PAPI-2R,23.8,3,68,52,34.039,N,166,7,32.235,W,15.1,449.8
LUR,27,PAPI-2L,23.8,3,68,52,26.943,N,166,5,47.943,W,15.9,458.4
LUV,7,PAPI-2L,43.2,3,32,45,30.638,N,101,55,45.015,W,2995.7,747
LUV,16,PAPI-2L,31.4,3,32,45,32.01,N,101,55,4.07,W,2991.7,600
LUV,25,PAPI-2L,43.5,3,32,45,36.764,N,101,55,17.011,W,2993.5,788
LUV,34,PAPI-2L,31.6,3,32,44,55.33,N,101,54,52.73,W,2987.1,570
LUX,8,PAPI-2L,45,3,34,30,22.165,N,81,57,2.081,W,696,878
LUX,26,PAPI-2L,52.7,3.25,34,30,28.959,N,81,56,36.22,W,694.6,902
LVK,,PAPI-4R,32,4,37,41,38.11,N,121,49,38.47,W,386,593
LVK,,PAPI-4L,47,3,37,41,37.755,N,121,48,52.804,W,395.1,989
LVM,22,PAPI-4L,44,3,45,42,4.046,N,110,26,21.784,W,4649.5,784
LVN,12,PAPI-4L,45,3,44,37,45.525,N,93,13,55.236,W,957.6,901
LVN,30,PAPI-4R,35.7,3,44,37,35.709,N,93,13,28.765,W,953.2,649
LVS,2,PAPI-2L,40,3,35,38,59.945,N,105,8,45.438,W,6867.2,763.2
LVS,14,PAPI-2L,41.4,3,35,39,44.877,N,105,8,51.382,W,6841.3,763
LVS,20,PAPI-2L,40,3,35,39,28.144,N,105,8,21.319,W,6858.5,763.3
LVS,32,PAPI-2L,36.2,3,35,38,46.826,N,105,8,12.994,W,6873.4,763.4
LWA,5,PAPI-4L,32.8,3.5,42,20,55.719,N,86,15,31.698,W,654.4,485
LWA,23,PAPI-4L,32.5,3.5,42,21,22.692,N,86,14,56.827,W,665,532
LWB,22,PAPI-4L,58.4,3,37,51,50.264,N,80,23,39.959,W,2299.7,978
LWC,1,PAPI-2L,40,3.5,39,0,25.275,N,95,13,9.091,W,833.2,671
LWC,15,PAPI-4L,45,3,39,0,59.471,N,95,13,7.393,W,830.1,871
LWC,19,PAPI-2L,40,3.5,39,0,49.443,N,95,12,58.317,W,831.3,641
LWC,33,PAPI-4R,55.7,3,39,0,25.625,N,95,12,45.734,W,830.3,1002
LWM,5,PAPI-4R,55,3,42,42,45.781,N,71,7,37.061,W,140.1,940
LWM,23,PAPI-4L,54.5,3.7,42,43,11.156,N,71,7,10.006,W,137.1,793
LWM,32,PAPI-4L,32,4,42,42,59.537,N,71,7,11.146,W,146.2,487
LWS,8,VASI-4L,45,3,46,22,24.14,N,117,1,26.23,W,1440.4,926
LWS,12,PAPI-2L,40,3,46,22,50.584,N,117,1,18.452,W,1379.4,589
LWS,26,PAPI-4L,51.4,3,46,22,17.085,N,117,0,20.372,W,1434,912
LWS,30,PAPI-2L,45,3,46,22,30.636,N,117,0,46.018,W,1425.6,1118
LWT,8,PAPI-2L,51,3,47,3,10.81,N,109,27,56.59,W,4128.6,956
LWT,26,VASI-4L,50,3,47,3,10.79,N,109,26,55.14,W,4115,887
LWV,9,PVASI-PSIL,26.1,3,38,46,3.57,N,87,37,2.72,W,428,475
LWV,18,PVASI-PSIL,25.2,3,38,45,59.85,N,87,36,3.98,W,430,497
LWV,27,PAPI-4L,26,3,38,46,3.99,N,87,36,9.41,W,430,500
LWV,36,PAPI-4L,41.3,3,38,45,20.5,N,87,36,3.53,W,428,720
LXL,13,PAPI-4R,25.9,3,45,57,6.32,N,94,20,58.812,W,1119.6,483
LXL,31,PAPI-4L,25,3,45,56,46.826,N,94,20,26.256,W,1121.6,495
LXN,14,PAPI-2L,40,3,40,47,42.97,N,99,46,53.37,W,2411,795
LXN,32,PAPI-2L,40,3,40,47,11.74,N,99,46,22.54,W,2404.5,742
LXT,11,PAPI-4L,44.8,3,38,57,34.422,N,94,22,22.964,W,997,757
LXT,18,PAPI-4L,44,3,38,57,54.261,N,94,22,24.855,W,996.5,806
LXT,29,PAPI-4R,40,3,38,57,24.74,N,94,21,54.3,W,1003,776
LXT,36,PAPI-4L,44.9,3,38,57,15.894,N,94,22,27.766,W,988.4,806
LXV,16,PAPI-2L,45,3,39,13,32.471,N,106,19,4.017,W,9929.9,900
LXV,34,PAPI-2L,45,3,39,12,47.678,N,106,18,54.237,W,9924.2,900
LXY,18,PAPI-2L,25,3,31,38,48.09,N,96,30,48.27,W,544.5,468
LYH,4,PAPI-4L,55,3,37,19,1.61,N,79,12,22.99,W,897.1,987
LYH,17,PAPI-2L,16.3,4,37,20,0.5,N,79,12,2.41,W,921,240
LYH,22,PAPI-4L,45,3,37,19,46.95,N,79,11,53.05,W,934.6,928
LYH,35,PAPI-2L,17.1,4,37,19,33.39,N,79,11,50.79,W,921,247
LYO,17,PAPI-2L,40,3,38,20,38.948,N,98,13,42.9804,W,1690.7,779
LYO,35,PAPI-2L,40,3,38,20,10.1919,N,98,13,42.6642,W,1678.7,712
LYV,18,PAPI-4L,28.1,3,43,37,15.58,N,96,13,4.4,W,1433.3,559
LYV,36,PAPI-4L,27.7,3,43,36,44.76,N,96,13,3.25,W,1428.3,519
LZU,7,PAPI-2L,40.6,3,33,58,31.708,N,83,58,7.387,W,1057.2,851
LZU,25,PAPI-2L,48.2,3,33,58,50.215,N,83,57,22.45,W,1030.7,928
LZZ,16,PAPI-2L,40,3,31,6,30.783,N,98,11,46.915,W,1190.4,1231
LZZ,34,PAPI-2L,40,3,31,6,9.223,N,98,11,42.825,W,1157,763
M01,17,PAPI-2L,40,4,35,12,15.245,N,90,3,18.023,W,225,574
M01,35,PAPI-2L,40,4,35,11,49.722,N,90,3,10.595,W,224.7,572
M04,1,PAPI-4L,25.2,3,35,34,40.593,N,89,35,17.81,W,279.6,503
M04,19,PAPI-4L,29.3,3,35,35,19.656,N,89,35,10.202,W,272.3,500
M05,18,PAPI-4L,40,3,36,10,20.625,N,89,40,35.496,W,268.1,811
M05,36,PAPI-4L,40,3,36,9,57.021,N,89,40,35.166,W,265.7,805
M08,1,PAPI-2L,33.2,3.05,35,12,34.84,N,89,2,38.64,W,499.3,500
M08,19,PAPI-2L,28.6,3,35,13,13.75,N,89,2,32.91,W,490.8,545
M11,18,PAPI-2R,47.7,4,31,54,21.424,N,90,22,1.504,W,432.1,728
M11,36,PAPI-2L,43.8,3,31,53,56.148,N,90,21,59.074,W,401.9,716
M13,16,PAPI-2L,45.1,3,30,47,22.754,N,89,30,20.26,W,304.5,829
M13,34,PAPI-2L,41.1,3,30,47,0.994,N,89,30,12.55,W,314.5,871
M17,18,PAPI-2L,40,3.75,37,35,58.554,N,93,20,52.291,W,1090.7,630
M17,36,PAPI-2L,40,3,37,35,34.203,N,93,20,53.465,W,1084.6,905
M18,16,PAPI-2L,43.2,3,33,43,30.213,N,93,39,22.229,W,351.5,967
M18,34,PAPI-2L,43.8,3,33,42,54.896,N,93,39,12.859,W,338.1,877
M19,18,PAPI-4L,44,3,35,38,42.101,N,91,10,31.211,W,237.7,868
M19,36,PAPI-4R,44,3,35,38,9.432,N,91,10,31.923,W,238.8,830.4
M20,2,PAPI-2L,27,3,37,23,46.406,N,86,15,45.904,W,718.4,443
M20,20,PAPI-2L,26,3,37,24,10.821,N,86,15,35.619,W,770.6,749
M21,6,PAPI-2L,39.7,4,37,13,23.573,N,87,9,43.002,W,416.5,543
M21,24,PAPI-2L,37.1,4.5,37,13,42.967,N,87,9,7.313,W,420.5,569
M22,2,PAPI-2L,43.4,4,34,26,21.675,N,87,42,49.086,W,690,583
M22,20,PAPI-4L,40.1,3,34,26,54.23,N,87,42,37.68,W,709.3,989.7
M24,17,PAPI-2L,35.3,3,30,50,39.241,N,89,9,41.982,W,266.4,799
M24,35,PAPI-2L,50.2,3,30,50,25.447,N,89,9,40.052,W,253.7,797
M25,1,PAPI-2L,41.4,3,36,45,53.338,N,88,35,6.488,W,521.6,743
M25,19,PAPI-4L,34.5,3,36,46,27.924,N,88,35,3.13,W,517.9,750
M32,1,PAPI-2L,23.8,3,33,20,30.667,N,91,19,0.996,W,126.1,450
M32,19,PAPI-2L,32.5,3,33,21,2.84,N,91,18,51.527,W,126.1,600
M34,10,PAPI-2L,34.1,4,37,0,37.522,N,88,18,16.304,W,348.9,485
M34,28,PAPI-2L,33.8,4,37,0,33.141,N,88,17,39.44,W,350.4,489
M36,2,PAPI-2L,44.8,3,34,52,41.128,N,91,10,39.801,W,194.1,868
M36,20,PAPI-2L,47.9,3,34,52,57.979,N,91,10,29.904,W,194.1,844
M40,18,PAPI-4L,40.1,3,33,52,43.116,N,88,29,20.543,W,226,708
M40,36,PAPI-4L,39.9,3,33,52,8.357,N,88,29,25.065,W,225.7,757
M41,18,PAPI-2L,85.6,2.75,34,48,15.67,N,89,31,16.01,W,526.7,1600
M41,36,PAPI-2L,64.6,3.25,34,48,15.65,N,89,31,16.01,W,526.7,1600
M43,12,PAPI-2L,45,2.75,31,35,46.67,N,89,54,29.62,W,454.6,937
M43,30,PAPI-2L,45,2.75,31,35,39.6,N,89,54,16.76,W,454.4,937
M44,3,PAPI-2L,40,3,33,52,59.258,N,89,1,30.93,W,327.6,792
M44,21,PAPI-2L,40,3,33,53,22.83,N,89,1,14.944,W,331.7,870
M46,6,PAPI-2L,23.5,3,45,51,4.992,N,106,43,0.619,W,3423.6,550
M46,24,PAPI-2L,24.1,3,45,51,15.894,N,106,42,4.114,W,3387.7,400
M48,16,PAPI-2L,46.3,4,37,19,58.606,N,91,58,25.202,W,1189.6,749
M48,34,PAPI-2L,40.7,4,37,19,36.586,N,91,58,21.184,W,1172.3,500
M53,4,PAPI-2L,30,3,35,47,57.257,N,88,52,42.512,W,408.3,501
M53,22,PAPI-2L,26.4,3,35,48,18.455,N,88,52,17.024,W,421.1,502
M54,1,PAPI-2L,45,3.5,36,11,13.809,N,86,19,0.891,W,573.8,889
M54,19,PAPI-2L,45,3,36,11,37.661,N,86,18,57.507,W,556.5,781
M60,9,PAPI-2L,43.6,3,35,16,18.99,N,91,16,26.06,W,198.7,831.3
M60,27,PAPI-2L,44.7,3.04,35,16,18.718,N,91,16,0.309,W,198.1,830
M70,18,PAPI-2L,43.1,3,36,14,55.657,N,90,57,18.556,W,272.8,800
M70,36,PAPI-2L,40,3,36,14,31.447,N,90,57,18.947,W,272,751
M72,18,PAPI-2L,40.1,3,34,33,8.414,N,89,1,28.859,W,410.3,738
M72,36,PAPI-2L,40.1,3,34,32,44.239,N,89,1,27.065,W,408.5,716
M73,18,PAPI-2R,39,3,34,24,48.564,N,91,28,2.879,W,208.2,761
M73,36,PAPI-2L,36.6,3,34,24,28.839,N,91,28,3.107,W,205.1,701
M75,8,PAPI-2L,27.5,3,48,22,0.787,N,107,55,35.212,W,2254.2,523
M75,26,PAPI-2L,27,3,48,22,1.189,N,107,54,44.013,W,2253.3,519
M77,1,PAPI-2L,40,3,33,59,38.78,N,93,50,19.94,W,534.7,729
M77,19,PAPI-2L,40,3,34,0,1.38,N,93,50,14.17,W,550.3,815
M79,18,PAPI-2L,50,3,32,29,17.54,N,91,46,20.09,W,82.8,953
M79,36,PAPI-2L,50,3,32,28,59.64,N,91,46,20.79,W,82.4,943
M91,4,PAPI-2L,40.1,3,36,31,56.748,N,86,55,28.818,W,693.9,889
M91,22,PAPI-2L,60,3,36,32,23.727,N,86,55,6.581,W,697.7,1339
M95,1,PAPI-2L,45,3,33,42,15.955,N,87,48,55.663,W,334.3,802
M95,19,PAPI-2L,45,3,33,42,48.135,N,87,48,53.919,W,352.2,951
MAC,10,PAPI-4R,23.2,3,32,49,22.083,N,83,34,8.461,W,418.2,344
MAC,28,PAPI-4L,22.8,3,32,49,18.456,N,83,33,27.733,W,419.8,346
MAE,12,PAPI-2L,34,3,36,59,33.804,N,120,7,3.309,W,249.1,650
MAE,30,PAPI-2L,34,3,36,59,4.118,N,120,6,26.33,W,253.3,650
MAF,10,PAPI-4L,54.2,3,31,56,47.23,N,102,12,47.33,W,2866.7,1084
MAF,,PAPI-4L,49.8,3,31,57,24.49,N,102,12,18.91,W,2870.6,950
MAF,28,PAPI-4R,52.9,3,31,56,25.31,N,102,11,48.46,W,2855.7,990
MAF,,PAPI-4L,50.1,3,31,56,9.37,N,102,12,11.26,W,2851.1,930
MAI,18,PAPI-4L,40.2,2.83,30,50,29.634,N,85,11,8.388,W,110.5,814
MAI,36,PAPI-4L,41.6,3,30,49,45.226,N,85,11,8.377,W,106.6,700
MAJ,7,PAPI-4L,55.1,3,7,3,47.02,N,171,15,51.163,E,6.4,1039
MAJ,25,PAPI-4L,45.2,3,7,4,1.239,N,171,16,49.14,E,6.3,863
MAL,5,PAPI-2L,42.1,3.15,44,51,4.271,N,74,20,4.169,W,770,780
MAL,23,PAPI-2L,43.1,3,44,51,23.977,N,74,19,43.378,W,759.8,719
MAN,11,PAPI-2L,40,3,43,35,2.458,N,116,31,41.493,W,2533.9,827
MAN,29,PAPI-2L,48.5,3.62,43,34,42.824,N,116,31,3.843,W,2530.3,762
MAO,4,PAPI-2L,38.7,3,34,10,39.87,N,79,20,15.232,W,91.5,738
MAO,22,PAPI-2L,38.7,3,34,11,4.273,N,79,19,54.958,W,89.7,769
MAW,18,PAPI-4L,42.4,3,36,36,18.779,N,89,59,36.291,W,294.8,809
MAW,32,PAPI-4R,41,3,36,35,32.746,N,89,59,14.92,W,291.9,761
MAW,36,PAPI-4R,42.4,3,36,35,45.129,N,89,59,36.741,W,293.3,798
MAZ,9,PAPI-4L,40,3,18,15,17.122,N,67,9,9.097,W,20.2,753
MAZ,27,PAPI-4L,50.6,3.5,18,15,24.396,N,67,8,37.391,W,25.6,803
MBG,12,PAPI-2L,30.4,3,45,32,57.061,N,100,24,46.918,W,1703.9,572
MBG,30,PAPI-2R,30.9,3,45,32,37.788,N,100,24,10.113,W,1701.4,571
MBL,1,PAPI-2L,21,4,44,16,9.099,N,86,15,7.87,W,619.2,292
MBL,10,PAPI-4L,29.9,3,44,16,22.016,N,86,15,9.543,W,617.7,572
MBL,19,PAPI-2L,34,4,44,16,28.208,N,86,15,7.208,W,617.2,493
MBL,28,PAPI-4L,45,3,44,16,21.014,N,86,14,13.626,W,621.2,859
MBO,17,PAPI-2L,37.5,3,32,26,32.98,N,90,6,12.48,W,323.9,823.2
MBO,35,PAPI-2L,53.7,4,32,26,5.027,N,90,6,9.785,W,317.4,785.6
MBS,14,PAPI-4L,45,3,43,32,8.0389,N,84,5,14.2629,W,668.1,852
MBS,23,PAPI-4L,54.3,3,43,32,25.12,N,84,4,13.07,W,653.3,972
MBS,32,PAPI-4L,50,3,43,31,35.1975,N,84,4,30.0961,W,661.1,895
MBT,18,PAPI-2L,18,3,35,53,2.926,N,86,22,37.837,W,598.4,374
MBT,36,PAPI-2L,46.8,3.75,35,52,29.753,N,86,22,39.597,W,613.3,719
MBY,13,PAPI-4L,42.4,3,39,27,54.227,N,92,25,45.109,W,866,820
MBY,31,PAPI-4L,42.2,3,39,27,32.376,N,92,25,11.179,W,863.8,720
MCB,16,PAPI-4L,43,3,31,10,57.112,N,90,28,26.468,W,410.3,864
MCB,34,PAPI-2L,40,3,31,10,26.37,N,90,28,10.281,W,394.4,726
MCC,16,PAPI-4L,51.8,3,38,40,46.11,N,121,24,2.09,W,73.5,988.4
MCC,34,PAPI-4L,52.7,3,38,39,21.04,N,121,24,2.22,W,68.7,1005
MCD,8,PAPI-4L,20,3.5,45,51,50.27,N,84,38,33.5,W,730.4,290
MCD,26,PAPI-4L,38.3,3.8,45,51,56.93,N,84,37,57.28,W,740.3,560
MCE,12,VASI-4L,52.6,3,37,17,19.548,N,120,31,6.147,W,155,1000
MCE,30,PAPI-4L,53.7,3,37,16,50.755,N,120,30,34.263,W,155.4,1025
MCF,5,PAPI-4L,56.2,3,27,50,22.73,N,82,31,49.91,W,8,1075
MCF,23,PAPI-4L,56.1,3,27,51,32.59,N,82,30,42.83,W,13.8,1070
MCG,17,VASI-4L,38,3,62,57,20.644,N,155,36,18.518,W,342.6,722
MCG,35,VASI-4L,33.3,3,62,56,46.364,N,155,36,17.09,W,342.5,638
MCI,,PAPI-4L,77.6,3,39,17,50.288,N,94,43,41.321,W,1011.3,1483
MCI,,PAPI-4R,74,3,39,17,7.008,N,94,42,28.32,W,1016,1430
MCI,,PAPI-4R,80,3,39,19,7.228,N,94,43,18.573,W,988,1330
MCI,27,PAPI-4L,72,3,39,17,18.583,N,94,41,53.681,W,1025.7,1430
MCK,4,VASI-2L,26,3,40,12,13.341,N,100,35,54.311,W,2563.5,478
MCK,12,PAPI-4L,38.1,3,40,12,39.357,N,100,35,49.077,W,2577.6,859
MCK,22,VASI-2L,26,3,40,12,34.429,N,100,35,25.891,W,2557.1,453
MCK,30,VASI-4L,44.1,3,40,12,12.594,N,100,35,9.575,W,2549.6,750
MCN,14,PAPI-4L,45.6,3,32,41,48.65,N,83,38,55.103,W,353.7,860
MCN,23,PAPI-4L,66.9,3,32,41,44.124,N,83,38,53.097,W,353,1300
MCN,32,PAPI-4L,46.4,3,32,41,27.644,N,83,38,25.572,W,347.9,842
MCO,,PAPI-4L,72.2,3,28,26,24.04,N,81,16,57.15,W,89.7,1340
MCO,,PAPI-4L,70.9,3,28,25,54.837,N,81,17,45.026,W,90.2,1350
MCO,,PAPI-4L,70.8,3,28,26,40.628,N,81,19,20.16,W,92.4,1351
MCO,,PAPI-4L,71.2,3,28,26,40.49,N,81,19,36.97,W,92.9,1350
MCO,,PAPI-4R,71.8,3,28,24,42.462,N,81,17,44.272,W,88.3,1340
MCO,,PAPI-4R,72.9,3,28,25,21.96,N,81,16,56.52,W,89.7,1390
MCO,,PAPI-4L,68.8,3,28,25,7.878,N,81,19,35.968,W,91.9,1300
MCO,,PAPI-4L,69.8,3,28,25,8.522,N,81,19,19.178,W,90,1351
MCW,12,PAPI-4L,39,3,43,9,30.585,N,93,20,28.63,W,1204.2,856
MCW,18,VASI-4L,39,3,43,9,59.722,N,93,19,39.754,W,1212.7,746
MCW,30,PAPI-4L,50.6,3,43,9,9.676,N,93,19,47.74,W,1193,948
MCW,36,PAPI-4L,61.9,2.9,43,9,15.117,N,93,19,39.667,W,1192.7,1239
MCX,18,PAPI-2L,40.1,3,40,42,53.402,N,86,46,0.945,W,676.1,810
MCX,36,PAPI-2L,24.5,4,40,42,15.456,N,86,45,59.838,W,671,350
MCZ,3,PAPI-2L,34.9,3,35,51,26.723,N,77,10,50.799,W,68,603
MCZ,21,PAPI-2L,23.6,3,35,52,2.432,N,77,10,31.506,W,74.4,452
MDCY,7,PAPI-2L,53.8,3,19,15,52.6,N,69,44,49.21,W,12,1026.4
MDCY,25,PAPI-4L,55,3,19,16,26.558,N,69,43,40.29,W,12.5,1050
MDD,7,PAPI-2L,40,3,32,2,16.302,N,102,6,23.823,W,2801.3,726
MDD,16,PAPI-2L,40,3,32,2,10.208,N,102,6,6.873,W,2800.7,751
MDD,25,VASI-4L,53.4,3,32,2,25.016,N,102,5,45.758,W,2794.3,902
MDD,34,PAPI-2L,40,3,32,1,48.287,N,102,5,59.945,W,2797.1,793
MDH,6,VASI-4L,48.2,3.5,37,46,35.81,N,89,15,22.89,W,411.4,810
MDH,,PVASI-PSIL,26.8,3,37,46,42.36,N,89,15,30.64,W,411.4,475
MDH,24,PAPI-4R,25.2,3.5,37,46,50.11,N,89,14,50.82,W,408.5,400
MDH,,PVASI-PSIL,24.9,3,37,46,17.17,N,89,15,31.32,W,411.4,475
MDH,,PAPI-4L,45,3,37,46,22.47,N,89,14,54.08,W,400.2,800
MDJB,1,PAPI-4L,51.4,3,18,34,3.003,N,69,59,10.466,W,39.9,979
MDJB,19,PAPI-4L,39.7,3,18,34,37.367,N,69,59,6.354,W,69.5,979
MDPC,8,PAPI-4L,62.3,3,18,34,16.41,N,68,22,46.859,W,41.6,1214
MDPC,9,PAPI-4L,66.9,3,18,33,59.109,N,68,22,27.322,W,44.3,1329
MDPC,26,PAPI-4L,59,3,18,34,37.963,N,68,21,28.863,W,35.8,1148
MDPP,8,PAPI-4L,51,3,19,45,17.061,N,70,34,51.375,W,17.5,963
MDPP,26,PAPI-4L,51.9,3,19,45,39.428,N,70,33,33.916,W,17.5,981
MDQ,18,PAPI-4L,42.8,3,34,51,58.332,N,86,33,26.563,W,722.8,756
MDQ,36,PAPI-4L,43.4,3,34,51,10.625,N,86,33,27.504,W,758.7,920
MDS,15,PAPI-4L,32,3,44,1,16.29,N,97,5,22.99,W,1713,700
MDS,33,PAPI-4L,39,3,44,0,44.44,N,97,5,1.22,W,1710.8,703
MDSD,17,PAPI-4L,65.2,3,18,26,26.883,N,69,40,22.897,W,43,1214
MDSD,35,PAPI-4L,59.8,3,18,25,6.657,N,69,39,53.422,W,56.4,1214
MDST,29,PAPI-4L,51.7,3,19,24,14.41,N,70,35,42.66,W,555,959.7
MDT,13,PAPI-4L,75,3,40,11,46.88,N,76,46,14.86,W,306.6,1449
MDW,,PAPI-4L,39.3,3,41,47,4.02,N,87,45,26.25,W,614.3,790
MDW,,PAPI-4R,47.3,3,41,47,20.435,N,87,45,26.881,W,609.6,893
MDW,,PAPI-4R,43,3,41,47,20.78,N,87,44,48.21,W,607.7,818
MDW,,PAPI-4L,35.1,3,41,47,21.5,N,87,45,4.13,W,606.6,645
MDW,,PAPI-4L,63.4,3,41,46,58.18,N,87,44,55.605,W,613.9,1201
MDY,6,PAPI-4L,80.4,3,28,11,56.904,N,177,23,17.044,W,10.5,1562
MDY,24,PAPI-4L,80.1,3,28,12,13.94,N,177,22,27.911,W,6.9,1517
MDZ,9,PAPI-4L,40.1,3,45,6,11.48,N,90,18,13.08,W,1464.2,785
MDZ,16,PAPI-2L,37.4,3,45,6,7.74,N,90,18,33.47,W,1456.2,835
MDZ,27,PAPI-4L,45.5,3,45,6,11.96,N,90,17,14.32,W,1474.1,1000
MDZ,34,PAPI-2L,26.7,3,45,5,39.83,N,90,18,15.73,W,1451.6,500
MEB,5,PAPI-4L,51.5,3,34,47,32.11,N,79,22,10.614,W,215.2,987
MEB,23,PAPI-4L,38.4,3,34,48,4.467,N,79,21,30.261,W,206.7,635
MEI,1,PAPI-4L,54,3,32,19,23.589,N,88,45,19.235,W,287.8,1038
MEI,4,PAPI-2L,45,3.13,32,19,57.264,N,88,45,3.8,W,291,801
MEI,19,PAPI-4L,69.1,3,32,20,18.886,N,88,45,8.594,W,292.8,1322
MEI,22,PAPI-2L,39.8,3,32,20,22.178,N,88,44,35.474,W,297.5,751
MEJ,17,PAPI-2L,31.9,3,37,16,55.373,N,100,21,22.075,W,2515.2,664
MEJ,35,PAPI-2L,38.2,3,37,16,21.374,N,100,21,19.368,W,2505.5,690
MEM,,PAPI-4L,73,3,35,2,43.735,N,89,58,22.371,W,286.9,1214
MEM,27,PAPI-4L,69.4,3,35,3,28.528,N,89,57,39.282,W,279.8,1514
MEM,,PAPI-4L,70.7,3,35,1,41.216,N,89,58,32.206,W,334,1480
MEM,,PAPI-4L,73,3,35,1,41.768,N,89,59,13.151,W,310,1596
MEM,,PAPI-4R,69.4,3,35,1,40.909,N,89,58,21.052,W,328.8,1433
MER,13,PAPI-4L,75,3,37,23,23.867,N,120,34,40.059,W,189,1462
MER,31,PAPI-4L,71,3,37,22,14.758,N,120,33,30.02,W,178.8,1350
MEV,16,VASI-4R,39.7,3,39,0,33.5541,N,119,45,7.0901,W,4706.2,786
MEV,34,VASI-4L,31,3,38,59,34.1855,N,119,45,6.81,W,4715.9,606
MEY,2,PAPI-2L,34.1,3.75,42,10,33.977,N,95,47,41.877,W,1115.6,521
MEY,20,PAPI-2L,34.1,3.75,42,10,49.843,N,95,47,32.322,W,1115.8,520
MEZ,9,PAPI-4L,44.4,3.5,34,32,34.335,N,94,12,13.603,W,1071.3,785
MEZ,17,PAPI-4L,52.8,3,34,33,11.059,N,94,12,31.19,W,1047.7,874
MEZ,27,PAPI-4L,49.4,3,34,32,32.886,N,94,11,27.618,W,1053.9,850
MFD,5,PAPI-4L,50.2,3,40,48,47.48,N,82,31,20.98,W,1288,880
MFD,14,PAPI-4L,42.1,3,40,49,53.34,N,82,31,34.87,W,1245.4,800
MFD,23,PAPI-4L,45.3,3,40,49,21.7,N,82,30,32.77,W,1277,847
MFE,18,PAPI-2L,35,4,26,10,45.389,N,98,14,9.58,W,102.3,530
MFE,32,VASI-2L,53.4,3,26,10,12.364,N,98,14,4.703,W,97.2,1084
MFI,5,PAPI-2L,29.3,3,44,37,58.688,N,90,11,28.049,W,1254.8,500
MFI,16,VASI-2L,33,3,44,38,31.791,N,90,11,34.599,W,1266.4,850
MFI,34,VASI-2L,41.1,3,44,38,0.541,N,90,11,17.401,W,1257,752
MFR,14,PAPI-4L,73,3,42,22,57.502,N,122,52,38.315,W,1295.5,1399
MFR,32,PAPI-4R,50,3,42,21,59.48,N,122,52,7.911,W,1327.6,1099
MFV,3,PAPI-2L,40,3,37,38,32.971,N,75,45,48.186,W,47,765
MFV,21,PAPI-2L,40,3,37,39,4.558,N,75,45,31.339,W,47,765
MGE,11,PAPI-4L,54.7,3,33,55,5.28,N,84,31,41.17,W,1055.6,1288.8
MGE,29,PAPI-4L,57.8,3,33,54,43.82,N,84,30,12.76,W,997.4,953.3
MGJ,4,PAPI-4L,52,3,41,30,38.011,N,74,16,0.473,W,354.9,992
MGJ,8,PAPI-2L,49.4,3.5,41,30,25.448,N,74,15,56.136,W,356.4,738
MGJ,22,PAPI-2L,45,3,41,31,5.449,N,74,15,45.557,W,361.9,1014
MGJ,26,PAPI-2L,42.5,3.5,41,30,32.946,N,74,15,33.487,W,358.5,728
MGM,3,PAPI-4L,43.4,3,32,17,50.27,N,86,23,32.56,W,211.9,1000
MGM,10,PAPI-4R,64,3,32,18,7.3,N,86,24,20.98,W,215.5,1295
MGM,21,PAPI-4L,54.5,3,32,18,9.86,N,86,23,17.6,W,206.3,651.4
MGM,28,PAPI-4L,74.8,3,32,18,0.69,N,86,23,7.11,W,199.7,1350
MGN,10,PAPI-4R,28.1,3.5,45,25,33.015,N,84,55,5.18,W,679.3,443
MGN,28,PAPI-4L,35,4,45,25,30.553,N,84,54,33.136,W,684.5,526
MGR,4,PAPI-2L,45,3,31,4,55.47,N,83,48,28.834,W,273.8,739
MGR,22,PAPI-2L,24.9,3,31,5,29.122,N,83,47,57.314,W,293.5,522
MGW,18,PAPI-4L,59.4,3,39,38,51.593,N,79,55,5.702,W,1237.7,1104
MGW,36,VASI-4L,52,3,39,38,21.28,N,79,55,0.46,W,1244,1000
MGY,2,PAPI-2L,48.5,3,39,35,3.67,N,84,13,38.24,W,948.7,687
MGY,20,PAPI-4L,39,3,39,35,30.444,N,84,13,24.096,W,952.4,796
MHE,13,PAPI-4L,45.1,3,43,46,45.543,N,98,2,57.185,W,1297.2,849
MHE,18,PAPI-4L,54.9,3,43,46,48.524,N,98,2,2.407,W,1287.9,951
MHE,31,PAPI-4L,61,3,43,46,13.039,N,98,2,11.397,W,1303.8,1148
MHE,36,PAPI-4L,50.3,3,43,46,12.869,N,98,2,2.029,W,1303.5,951
MHK,3,PAPI-4L,50,3,39,8,1.441,N,96,40,40.295,W,1052.9,1037
MHK,13,VASI-2L,41.3,3.5,39,8,53.803,N,96,40,29.63,W,1060.5,746
MHK,21,PAPI-4L,50,3,39,8,39.821,N,96,39,59.083,W,1046,931
MHK,31,PAPI-4L,40,3,39,8,26.427,N,96,40,2.369,W,1045.6,749
MHL,18,PAPI-4L,39.3,3.05,39,5,58.036,N,93,12,1.379,W,772.6,700
MHL,36,PAPI-4L,36.1,3.04,39,5,24.428,N,93,12,2.107,W,777.7,704
MHM,3,PAPI-4L,35,3,63,52,59.02,N,152,18,30.47,W,673.6,582
MHP,10,PAPI-2R,31.6,3,32,22,27.23,N,82,5,15.86,W,190.9,550
MHP,28,PAPI-2L,27.2,3,32,22,25.417,N,82,4,30.434,W,194.3,550
MHR,,VASI-4L,50.7,3,38,32,46.527,N,121,18,39.031,W,78.3,949
MHR,,VASI-4L,49.5,3,38,33,41.25,N,121,17,4.133,W,95.4,999
MHSC,17,PAPI-4L,46.2,3,14,23,26.48,N,87,37,21.79,W,2058.1,937.7
MHSC,35,PAPI-4L,53.5,3,14,22,26.42,N,87,37,10.53,W,2041.9,917.2
MHT,6,PAPI-4L,50.3,3,42,55,52.07,N,71,26,43.91,W,223.2,959.3
MHT,17,PAPI-4R,66.6,3.1,42,56,17.139,N,71,26,14.633,W,224.7,1123.347
MHT,24,PAPI-4L,50,3,42,56,29.45,N,71,25,57.41,W,233.8,1121.4
MHT,35,PAPI-4L,67.9,3,42,55,28.05,N,71,25,45.62,W,254.4,1522
MHV,4,PAPI-2L,39.4,4,35,3,38.396,N,118,9,46.297,W,2778.7,548
MHV,8,PAPI-2L,55,4,35,3,33.162,N,118,9,47.327,W,2775.5,876
MHV,12,PAPI-4L,81.8,3.5,35,3,53.425,N,118,9,18.776,W,2775.4,1611
MHV,22,PAPI-2L,39.7,3,35,3,59.692,N,118,9,13.405,W,2779.3,718
MHV,26,PAPI-2L,52,3,35,3,33.023,N,118,8,43.432,W,2741.6,860
MHV,30,PAPI-4L,62.1,3,35,2,55.016,N,118,8,8.102,W,2692.8,1059
MIA,,PAPI-4L,60,3,25,48,10.95,N,80,17,53.047,W,9,1144
MIA,,PAPI-4L,77.1,3,25,48,3.182,N,80,17,49.124,W,8.9,1467
MIA,9,PAPI-4L,71.9,3,25,47,11.181,N,80,18,23.559,W,8.1,1374
MIA,12,PAPI-4R,71.6,3,25,47,50.772,N,80,17,55.231,W,9.1,1366
MIA,,PAPI-4L,73.4,3,25,48,6.634,N,80,16,25.642,W,8.9,1401
MIA,,PAPI-4L,60,3,25,48,13.804,N,80,16,44.065,W,8.9,1145
MIA,27,PAPI-4L,71,3,25,47,15.103,N,80,16,48.864,W,8.6,1358
MIA,30,PAPI-4L,71.3,3,25,47,22.913,N,80,17,0.759,W,9.2,1331
MIB,12,PAPI-4L,47,2.5,48,25,28.055,N,101,22,35.798,W,1665.6,1085
MIB,30,PAPI-4L,49.3,2.5,48,24,25.326,N,101,20,21.755,W,1640.3,1057.963
MIC,,VASI-4L,27.1,4,45,3,45.334,N,93,21,23.018,W,869.3,378
MIC,14,PAPI-4L,37.1,4,45,3,50.825,N,93,21,21.263,W,868.5,528
MIC,,VASI-4L,29.4,3.5,45,3,50.48,N,93,21,13.309,W,868.2,475
MIC,32,PAPI-4L,35,4,45,3,33.507,N,93,21,1.787,W,867.7,497
MIE,3,PAPI-4L,38.7,3,40,14,16.729,N,85,23,44.179,W,936.8,748
MIE,14,PAPI-4L,49.2,3,40,14,49.004,N,85,24,13.201,W,931,900
MIE,21,PAPI-4L,45.4,3,40,14,48.961,N,85,23,27.306,W,931.7,935
MIO,17,PAPI-4L,42.4,3,36,54,49.952,N,94,53,14.846,W,806.6,813.1
MIO,35,PAPI-4L,42.3,3,36,54,15.991,N,94,53,15.161,W,801.9,772.3
MIT,30,PAPI-4L,42.2,3,35,30,13.388,N,119,11,31.242,W,412,811
MIV,10,PAPI-4L,53,3,39,22,1.34,N,75,4,40.22,W,62.8,1290
MIV,14,PAPI-4L,48.4,3,39,22,17.11,N,75,4,34.36,W,69.6,1135
MIV,28,PAPI-4L,28.8,3,39,22,1.32,N,75,3,47.87,W,81.7,601
MIV,32,PAPI-4L,38.7,3,39,21,56.13,N,75,4,7.37,W,72.5,923
MIW,13,VASI-4L,41.8,3,42,6,56.48,N,92,55,18.01,W,975.5,800
MIW,31,VASI-4L,37.2,3,42,6,35.45,N,92,54,40.63,W,973.5,675
MJD,18,PAPI-2L,35.8,3,30,29,32.885,N,89,39,4.271,W,54.9,687
MJD,36,PAPI-2L,43.1,3,30,28,58.059,N,89,39,4.323,W,50.4,793
MJQ,14,PAPI-4L,26.2,3,43,39,13.256,N,94,59,22.992,W,1435.8,460
MJQ,32,PAPI-4L,26.1,3,43,38,57.925,N,94,59,4.24,W,1443.7,527
MJX,6,PAPI-2L,56,3,39,55,26.758,N,74,17,51.437,W,75.7,1053
MJX,14,PAPI-2L,40,3,39,55,30.633,N,74,18,11.871,W,79.4,887.959
MJX,24,PAPI-2L,55,3,39,55,50.803,N,74,17,14.396,W,77,1007
MJX,32,PAPI-2L,40,3,39,55,18.841,N,74,17,52.426,W,75,781.265
MKA,15,PAPI-2L,39.7,3,44,31,40.863,N,98,57,34.726,W,1563.7,708
MKA,33,PAPI-2L,35.1,3,44,31,20.784,N,98,57,23.405,W,1569.2,700
MKC,1,VASI-4L,65.7,3.7,39,7,5.91,N,94,35,39.485,W,744.2,1052
MKC,4,VASI-4L,50,3,39,7,10.486,N,94,35,42.6,W,743,1027
MKC,19,PAPI-4L,46.1,3,39,7,45.784,N,94,35,27.961,W,746.3,1038
MKC,22,VASI-4L,56.5,3.3,39,7,24.964,N,94,35,27.864,W,743.9,954
MKE,,PAPI-4R,72.1,3,42,56,8.399,N,87,53,48.336,W,691.6,1598
MKE,,PAPI-4L,38.8,3,42,57,12.378,N,87,54,8.9,W,668.1,800
MKE,,PAPI-4L,62.7,3,42,56,25.266,N,87,54,45.04,W,713.7,1479
MKE,13,PAPI-4L,54,3,42,57,17.541,N,87,53,54.702,W,669.3,1029
MKE,,PAPI-4R,74.6,3,42,57,5.854,N,87,53,38.518,W,669.8,1444
MKE,,PAPI-4L,47,3,42,56,42.335,N,87,53,34.985,W,671,898
MKE,,PAPI-4R,42,3,42,57,22.326,N,87,53,28.066,W,672.2,797
MKE,31,PAPI-4R,55,3,42,57,0.834,N,87,53,29.659,W,669.5,1049
MKG,6,VASI-4L,45.1,3,43,9,46.3022,N,86,14,54.0867,W,621.5,810
MKG,14,PAPI-4L,45,3,43,10,23.7046,N,86,14,7.1437,W,626.2,870
MKG,24,VASI-4L,58.1,3,43,10,11.4647,N,86,14,2.3806,W,625.2,1088
MKJ,8,PAPI-2L,40,3,36,53,37.172,N,81,21,17.491,W,2540,1125
MKJ,26,PAPI-2L,47,3.75,36,53,46.767,N,81,20,37.877,W,2497.8,765
MKJS,7,PAPI-2L,8,3,18,29,56.83,N,77,55,25.89,W,4.7,153.8
MKJS,25,PAPI-2L,8,3,18,30,28.22,N,77,54,13.64,W,3.9,153.6
MKK,5,PAPI-4L,48.6,4,21,9,1.91,N,157,5,57.81,W,439,660
MKL,2,PAPI-4L,56.4,3,35,35,36.612,N,88,55,5.482,W,428.1,1199
MKL,11,PAPI-4L,33.5,3,35,36,14.83,N,88,55,7.47,W,409,611
MKL,20,PAPI-4L,46.4,3,35,36,12.836,N,88,54,47.35,W,413.6,851
MKL,29,PAPI-4L,23.1,3,35,36,5.527,N,88,54,39.642,W,415.5,445
MKN,17,PAPI-2L,40,4,31,55,29.685,N,98,35,57.579,W,1386.4,572
MKN,35,PAPI-2L,39,4,31,54,56.516,N,98,35,56.675,W,1372.8,572
MKO,13,PAPI-4L,50,3,35,39,32.207,N,95,21,53.195,W,606.7,1012
MKO,31,PAPI-4L,53,3,35,38,55.493,N,95,21,8.173,W,584.6,937
MKS,23,PAPI-2L,44,3,33,11,17.752,N,80,1,59.511,W,70.8,800
MKT,4,PAPI-4L,39,3,44,13,0.555,N,93,55,21.958,W,1007.5,788
MKT,15,PAPI-4L,48,3,44,13,51.498,N,93,55,23.47,W,1019.6,899
MKT,22,PAPI-4L,26,3,44,13,18.729,N,93,54,54.535,W,1020.4,496
MKT,33,PAPI-4L,48.7,3,44,13,8.956,N,93,54,55.33,W,1019.2,930
MKV,4,PAPI-2L,50,3,31,5,33.927,N,92,4,16.464,W,75.6,929
MKV,22,PAPI-2L,50,3,31,5,47.071,N,92,4,1.341,W,76.4,1001
MKY,17,PAPI-4L,31.4,3,26,0,0.533,N,81,40,25.539,W,5,600
MKY,35,PAPI-4L,31.5,3,25,59,23.768,N,81,40,16.673,W,5.1,601
MLB,5,PAPI-2L,21,3,28,5,48.199,N,80,38,11.61,W,25.1,401
MLB,,PAPI-4L,38.9,3,28,6,19.848,N,80,39,27.454,W,31.6,721
MLB,,PAPI-4L,82.5,3,28,6,5.461,N,80,39,22.544,W,32,1574
MLB,23,PAPI-2L,21.1,3,28,6,4.357,N,80,37,55.146,W,21.6,401
MLB,,PAPI-4L,54.1,3,28,6,9.177,N,80,38,5.529,W,23.9,1000
MLB,,PAPI-4L,39.5,3,28,6,22.287,N,80,38,36.994,W,26,753
MLC,2,PAPI-4L,42.2,3,34,52,37.594,N,95,47,9.089,W,744.9,748
MLC,20,PAPI-4L,42.6,3,34,53,14.212,N,95,46,52.593,W,766.1,905
MLE,12,PAPI-2L,41.6,3.08,41,11,51.073,N,96,6,53.254,W,1049.5,796
MLE,30,PAPI-2L,41.4,3.08,41,11,38.452,N,96,6,32.453,W,1047,753
MLI,5,PAPI-4L,46.4,4,41,26,34.264,N,90,30,50.259,W,578.3,660
MLI,9,PAPI-4L,50,3,41,26,56.888,N,90,31,25.582,W,580.8,891
MLI,13,PAPI-4L,45.4,3,41,27,13.084,N,90,30,47.21,W,588.5,800
MLI,23,PAPI-4L,41.2,3,41,26,47.628,N,90,30,29.928,W,582.7,798
MLI,27,PAPI-4L,52.1,3,41,26,55.213,N,90,29,38.293,W,576.7,939
MLI,31,PAPI-4L,44.6,3,41,26,42.619,N,90,29,54.217,W,578.5,900
MLJ,10,PAPI-2L,43.8,3,33,9,15.866,N,83,14,51.471,W,384.2,847
MLJ,28,PAPI-2L,43.6,3,33,9,14.573,N,83,14,7.168,W,360.1,808
MLS,4,PAPI-2L,38.1,3,46,25,14.88,N,105,53,54.002,W,2632.9,748
MLS,13,PAPI-2L,43.4,3,46,25,59.616,N,105,53,24.746,W,2629.1,848
MLS,22,PAPI-2L,40.6,3,46,25,40.852,N,105,53,6.054,W,2626.5,748
MLS,31,PAPI-2L,43,3,46,25,31.908,N,105,52,44.518,W,2626.9,798
MLT,29,VASI-4R,51.4,3,45,38,57.51,N,68,40,40.35,W,399.7,897
MLU,4,PAPI-4L,49.9,3,32,30,20.417,N,92,2,36.606,W,76.4,936
MLU,14,PAPI-4L,50,3,32,30,52.126,N,92,2,22.655,W,78.8,957
MLU,22,PAPI-4L,50.3,3,32,30,59.812,N,92,1,50.055,W,75.6,934
MLU,32,PAPI-4L,52.8,3,32,30,19.053,N,92,1,49.943,W,74.6,983
MMI,2,PAPI-2L,40.5,3,35,23,42.431,N,84,33,48.5,W,815.6,710
MMI,20,PAPI-2L,40.7,3,35,24,18.729,N,84,33,33.486,W,867,915
MMK,36,PAPI-4L,37.5,3.5,41,30,22.79,N,72,49,42.34,W,99.2,634
MML,2,PAPI-4L,32,3,44,26,51.247,N,95,49,16.822,W,1178.2,633.3
MML,12,PAPI-4L,50,3,44,27,24.659,N,95,50,6.888,W,1181.6,969.3
MML,20,PAPI-4L,57.4,3,44,27,11.251,N,95,49,1.969,W,1171.5,1071.1
MML,30,PAPI-4L,32,3,44,26,48.861,N,95,49,7.136,W,1178.3,600.7
MMT,14,PAPI-4L,40.1,2.5,33,55,32.192,N,80,48,32.457,W,249.8,958
MMT,32,PAPI-4R,48.4,2.5,33,54,44.428,N,80,47,33.218,W,243.1,1109
MMU,31,PAPI-2L,39,3.5,40,47,49.873,N,74,24,48.274,W,182.6,628
MMV,4,PAPI-4L,40.1,3,45,11,34.585,N,123,8,44.105,W,161.1,796
MMV,22,PAPI-4L,55,3,45,11,53.742,N,123,8,2.063,W,161,1042
MNE,1,PAPI-2L,53,3.15,32,38,31.37,N,93,17,58.022,W,275.5,997
MNE,19,PAPI-2L,64,3.75,32,39,0.792,N,93,17,47.945,W,264.3,911
MNF,28,PAPI-4L,53.6,3.5,36,59,31.449,N,91,42,31.233,W,1142,790
MNI,2,PAPI-2L,34,4,33,35,1.008,N,80,12,34.444,W,93.8,503
MNI,20,PAPI-2L,31.6,4,33,35,26.126,N,80,12,27.977,W,100.5,502
MNM,14,PAPI-4R,47.2,4,45,7,34.82,N,87,38,35.768,W,618.8,702
MNM,21,PAPI-4L,42.3,3,45,8,7.637,N,87,38,2.6738,W,622,802
MNM,32,PAPI-4L,51.7,4,45,7,7.1289,N,87,38,2.7697,W,606.5,730
MNV,5,PAPI-2L,32.8,3,35,32,34.338,N,84,22,59.409,W,1029.9,631
MNV,23,PAPI-2L,32.8,3,35,32,51.126,N,84,22,39.714,W,1008,520
MNZ,18,PAPI-2L,38.4,3,31,40,13.93,N,98,8,52.04,W,1303.1,800
MNZ,36,PAPI-2L,40,3,31,39,41.01,N,98,8,58.13,W,1300.1,830
MO8,18,PAPI-4L,40,3,39,46,33.627,N,93,0,45.585,W,844.1,810
MO8,36,PAPI-4L,37.5,3,39,45,59.116,N,93,0,46.362,W,826.2,700.003
MOB,15,PAPI-4L,50,3,30,42,0.58,N,88,15,7.95,W,213.4,954.5
MOB,33,PAPI-4L,49.6,3,30,41,7.44,N,88,14,23.61,W,214.4,927.6
MOD,,PAPI-4R,49.9,3,37,37,41.499,N,120,57,26.038,W,96.1,1004
MOD,,PAPI-2L,40,3.5,37,37,42.752,N,120,57,43.886,W,98.5,666
MOD,,PAPI-2L,29,3,37,37,29.936,N,120,57,20.101,W,88.9,487
MOP,9,PAPI-4L,42.3,3,43,37,17.402,N,84,44,28.335,W,753.5,823
MOP,27,PAPI-4L,36.5,3,43,37,16.828,N,84,43,41.069,W,751.8,700
MOR,5,PAPI-2L,40.9,3,36,10,33.363,N,83,22,49.508,W,1305.2,928
MOR,23,PAPI-2L,41.7,3,36,10,59.756,N,83,22,11.489,W,1280.2,685
MOT,8,PAPI-4L,45,3,48,15,28.896,N,101,17,5.713,W,1701,1038
MOT,13,PAPI-4L,48.8,3,48,15,47.529,N,101,17,9.656,W,1698.1,999
MOT,26,PAPI-4L,48.8,3,48,15,28.72,N,101,16,6.009,W,1661.8,879
MOU,2,PAPI-4L,25,3,62,5,29.97,N,163,41,13.61,W,301.6,391
MOU,20,PAPI-4L,25,3,62,5,50.69,N,163,40,45.41,W,330.6,613
MOX,14,PAPI-4L,40,3,45,34,2.699,N,95,58,8.352,W,1131.2,725
MOX,32,PAPI-4L,40,3,45,33,34.815,N,95,57,39.492,W,1122.2,682
MPCH,21,PAPI-2L,47,3,9,27,39.5513,N,82,30,49.7677,W,19.6,884.8
MPDA,4,PAPI-4R,57,3,8,22,54.597,N,82,26,31.88,W,28.9,884
MPDA,22,PAPI-4L,44.9,3,8,23,46.567,N,82,25,50.882,W,85.2,954
MPE,18,PAPI-2L,43.5,3,32,48,13.784,N,89,7,31.592,W,440.9,812
MPE,36,PAPI-2L,40,3,32,47,40.434,N,89,7,35.601,W,455.7,801
MPG,6,PAPI-2R,29.8,4,39,52,43.597,N,80,44,20.872,W,1212.7,450
MPG,24,PAPI-2R,45.7,3,39,52,56.38,N,80,43,59.899,W,1200.2,766
MPHO,18,PAPI-2L,58.4,4,8,55,26.6,N,79,35,58.6,W,,897.1
MPHO,36,PAPI-2L,53.3,3,8,54,20.6,N,79,35,58.6,W,,947.7
MPI,8,PAPI-2L,36.1,4,37,30,40.884,N,120,2,35.219,W,2247.7,600
MPI,26,PAPI-2L,40.4,4.5,37,30,37.341,N,120,2,9.163,W,2217.9,575
MPJ,3,PAPI-2R,50,4,35,8,4.91,N,92,54,43.18,W,889.9,761
MPJ,21,PAPI-2L,43.5,4,35,8,36.5,N,92,54,21.83,W,912.5,810
MPMG,18,PAPI-2L,28.8,4.33,8,58,42.8521,N,79,33,18.4843,W,21.7,506.4
MPMG,36,PAPI-2L,30.2,3,8,58,5.0062,N,79,33,21.715,W,17.6,572.4
MPO,5,PAPI-2L,42.7,4,41,8,6.733,N,75,22,49.463,W,1880.6,526
MPO,13,PAPI-2L,43.6,3,41,8,18.376,N,75,23,9.955,W,1883.1,851
MPO,23,PAPI-2L,53,4,41,8,27.301,N,75,22,29.175,W,1906.9,876
MPO,31,PAPI-2L,40,3.5,41,8,5.796,N,75,22,34.512,W,1881.1,653
MPR,18,PAPI-4L,41.1,3,38,21,24.403,N,97,41,21.192,W,1496.4,735
MPR,36,PAPI-4L,39,3,38,20,44.823,N,97,41,26.115,W,1494.8,744
MPTO,,PAPI-4L,71.9,3,9,4,39.853,N,79,23,3.682,W,60.8,1260
MPTO,,PAPI-2L,78.4,3,9,3,3.752,N,79,23,26.417,W,24.7,1450
MPV,17,PAPI-4L,46.2,3,44,12,17.893,N,72,33,59.571,W,1102,682
MPZ,15,PAPI-2L,34.9,3,40,56,58.436,N,91,30,47.259,W,728.9,599
MPZ,33,PAPI-2L,29.1,3,40,56,33.899,N,91,30,30.349,W,728.6,600
MQB,9,PAPI-4L,43,3,40,31,10.899,N,90,39,26.752,W,696,1005
MQB,27,PAPI-4L,40.2,3,40,31,10.849,N,90,38,43.847,W,680.9,781
MQI,5,PAPI-4L,30.1,3,35,54,57.027,N,75,41,56.198,W,9.9,565
MQI,23,PAPI-4L,32.4,4,35,55,17.838,N,75,41,36.179,W,12.4,463
MQJ,7,PAPI-4L,40,3,39,50,14.444,N,85,54,30.461,W,862.2,811
MQJ,16,PAPI-2L,45.6,3,39,51,6.016,N,85,53,37.77,W,857.1,872
MQJ,25,PAPI-4L,55.4,3,39,50,28.563,N,85,53,40.098,W,858.7,1013
MQJ,34,PAPI-2L,49.2,3,39,50,46.608,N,85,53,28.62,W,856.4,940
MQS,11,PAPI-4R,55,3.2,39,58,47.676,N,75,52,17.234,W,638.2,987
MQS,29,PAPI-4L,56.6,3,39,58,41.257,N,75,51,36.725,W,654.1,1193
MQW,3,PAPI-2L,43.8,3,32,5,34.312,N,82,52,53.221,W,201.9,870
MQW,21,PAPI-2L,36.2,3,32,6,4.7,N,82,52,38.228,W,186.9,800
MQY,1,PAPI-4L,44.8,3.5,36,0,9.955,N,86,31,15.438,W,516.4,782
MQY,14,PAPI-4L,49.7,3,36,0,55.297,N,86,31,33.892,W,531.4,1192
MQY,19,PAPI-4L,44.9,3,36,0,47.548,N,86,31,12.096,W,516.4,953
MQY,32,PAPI-4L,56.6,3,36,0,12.518,N,86,30,48.341,W,514.9,1126
MRB,8,PAPI-4L,53,3,39,23,57.788,N,77,59,38.057,W,558,1141
MRB,26,PAPI-4L,52.2,3,39,24,16.247,N,77,58,30.321,W,545.3,1038
MRC,6,PAPI-4R,41.6,3.24,35,33,5.326,N,87,11,6.652,W,664.8,720
MRC,24,PAPI-4L,39,3,35,33,31.41,N,87,10,23.194,W,676.9,824
MRF,13,PAPI-2L,39.9,3,30,22,35.984,N,104,1,25.983,W,4842.5,723
MRF,31,PAPI-2L,40.1,3,30,22,2.654,N,104,0,47.969,W,4831.1,743
MRH,3,PAPI-2L,43.6,4,34,43,51.988,N,76,39,35.365,W,9,603
MRH,8,PAPI-2L,45.2,3,34,44,2.412,N,76,39,59.153,W,7.3,853
MRH,21,PAPI-2L,53.6,4,34,44,4.972,N,76,39,27.927,W,8.8,757
MRH,26,PAPI-2R,42.8,3,34,44,13.595,N,76,39,25.567,W,7.2,839
MRI,7,VASI-2L,43,3.75,61,12,57.254,N,149,50,58.629,W,133.1,644
MRI,16,VASI-2R,21.5,3,61,12,52.274,N,149,51,9.055,W,130,425
MRI,25,VASI-2L,21,3,61,12,57.241,N,149,49,59.848,W,141.8,477
MRI,34,PAPI-2L,20.7,3,61,12,34.361,N,149,51,9.089,W,123.2,396
MRJ,4,PAPI-2L,30.8,3,42,52,57.928,N,90,14,5.768,W,1164.6,569
MRJ,11,PAPI-2L,42.7,3,42,53,23.06,N,90,14,46.773,W,1135.4,700
MRJ,22,PAPI-2L,30.4,3,42,53,16.048,N,90,13,44.95,W,1167.8,629
MRJ,29,PAPI-2L,44.1,3,42,53,11.344,N,90,14,4.696,W,1158.2,950
MRN,3,PAPI-4L,66.4,3,35,48,57.909,N,81,36,49.091,W,1238.8,1102
MRN,21,PAPI-4R,47.9,3.5,35,49,29.479,N,81,36,32.149,W,1261.8,913
MRT,9,PAPI-4L,24.7,3,40,13,26.912,N,83,21,26.352,W,1018.1,501
MRT,27,PAPI-4L,32.5,3,40,13,30.522,N,83,20,48.053,W,997.1,601
MRY,,PAPI-2L,45.6,3,36,35,16.369,N,121,50,33.219,W,208.9,660.022
MRY,,PAPI-4L,46.8,3,36,35,23.636,N,121,51,10.6,W,167.9,744.9
MRY,,PAPI-4R,45,3.5,36,35,3.975,N,121,50,12.466,W,242.9,939.2
MRY,,PAPI-2L,49.1,3.85,36,35,9.081,N,121,50,11.695,W,241.9,939
MSL,12,PAPI-4R,55.8,3,34,44,52.389,N,87,36,50.304,W,546,1000
MSL,18,PAPI-4L,34.7,3,34,44,56.35,N,87,36,56.8,W,540.9,700
MSL,36,PAPI-4L,39.9,3,34,44,31.23,N,87,36,57.53,W,540.4,760
MSN,3,PAPI-4L,49.4,3,43,8,11.85,N,89,20,21.28,W,859.9,955
MSN,14,PAPI-4L,45.1,3,43,8,43.12,N,89,20,17.47,W,860.5,830
MSN,18,PAPI-4L,57,3,43,8,42.39,N,89,20,28.36,W,859.7,1070
MSN,21,PAPI-4L,53.3,3,43,8,51.72,N,89,19,51.11,W,876.9,1200
MSN,32,PAPI-4L,55.9,3,43,8,18.29,N,89,19,45.23,W,861.2,1070
MSN,36,PAPI-4L,59,3,43,7,48.99,N,89,20,30.83,W,861.8,1125
MSO,12,PAPI-4L,55,3,46,55,23.06,N,114,6,12.69,W,3191,996
MSO,30,PAPI-4L,50,3,46,54,34.88,N,114,4,50.27,W,3204,982
MSP,4,PAPI-4L,76.3,3,44,52,41.181,N,93,13,48.382,W,830.9,1461
MSP,,PAPI-4L,78.9,3,44,53,26.054,N,93,12,55.753,W,829.9,1670
MSP,,PAPI-4L,65.5,3,44,53,9.163,N,93,13,46.976,W,836.5,1340
MSP,17,PAPI-4R,60,3,44,53,4.795,N,93,14,29.223,W,838.2,1145
MSP,22,PAPI-4L,60.8,3,44,53,21.795,N,93,12,51.233,W,827.1,1176.9
MSP,,PAPI-4L,78,3,44,52,31.889,N,93,12,20.906,W,817.7,1403
MSP,,PAPI-4L,71.3,3,44,53,0.35,N,93,11,56.382,W,821.2,1325
MSP,35,PAPI-4L,70.7,3,44,52,11.344,N,93,14,15.327,W,833.1,1350
MSS,5,PAPI-4L,55.4,3,44,55,57.207,N,74,50,50.06,W,202.5,1078
MSS,23,PAPI-4L,43.1,3,44,56,26.781,N,74,50,24.821,W,208.8,1020
MSS,27,PAPI-4L,35,3,44,56,11.904,N,74,50,30.57,W,204.4,626
MSV,15,PAPI-4L,39.2,3,41,42,22.503,N,74,47,58.765,W,1402.9,748
MSV,33,PAPI-4L,39.2,3,41,41,49.287,N,74,47,25.29,W,1380.2,738
MSY,2,PAPI-4L,52,3,29,59,13.62,N,90,15,2.099,W,1.6,987
MSY,11,PAPI-4R,72.9,2.8,29,59,43.691,N,90,16,36.928,W,-1.3,1578
MSY,20,PAPI-4L,51.9,3,30,0,1.693,N,90,14,46.798,W,-2.1,975
MSY,29,PAPI-4R,68.3,3,29,59,25.384,N,90,15,20.99,W,1.1,1293
MTC,1,PAPI-4L,51.5,3,42,36,15.287,N,82,50,14.082,W,579.5,983
MTC,19,PAPI-4L,50.9,3,42,37,24.867,N,82,50,11.664,W,578.6,971.5
MTH,7,PAPI-4L,25.4,3,24,43,26.914,N,81,3,25.276,W,5.5,487
MTH,25,PAPI-4L,25.7,3,24,43,42.176,N,81,2,45.355,W,5.2,531
MTJ,13,VASI-4L,42.6,3,38,30,27.885,N,107,54,11.683,W,5704.3,709
MTJ,17,PAPI-4L,55,3,38,31,37.835,N,107,53,33.825,W,5698.6,967
MTJ,31,VASI-4L,42.8,3,38,29,43.71,N,107,53,23.535,W,5751.8,915
MTJ,35,PAPI-4L,41,3,38,30,17.182,N,107,53,33.5,W,5731.2,871
MTN,15,PVASI-PSIL,37.2,4.01,39,19,53.055,N,76,25,16.015,W,20,549
MTN,33,PVASI-PSIL,47.6,2.91,39,19,14.243,N,76,24,26.343,W,10.3,913
MTO,6,VASI-4L,41,3,39,28,30.47,N,88,17,9.96,W,721.4,725
MTO,11,PAPI-4L,25.5,3,39,28,50.72,N,88,17,17.296,W,715,475
MTO,24,VASI-4L,45.6,3,39,28,51.22,N,88,16,23.22,W,712.4,850
MTP,6,PAPI-2R,45,3.83,41,4,31.84,N,71,55,19.61,W,4.5,697
MTP,24,PAPI-2L,24,4,41,4,39.98,N,71,55,8.07,W,4.2,370
MTV,13,PAPI-4L,53.8,3.5,36,38,2.781,N,80,1,33.956,W,941.1,992
MTV,31,PAPI-4L,46.5,3,36,37,43.121,N,80,0,48.458,W,912.4,877
MTW,17,PAPI-4L,44.5,3,44,7,55.43,N,87,40,59.67,W,649.3,790
MTW,17,PAPI-4L,44.5,3,44,7,55.43,N,87,40,59.67,W,649.3,790
MTW,35,PAPI-4L,43.9,3,44,7,22.525,N,87,40,51.599,W,650.6,827
MUE,4,VASI-4R,42.9,2.5,19,59,54.25,N,155,40,19.44,W,2666.6,873
MUE,22,VASI-4L,35.2,3,20,0,16.21,N,155,39,49.7,W,2668.4,723.9
MUGM,10,PAPI-4L,57.2,3.5,19,54,24.232,N,75,12,56.853,W,56,1000.329
MUGM,28,PAPI-4L,54.5,3,19,54,23.076,N,75,11,53.988,W,48.6,999.269
MUO,12,PAPI-4L,40,2.5,43,3,17.748,N,115,53,16.237,W,2983.95,920
MUO,30,PAPI-4L,40.4,2.5,43,1,56.155,N,115,51,25.266,W,2996.15,920
MUT,6,VASI-4L,36.7,3,41,21,47.88,N,91,9,8.15,W,544,700
MUT,12,PAPI-2L,40,3.25,41,22,19.864,N,91,9,19.125,W,536,700
MUT,24,PAPI-4R,52.3,3,41,22,7.37,N,91,8,25.94,W,542.7,1025
MUT,30,PAPI-2L,41,3,41,22,5.924,N,91,8,52.771,W,539.6,845
MVC,3,PAPI-4L,61.7,3,31,27,13.03,N,87,21,14.31,W,413.8,1162.1
MVC,21,PAPI-4L,39.7,3,31,27,48.26,N,87,20,50.92,W,419,770
MVE,14,PAPI-4L,25,3,44,58,17.326,N,95,42,47.465,W,1030.6,534
MVE,32,PAPI-4L,25,3,44,57,53.554,N,95,42,21.983,W,1021.4,439
MVI,2,PAPI-2L,38.6,3,37,31,19.121,N,106,3,6.437,W,7611,738
MVI,20,PAPI-2L,37.9,3,37,31,57.67,N,106,2,40.043,W,7609.7,721
MVL,19,PAPI-2L,31.1,3.5,44,32,17.001,N,72,36,50.901,W,732.5,500
MVN,5,VASI-4L,32.2,3,38,19,12.78,N,88,51,47.18,W,468.3,590
MVY,6,PAPI-4R,53.1,3,41,23,19.338,N,70,37,1.2,W,55.4,983.925
MVY,24,PAPI-4R,51.9,3,41,23,45.536,N,70,36,31.367,W,60.7,1026.837
MWA,2,PAPI-4L,35.9,3.5,37,44,59.47,N,89,1,2.125,W,453.5,578
MWA,11,PAPI-4L,25.7,3,37,45,3.17,N,89,0,54.54,W,454,490
MWA,29,PAPI-4L,24.6,3,37,44,51.09,N,89,0,6.64,W,467.4,470
MWA,29,PAPI-4L,24.6,3,37,44,51.09,N,89,0,6.64,W,467.4,470
MWC,,VASI-4L,44.1,4,43,6,30.37,N,88,2,12.437,W,737,603
MWC,,PAPI-4R,40.6,3,43,6,50.841,N,88,2,13.328,W,745.4,750
MWC,,VASI-4L,44.6,4,43,6,45.895,N,88,1,56.937,W,737.4,652
MWC,,PAPI-4L,40,4,43,6,28.79,N,88,1,52.697,W,738.2,650
MWH,4,PAPI-4L,49.3,3,47,11,54.02,N,119,19,46.77,W,1185.3,1002
MWH,,PAPI-4L,75,3,47,13,18.84,N,119,19,29.03,W,1167.9,1440
MWH,22,VASI-4L,50.4,3,47,12,41,N,119,18,11.24,W,1158.7,863
MWH,,PAPI-4L,76.4,3,47,11,39.16,N,119,18,41.86,W,1166.9,1450
MWK,18,PAPI-4R,40,3,36,27,56.914,N,80,33,13.9,W,1250.6,1119
MWK,36,PAPI-4L,40,3,36,27,22.151,N,80,33,8.813,W,1204.8,840
MWL,13,PAPI-4L,40,3,32,47,10.14,N,98,3,46.08,W,924.4,650
MWL,17,PAPI-2R,43.1,3,32,47,7.956,N,98,3,50.48,W,920.6,695
MWL,31,PAPI-4L,53,3,32,46,43.12,N,98,3,14.77,W,966.3,1125
MWL,35,PAPI-2L,46.4,4,32,46,43.854,N,98,3,50.785,W,946.6,771
MWM,17,PAPI-4L,25,3,43,55,1.337,N,95,6,33.73,W,1408,477
MWM,35,PAPI-4L,25,3,43,54,34.88,N,95,6,33.953,W,1408,442
MWO,5,PAPI-4L,21.6,3,39,31,34.96,N,84,24,8.254,W,642.5,450
MWO,23,PAPI-4L,25.6,3,39,32,5.876,N,84,23,21.606,W,649.9,540
MXA,18,PAPI-2R,47.6,4,35,53,54.305,N,90,9,16.368,W,241,655
MXA,36,PAPI-2L,28,4,35,53,23.766,N,90,9,16.557,W,242.3,398
MXF,15,PAPI-4L,46.1,3,32,23,20.838,N,86,22,17.365,W,167.1,950
MXF,33,PAPI-4L,50.1,3,32,22,29.339,N,86,21,40.125,W,166,952
MXO,15,PAPI-2L,43.3,3,42,13,28.588,N,91,9,59.247,W,826.4,780
MXO,33,PAPI-2L,30.7,3,42,13,1.823,N,91,9,41.517,W,828.4,600
MYF,,PAPI-4L,44.8,3.4,32,49,2.492,N,117,8,33.47,W,417.5,696
MYF,,PAPI-4R,40.7,3,32,48,54.388,N,117,8,12.876,W,422.6,764
MYGF,6,PAPI-4L,77.1,3,26,33,11.91,N,78,42,22.88,W,7.4,1473
MYGF,24,PAPI-4L,77.1,3,26,33,50.64,N,78,41,5.08,W,7.3,1471
MYJ,24,PAPI-4L,40,3,39,9,33.395,N,91,48,40.895,W,811.7,720
MYL,34,VASI-2L,57.5,3.5,44,52,58.595,N,116,6,5.593,W,5007,934
MYNN,9,PAPI-4L,68.6,3,25,2,9.524,N,77,28,40.975,W,15,1289.956
MYNN,14,PAPI-4L,74.8,3,25,2,56.99,N,77,28,21.505,W,16,1370
MYNN,27,PAPI-4L,69.6,3,25,2,9.89,N,77,27,38.869,W,16,1271.006
MYNN,32,PAPI-4L,77.9,3,25,2,0.756,N,77,27,19.217,W,14,1487
MYR,18,PAPI-4L,64.3,3,33,41,21.134,N,78,55,50.465,W,22.1,1234
MYR,36,PAPI-4L,71.3,3,33,40,14.3,N,78,55,33.775,W,21.4,1368
MYSM,10,PAPI-4R,55,3,24,3,49.85,N,74,31,57.37,W,9,1002.1
MYSM,28,VASI-2L,55,3,24,3,44.87,N,74,30,55.32,W,14,1225.2
MYU,6,VASI-4L,28.4,3,60,22,16.676,N,166,16,29.888,W,52.7,550
MYU,24,VASI-4R,28.9,3,60,22,24.554,N,166,15,55.615,W,52.4,551
MYV,14,VASI-4L,50,3,39,6,8.895,N,121,34,23.682,W,63.8,967
MYV,32,VASI-4L,31.5,3,39,5,28.606,N,121,34,1.49,W,60.9,604
MYZ,16,PAPI-2L,40,3,39,51,35.65,N,96,37,56.28,W,1278,759
MYZ,34,PAPI-2L,40,3,39,51,9.98,N,96,37,44.54,W,1281,688
MZH,4,PAPI-2L,25,3,46,24,58.31,N,92,48,27.86,W,1075.7,449
MZH,22,PAPI-2L,25,3,46,25,15.54,N,92,48,6.65,W,1071.7,458
MZZ,15,PAPI-2L,39.8,3.25,40,29,32.162,N,85,40,50.332,W,857.7,697
MZZ,22,PAPI-4L,41.5,3,40,29,41.966,N,85,40,31.118,W,854.2,711
MZZ,33,PAPI-2L,38.3,4,40,29,13.266,N,85,40,36.248,W,849.5,559
N03,6,PAPI-2L,40,4,42,35,26.836,N,76,13,3.037,W,1186.8,722
N03,24,PAPI-2L,45,4,42,35,41.112,N,76,12,42.803,W,1167.7,586
N07,19,PAPI-2L,30,4,40,56,59.508,N,74,18,53.096,W,180.6,471.315
N12,6,PAPI-2R,14.8,3,40,3,54.724,N,74,10,47.706,W,39.1,332
N12,24,PAPI-2L,41.6,3,40,4,5.911,N,74,10,31.974,W,36.6,727
N14,1,PAPI-2L,26.2,3.5,39,55,50.12,N,74,48,25.26,W,43,400
N14,19,PAPI-2L,21.7,3.2,39,56,16.74,N,74,48,26.64,W,49.9,400
N23,25,PAPI-2R,47.7,3.66,42,18,16.59,N,75,24,41.75,W,1024.5,706.6
N24,17,PAPI-4R,40,3,36,48,27.85,N,105,35,50.91,W,7666.7,718
N24,35,PAPI-4R,40,3,36,47,35.11,N,105,35,50.99,W,7689.7,806
N27,5,PAPI-2L,37,3,41,44,12.814,N,76,27,0.188,W,729.2,763
N27,23,PAPI-2L,37,3,41,44,35.919,N,76,26,38.563,W,716.6,682
N35,6,PAPI-2L,45,4,40,57,55.98,N,78,56,6.73,W,1410.3,670
N35,24,PAPI-2L,40,4,40,58,5,N,78,55,48.54,W,1431.1,666.5
N40,7,PAPI-2L,30.6,4,40,33,51.11,N,74,58,56.554,W,550.6,400
N40,25,PAPI-2L,29,4,40,34,3.24,N,74,58,34.47,W,560,400
N47,26,PAPI-2L,30.1,3.75,40,15,41.039,N,75,40,4.051,W,248.3,427
N51,4,PAPI-2L,41,3,40,34,39.009,N,74,44,16.597,W,184.5,880
N51,22,PAPI-2L,37.7,3,40,34,57.754,N,74,44,2.687,W,164.5,675
N66,24,PAPI-2L,50.6,3,42,31,36.984,N,75,3,41.789,W,1748.8,994
N68,6,PAPI-2R,43.2,3,39,58,16.953,N,77,38,44.007,W,686.3,784
N68,24,PAPI-2L,43.3,3,39,58,28.6,N,77,38,27.102,W,687.4,749
N79,8,PAPI-2L,40.6,3,40,50,10.208,N,76,33,20.123,W,854.4,739
N79,26,PAPI-2L,40.4,3,40,50,14.933,N,76,33,0.477,W,869.9,974
N85,8,PAPI-2R,38.1,3.3,40,35,11.405,N,75,1,16.497,W,461.9,679
N85,26,PAPI-2L,40.3,3.75,40,35,15.884,N,75,1,4.194,W,467,819
N89,4,PAPI-2L,40,3.5,41,43,33.511,N,74,22,45.694,W,288.8,653
N89,22,PAPI-2L,39.4,3,41,43,51.322,N,74,22,30.176,W,284.7,724
NBC,5,PAPI-4L,38.1,3,32,28,19.749,N,80,43,43.613,W,34.2,779
NBC,14,PAPI-4L,40.2,3,32,28,59.165,N,80,43,46.699,W,32.2,767
NBC,23,PAPI-4L,43.5,3,32,29,37.906,N,80,42,20.998,W,13.5,818
NBC,32,PAPI-4L,40.5,3,32,28,13.805,N,80,42,53.756,W,22.5,785
NBG,4,PAPI-4L,49.4,3,29,49,31.359,N,90,2,6.756,W,-1.6,950
NBG,14,PAPI-4L,53.8,3,29,49,16.809,N,90,1,52.291,W,1.7,950
NBG,22,PAPI-4L,44.4,3,29,50,29.507,N,90,1,1.753,W,-0.9,847.4
NBG,32,PAPI-4L,50,3,29,48,45.481,N,90,1,22.702,W,0.5,950
NC01,3,PAPI-4L,40,3,36,5,28.69,N,76,19,44.69,W,8.8,753
NC01,21,PAPI-4L,40,3,36,6,2.55,N,76,19,30.71,W,9.8,730
NCA,1,PAPI-4R,45.7,3,34,42,10.874,N,77,26,12.096,W,23.5,878
NCA,5,PAPI-4L,36.9,3,34,42,21.355,N,77,26,48.712,W,24.9,678
NCA,19,PAPI-4L,40.7,3,34,42,42.055,N,77,26,12.116,W,17.1,759
NCA,23,PAPI-4L,36.7,3,34,42,47.777,N,77,26,16.753,W,17.7,672
NDZ,5,PAPI-4L,54.2,3,30,41,47.179,N,87,1,1.435,W,165,972
NDZ,14,PAPI-4L,58.4,3,30,42,3.382,N,87,1,14.846,W,175.7,1005
NDZ,23,PAPI-4L,58.6,3,30,42,14.306,N,87,0,27.654,W,177.2,998
NDZ,32,PAPI-4L,56.3,3,30,41,34.395,N,87,0,43.695,W,169.2,999
NEL,24,PAPI-4L,52.4,3,40,2,17.347,N,74,20,45.952,W,90.1,1199.688
NEW,9,PAPI-4L,40,3,30,2,13.486,N,90,1,41.431,W,4.6,773
NEW,,PAPI-4L,51,3,30,2,58.34,N,90,1,47.531,W,7,951.972
NEW,27,PAPI-4R,42.8,3.2,30,2,13.708,N,90,1,23.578,W,4.4,771
NEW,,PAPI-4L,50,3,30,2,19.596,N,90,1,46.968,W,7.1,952.357
NEW,,PAPI-4L,45,3,30,2,32.556,N,90,1,39.188,W,6.7,857.034
NFG,3,PAPI-4R,68.5,4,33,17,49.927,N,117,21,35.479,W,62.9,946
NFG,21,PAPI-4L,54.2,3.6,33,18,19.339,N,117,21,1.494,W,73.9,917
NFL,,PAPI-4R,48,3,39,25,42.607,N,118,42,11.85,W,3934.7,915
NFL,,PAPI-4L,52.3,3,39,26,0.007,N,118,42,42.981,W,3934.7,1000
NFL,,PAPI-4L,61.2,3.5,39,24,22.635,N,118,41,15.663,W,3926.8,1000
NFL,,PAPI-4L,56.4,3.5,39,24,27.585,N,118,41,4.575,W,3927.1,915
NFW,18,PAPI-4L,62.2,3,32,46,57.72,N,97,26,29,W,626.9,1082.3
NFW,36,PAPI-4L,58.2,3,32,45,21.58,N,97,26,30.03,W,645.2,1199.8
NGF,4,PAPI-4L,50.3,3,21,26,43.608,N,157,46,28.952,W,12.2,954
NGF,22,PAPI-4L,53.3,3,21,27,18.793,N,157,45,41.466,W,18.7,1097
NGP,4,PAPI-4R,49.5,3,27,41,30.874,N,97,17,43.283,W,16.3,954
NGP,,PAPI-4L,46,3,27,41,37.359,N,97,17,25.499,W,16.1,816
NGP,,PAPI-4L,46.8,3,27,41,56.512,N,97,17,58.836,W,10.2,877
NGP,18,PAPI-4L,44.9,3,27,41,49.117,N,97,17,18.523,W,14.6,816
NGP,22,PAPI-4R,51.9,3,27,41,52.365,N,97,17,19.11,W,13.7,976
NGP,,PAPI-4L,44.8,3,27,41,12.684,N,97,17,9.562,W,16.4,862
NGP,,PAPI-4L,45,3,27,41,14.016,N,97,16,59.252,W,17.9,851
NGP,36,PAPI-4L,50,3,27,41,16.965,N,97,17,18.511,W,17.4,939
NGT,11,PAPI-4L,54.2,3,28,37,7.227,N,97,36,53.389,W,310.3,1181
NGT,17,PAPI-4L,53.7,3,28,36,54,N,97,37,12.53,W,318.5,1084
NGT,29,PAPI-4L,53.1,3,28,36,47.927,N,97,35,50.687,W,270.4,900
NGT,35,PAPI-4L,53.3,3,28,35,55.9,N,97,37,1.19,W,300.6,962
NGU,10,PAPI-4R,35.3,3,36,56,14.882,N,76,18,1.017,W,13.4,669
NGU,28,PAPI-4R,36.3,3,36,56,14.89,N,76,16,50.646,W,12.5,693
NGW,13,PAPI-4R,47.4,3,27,42,16.7189,N,97,26,26.871,W,30.39,900
NGW,31,PAPI-4L,50.1,3,27,41,54.2865,N,97,26,1.7668,W,22.06,900
NGW,36,PAPI-4L,50.7,3,27,41,58.9281,N,97,26,25.8137,W,25.7,900
NID,8,PAPI-4L,45,3,35,41,0.25,N,117,42,57.625,W,2283.2,955
NID,14,PAPI-4R,52,3,35,41,46.63,N,117,41,30.21,W,2202.2,1000
NID,21,PAPI-4L,56.6,3,35,41,38.476,N,117,41,16.506,W,2207.9,952
NID,26,PAPI-4L,45.6,3,35,40,58.997,N,117,41,3.628,W,2232.2,839
NID,32,PAPI-4R,50,3,35,40,43.47,N,117,40,52.68,W,2239.6,916
NIP,10,PAPI-4L,50.9,3,30,13,53.839,N,81,41,11.823,W,19.6,999
NIP,28,PAPI-4R,61.8,3,30,13,54.175,N,81,40,5.07,W,9.4,1151
NKT,,PAPI-4L,72.9,3,34,53,26.27,N,76,53,40.231,W,24.9,1351.766
NKT,,PAPI-4L,71.8,3,34,55,1.395,N,76,53,48.684,W,21.1,1339.507
NKT,,PAPI-4L,70.8,3,34,54,57.159,N,76,51,56.54,W,19.2,1342
NKT,,PAPI-4L,77.5,3,34,53,21.612,N,76,51,58.078,W,21.1,1401
NKX,,PAPI-4L,51.8,3,32,51,54.806,N,117,9,42.69,W,427.8,949
NKX,,PAPI-4L,54.7,3,32,51,58.063,N,117,8,55.276,W,435.2,947
NKX,,PAPI-4L,49.1,3.2,32,52,13.098,N,117,7,46.849,W,468.9,1022
NKX,,PAPI-4L,59.1,3.2,32,52,19.424,N,117,7,50.649,W,468,1175
NMM,,PAPI-4R,40.1,3,32,32,58.277,N,88,34,2.857,W,283.9,955
NPA,1,PAPI-4L,55,3,30,20,41.601,N,87,19,16.355,W,27.8,1050
NPA,,PAPI-4L,56,3,30,21,6.782,N,87,19,33.208,W,22.2,1093
NPA,,PAPI-4L,55.3,3,30,21,0.083,N,87,19,31.027,W,24.2,1020
NPA,19,PAPI-4L,55,3,30,21,31.708,N,87,19,10.048,W,19.2,994
NPA,,PAPI-4L,52.4,3,30,21,21.935,N,87,18,27.598,W,15.1,1001
NPA,,PAPI-4L,56,3,30,21,28.224,N,87,18,30.979,W,17.5,1042
NQA,4,PAPI-4L,77.3,3,35,21,3.77,N,89,52,33.371,W,283.5,1385
NQA,22,PAPI-4L,67.3,3,35,21,44.029,N,89,51,53.722,W,317.3,1385
NQI,,PAPI-4L,34.9,3,27,30,40.569,N,97,48,54.887,W,48.8,682
NQI,,PAPI-4L,51.8,3,27,30,42.159,N,97,48,38.108,W,47.6,994
NQI,,PAPI-4L,51.9,3,27,30,1.394,N,97,47,58.862,W,38.9,945
NQI,,PAPI-4L,51.8,3,27,29,42.429,N,97,48,29.602,W,47.7,966
NQX,4,PAPI-4L,35.4,3,24,34,2.264,N,81,41,41.43,W,3.45,673.011
NQX,8,PAPI-4L,43.3,3,24,34,23.361,N,81,41,51.712,W,3.7,827
NQX,14,PAPI-4R,45.1,3,24,34,38.78,N,81,41,25.009,W,3.6,854
NQX,22,PAPI-4L,44.3,3,24,34,48.481,N,81,41,10.447,W,4.9,856
NQX,26,PAPI-4L,42.5,3,24,34,47.568,N,81,40,24.949,W,4.5,800
NQX,32,PAPI-4L,45.1,3,24,34,4.455,N,81,40,41.702,W,3.6,852
NRB,5,PAPI-4L,48.4,3,30,23,6.55,N,81,25,52.3,W,11.4,911
NRB,23,PAPI-4L,48.4,3,30,23,51.35,N,81,25,4.25,W,12.7,910
NRN,16,PAPI-2L,43.9,3,39,51,23.1,N,99,53,46.88,W,2380.6,902
NRN,34,PAPI-2L,43.4,3,39,50,54.41,N,99,53,36.38,W,2364.3,782
NSE,5,PAPI-4L,60,3,30,43,1.384,N,87,1,50.346,W,177.3,992
NSE,14,PAPI-4L,51,3,30,43,41.389,N,87,1,34.212,W,197.4,1000
NSE,23,PAPI-4L,52,3,30,43,28.396,N,87,1,16.701,W,182.11,1001
NSE,32,PAPI-4L,53,3,30,43,12.35,N,87,1,2.983,W,159.8,997
NSFA,8,PAPI-2L,,3,13,49,48.76,S,172,1,9.87,W,51,1068
NSI,30,PAPI-4L,54.9,3,33,13,56.344,N,119,26,54.752,W,501.2,988
NTD,3,PAPI-4L,45.9,3,34,6,36.669,N,119,7,56.997,W,10.1,876
NTD,21,PAPI-4L,46,3,34,7,43.453,N,119,6,39.935,W,13.2,869
NUQ,,PAPI-4L,53,3,37,25,35.011,N,122,3,11.9,W,3.5,996
NUQ,,PAPI-4L,55,3,37,24,31.744,N,122,2,39.394,W,26.4,1094
NUW,7,PAPI-4L,49.9,3,48,21,5.209,N,122,40,7.985,W,17.3,973
NUW,14,PAPI-4L,49,3,48,21,33.554,N,122,39,38.931,W,37.9,962
NUW,25,PAPI-4L,50.9,3,48,21,8.396,N,122,38,37.608,W,27,913
NUW,32,PAPI-4L,37.6,3,48,20,38.661,N,122,38,59.904,W,38.7,883
NVD,2,PAPI-4L,40,3,37,50,53.896,N,94,18,26.408,W,886.3,881
NVD,20,PAPI-4L,40,3,37,51,23.462,N,94,18,7.818,W,882.7,777
NY0,10,PAPI-2L,40.1,3,42,59,53.405,N,74,20,4.531,W,870.6,652.034
NY0,28,PAPI-2L,40.1,3,42,59,53.584,N,74,19,30.146,W,879.4,791.985
NYG,2,PAPI-4L,35.1,3,38,29,59.177,N,77,18,22.716,W,9.1,675
NYL,,PAPI-4L,52.8,3,32,38,19.455,N,114,37,37.76,W,193.4,990
NYL,,PAPI-4L,50.3,3,32,39,2.509,N,114,36,37.023,W,186.52,989.363
NYL,17,PAPI-4L,40.2,3,32,39,55.735,N,114,36,14.484,W,196,810
NYL,,PAPI-4L,51.3,3,32,39,54.011,N,114,35,37.964,W,205.77,995.346
NYL,,PAPI-4L,49.9,3,32,39,39.852,N,114,36,5.623,W,190.82,990.9
NZFX,33,PAPI-2L,55,3,77,56,48.918,S,166,43,36.548,E,31.96,1049
NZIR,27,PAPI-2L,41.5,2.5,77,53,4.779,S,166,34,22.289,E,1,10567.637
NZPG,33,PAPI-4L,41.8,2.5,77,57,17.075,S,166,29,6.212,E,11.2,950.016
NZWD,25,PAPI-2L,35,2,77,53,37.008,S,167,1,37.056,E,46.02,1007.237
NZY,18,PAPI-4L,48.8,3,32,42,27.284,N,117,12,44.974,W,19.1,928
NZY,29,PAPI-4L,46,3,32,41,34.045,N,117,12,11.515,W,22.5,944
NZY,36,PAPI-4L,46.4,3,32,41,28.013,N,117,13,4.375,W,11.5,857
O02,26,PAPI-2L,50.4,3.5,39,49,6.64,N,120,20,50.08,W,4895,761
O08,14,PAPI-2L,25,3,39,10,53.037,N,121,59,42.195,W,49,517
O08,32,PAPI-2L,43.3,3,39,10,38.221,N,121,59,31.596,W,48.1,801
O22,17,VASI-2L,55.8,4.55,38,1,58.34,N,120,24,44.96,W,2103.5,809
O22,17,VASI-2L,55.8,4.55,38,1,58.34,N,120,24,44.96,W,2103.5,809
O22,35,VASI-2L,54.1,4,38,1,37.27,N,120,24,49.75,W,2076.9,716
O27,10,VASI-2L,26.1,2.5,37,45,26.392,N,120,48,12.159,W,227.3,522
O27,28,PAPI-2L,24.6,3,37,45,19.668,N,120,47,50.582,W,228.1,629
O28,34,PAPI-2L,21,3,39,26,54.36,N,123,22,19.275,W,2033.7,294
O32,16,PAPI-2L,41,3,36,40,23.836,N,119,27,5.83,W,385.1,800
O32,34,PAPI-2L,49,4,36,40,6.773,N,119,27,1.328,W,381.6,736
O37,15,PAPI-2L,27.7,3.5,39,43,30.09,N,122,8,52.48,W,214.4,507
O37,33,PAPI-2L,27.2,3.5,39,42,56.44,N,122,8,41.3,W,207.7,478
O43,2,PAPI-2L,40,3,39,0,0.859,N,119,9,37.049,W,4381.5,749
O43,20,PAPI-2L,40,3,39,0,37.931,N,119,9,10.127,W,4375.8,761
O45,17,PAPI-2L,40,3,36,51,34.039,N,101,13,37.54,W,2998.8,792
O45,35,PAPI-2L,51,3.5,36,51,16.89,N,101,13,37.52,W,2995.1,785
O46,14,VASI-2L,23.3,3,41,29,10.34,N,122,27,26.814,W,2910.6,371
O46,32,VASI-2L,20.2,3,41,28,31.898,N,122,27,6.089,W,2940.5,428
O47,17,PAPI-2L,40.1,3,35,28,59.284,N,96,43,7.476,W,1037.5,828
O47,35,PAPI-2L,40.1,3,35,28,39.745,N,96,43,7.588,W,1014.2,686
O60,14,PAPI-2L,40,3,38,46,40.769,N,122,59,37.511,W,275.7,748
O60,32,PAPI-2L,39.8,3.5,38,46,27.371,N,122,59,28.651,W,273.8,635.01
O69,29,PAPI-4L,44.3,3,38,15,22.319,N,122,36,8.954,W,79.9,800
O85,16,PAPI-2L,24,3.5,40,34,32.738,N,122,24,27.526,W,721.9,447
O85,34,PAPI-2L,24.1,3.5,40,34,17.51,N,122,24,25.255,W,719.5,422
O88,7,PAPI-2L,40,4,38,11,36.823,N,121,42,27.461,W,22.3,556
O88,15,PAPI-2L,40.3,4,38,11,37.727,N,121,42,24.734,W,22.1,566
O88,25,PAPI-2L,40.1,4,38,11,39.1,N,121,41,48.982,W,22.2,563
OADY,5,VASI-6R,36.3,3,31,5,9.96,N,64,3,31.3,E,2408.4,690.5
OADY,5,VASI-6R,36.3,3,31,5,9.96,N,64,3,31.3,E,2408.4,690.5
OADY,23,VASI-6R,40,3,31,5,51.14,N,64,4,29.46,E,2418,763
OAFR,15,PAPI-2L,50,3,32,22,7.36,N,62,9,50.16,E,2197.1,860
OAFR,33,PAPI-2L,50,3,32,21,32.23,N,62,10,14.38,E,2223.4,1050
OAHR,36,PAPI-2L,54.3,3,34,12,9.46,N,62,13,37.74,E,3267.7,1383.3
OAIX,,PAPI-2R,46.1,3,34,56,12.295,N,69,15,30.239,E,4862.8,861
OAIX,,PAPI-2L,47.6,3,34,56,2.39,N,69,15,27.68,E,4865.2,955.737
OAIX,,PAPI-2L,49.9,3,34,57,27.43,N,69,16,26.96,E,4853.2,950
OAJ,5,PAPI-4L,55,3,34,49,27.315,N,77,37,4.649,W,89.1,1051
OAJ,23,PAPI-4L,47,3,34,50,3.963,N,77,36,21.131,W,92.5,863
OAK,,PAPI-4R,50,3,37,43,46.127,N,122,13,8.839,W,6.2,955
OAK,,PAPI-4L,50,3,37,43,39.857,N,122,13,22.447,W,8.7,937
OAK,12,PAPI-4R,69.8,2.75,37,43,3.032,N,122,14,17.817,W,8.5,1447
OAK,,PAPI-4R,50,3,37,43,23.74,N,122,12,32.618,W,8.1,953
OAK,,PAPI-4L,51,3,37,43,33.03,N,122,12,28.374,W,6.7,991
OAK,30,PAPI-4L,70.7,3,37,42,14.699,N,122,13,5.311,W,8.9,1353
OAKB,11,PAPI-2L,59.1,3.5,34,34,11.147,N,69,11,49.628,E,5870.1,956.011
OAKB,29,PAPI-2L,62.1,3.5,34,33,42.956,N,69,13,39.345,E,5876.4,956
OAKN,5,PAPI-2L,63.7,3,31,29,57.898,N,65,50,13.026,E,3308.4,1130.969
OAKN,23,PAPI-2L,68.4,3,31,30,42.919,N,65,51,28.645,E,3333.3,1394.019
OAR,29,PAPI-2L,45,3,36,40,48.824,N,121,45,32.923,W,136.3,867.8
OATN,12,PAPI-2L,33.7,3.5,32,36,30.35,N,65,51,30.6,E,4363,500
OAZI,1,PAPI-4L,80.5,3,31,50,19.92,N,64,13,16.28,E,2891.3,1529.3
OAZI,19,PAPI-4L,80.6,3,31,51,41.49,N,64,13,34.18,E,2913.6,1566.9
OBE,5,PAPI-4L,42.4,3,27,15,49.384,N,80,51,12.921,W,33.4,809
OBE,14,PAPI-4L,40,3,27,16,6.383,N,80,51,13.274,W,33.2,764
OBE,23,PAPI-4L,42.5,3,27,16,12.969,N,80,50,46.5,W,32.5,821
OBE,32,PAPI-4L,40,3,27,15,49.048,N,80,50,53.887,W,33,762
OCF,18,PAPI-4L,45,3,29,10,33.68,N,82,13,23.008,W,80.2,858
OCF,36,PAPI-4L,45,3,29,9,44.557,N,82,13,22.941,W,78.8,927
OCH,18,PAPI-2L,37,3,31,34,57.525,N,94,42,34.853,W,339.8,721
OCH,36,PAPI-2L,53,3,31,34,23.955,N,94,42,37.939,W,333.1,877
OCQ,11,PAPI-2L,31,4,44,52,28.684,N,87,54,47.662,W,604.1,448
OCQ,29,PAPI-2L,31,4,44,52,21.068,N,87,54,17.373,W,601.8,437
OCW,5,PAPI-2L,46.2,3,35,34,6.912,N,77,3,16.872,W,32.3,851
OCW,23,PAPI-2L,47.8,3.75,35,34,32.272,N,77,2,53.68,W,36.4,748
ODO,2,PAPI-2L,40,3,31,54,56.786,N,102,23,29.526,W,2954.9,715
ODO,11,PAPI-4L,40,3,31,55,30.889,N,102,23,29.245,W,2973.9,755.5
ODO,16,PAPI-2L,49.3,4,31,55,34.05,N,102,23,24.79,W,2986.6,705
ODO,20,PAPI-2L,40,3,31,55,31.32,N,102,23,6.462,W,2992.7,971
ODO,29,PAPI-4L,40,3,31,55,7.26,N,102,22,42.66,W,2979,772.5
ODO,34,PAPI-2L,39.2,4,31,54,58.39,N,102,23,13.33,W,2958.2,561
ODX,13,PAPI-2L,44,3,41,37,38.41,N,98,57,22.99,W,2067.1,895
ODX,31,PAPI-2L,31.7,3,41,37,16.94,N,98,56,55.33,W,2060.8,582
OEB,7,PAPI-2L,32,3,41,55,48.936,N,85,3,43.747,W,956.6,600
OEB,25,PAPI-2L,40.4,3,41,56,6.363,N,85,2,56.21,W,954.4,747
OEL,16,PAPI-2L,43.5,3,39,6,51.138,N,100,49,3.001,W,3040.6,919
OEL,34,PAPI-2L,43.6,3,39,6,18.921,N,100,48,54.915,W,3024.1,759
OEO,10,PAPI-2L,35,3,45,18,33.798,N,92,41,40.9399,W,884.8,706
OEO,28,PAPI-4L,36.6,3,45,18,25.4562,N,92,40,52.7197,W,904,751
OEPS,,PAPI-2L,71.6,3,24,4,39.496,N,47,34,45.725,E,1583.5,1250
OEPS,,PAPI-2L,80.8,3,24,5,29.903,N,47,32,33.072,E,1590.5,1525
OEPS,,PAPI-2L,77.1,3,24,3,50.393,N,47,32,41.861,E,1608.3,1520
OEPS,,PAPI-2L,75.8,3,24,2,57.987,N,47,34,54.671,E,1635,1610
OESB,9,PAPI-2L,53,3,22,30,51.78,N,53,57,18.82,E,271.1,984.2
OESB,27,PAPI-2L,52.6,3,22,30,54.78,N,53,58,23.4,E,271.1,984.1
OFF,13,PAPI-4R,56,3,41,7,32.282,N,95,55,7.563,W,1030.5,1203
OFF,31,PAPI-4L,54.7,2.8,41,6,46.329,N,95,53,52.868,W,977.4,1031
OFK,2,PAPI-4L,49,3,41,58,50.58,N,97,26,9.731,W,1557.8,1201
OFK,14,PAPI-4L,40.2,3,41,59,23.404,N,97,26,25.777,W,1542.9,752
OFK,20,PAPI-4L,39.7,3,41,59,24.153,N,97,25,53.879,W,1535.8,698
OFK,32,PAPI-4L,48.6,3.5,41,58,56.913,N,97,25,57.967,W,1549.2,1001
OFP,16,PAPI-4L,39.7,3,37,42,48.273,N,77,26,23.737,W,203.7,815
OFP,34,PAPI-4L,49.9,3,37,42,17.233,N,77,26,0.903,W,201.7,950
OGA,8,PAPI-2L,39.3,3,41,7,4.085,N,101,46,41.01,W,3256.5,850
OGA,13,VASI-4L,40.1,3.5,41,7,26.773,N,101,46,8.09,W,3270.9,800
OGA,26,PAPI-2L,48.1,3,41,7,4.128,N,101,45,56.573,W,3249.9,850
OGA,31,PAPI-2L,40,3,41,7,8.869,N,101,45,51.003,W,3249.9,665
OGB,5,VASI-4L,20.9,3,33,27,25.74,N,80,51,46.99,W,171.5,377
OGB,17,PAPI-2L,38.9,3,33,27,31.07,N,80,51,40.28,W,173.3,801
OGB,35,PAPI-2L,37,3,33,26,54.43,N,80,51,30.42,W,184.6,802
OGD,3,PAPI-4L,56.4,3,41,11,25.923,N,112,1,3.071,W,4459.8,1289
OGD,17,PAPI-4L,50,3,41,11,54.312,N,112,0,53.842,W,4439.5,897
OGD,21,PAPI-4L,50,3,41,12,2.121,N,112,0,15.424,W,4421.6,795
OGD,35,PAPI-4L,50,3,41,11,22.352,N,112,0,53.693,W,4454.1,1062
OGG,2,PAPI-4R,76.6,3,20,53,34.322,N,156,26,0.764,W,45.7,1652
OGG,5,PAPI-4L,40.1,3,20,53,56.347,N,156,26,5.633,W,18.7,825
OGG,20,PAPI-4L,75.6,3,20,54,6.938,N,156,25,36.485,W,20.2,1330
OGM,17,PAPI-2L,25,3.5,46,50,56.391,N,89,22,7.095,W,641.6,408
OGM,35,PAPI-2L,25,3.5,46,50,32.024,N,89,21,56.418,W,660.8,517
OGS,9,PAPI-4L,45.6,3,44,40,50.492,N,75,28,19.235,W,286.8,854
OGS,27,PAPI-4L,44.8,3,44,41,1.54,N,75,27,17.061,W,298.5,916
OIC,1,PAPI-2L,34,4,42,33,43.561,N,75,31,27.786,W,1013.5,462
OIC,19,PAPI-2L,49.8,3.75,42,34,11.943,N,75,31,26.048,W,1022.8,781
OIN,17,PAPI-2L,44.6,3,39,50,17.368,N,100,32,24.443,W,2696.6,1028
OIN,35,PAPI-2L,43.3,3,39,50,0.282,N,100,32,24.624,W,2671.2,743
OJA,17,PAPI-2L,56.9,3.34,35,33,0.8,N,98,40,6.664,W,1601.6,939.2
OJA,35,PAPI-2L,41,2.92,35,32,26.927,N,98,40,6.578,W,1602.3,735.7
OJC,18,PAPI-4R,40,3,38,51,2.693,N,94,44,15.269,W,1088.3,901
OJC,36,VASI-2L,39.9,3,38,50,37.026,N,94,44,15.343,W,1059.3,599
OJMF,13,PAPI-4R,74.6,2.75,32,21,42.843,N,36,15,9.795,E,2222.8,1620
OJMF,31,PAPI-4R,73.1,2.75,32,20,59.789,N,36,16,9.204,E,2204,1500
OJMS,8,PAPI-4L,73.4,3,31,48,58.997,N,36,46,12.965,E,1682.7,1405
OJMS,13,PAPI-4L,62.1,3,31,50,23.303,N,36,46,29.994,E,1714.8,1269
OJMS,26,PAPI-4L,73.2,3,31,49,9.767,N,36,47,24.469,E,1677.6,1352
OJMS,31,PAPI-4L,66,2.7,31,49,35.936,N,36,47,33.967,E,1684.1,1267
OKAS,,PAPI-4R,65,3,29,21,10.485,N,47,30,40.392,E,432.7,1168
OKAS,,PAPI-4L,63,3,29,21,3.467,N,47,30,35.729,E,433.1,1168
OKAS,,PAPI-4L,64.9,3,29,20,26.095,N,47,31,49.064,E,472,1168
OKAS,,PAPI-4L,65.7,3,29,20,33.307,N,47,31,53.344,E,469.5,1207
OKC,,PAPI-4L,56,3,35,24,7.111,N,97,35,20.199,W,1281.9,1158
OKC,,PAPI-4L,60,3,35,24,9.943,N,97,36,20.607,W,1282.2,1160
OKC,,PAPI-4L,54.1,2.9,35,22,52.214,N,97,35,20.139,W,1282.8,1070
OKK,5,PAPI-2L,35.3,3,40,31,20.818,N,86,4,3,W,830,715
OKK,14,PAPI-2L,33.3,3.17,40,31,53.498,N,86,3,37.272,W,826.1,601
OKK,32,PAPI-2L,33.3,3.18,40,31,33.895,N,86,3,11.703,W,824.6,601
OKM,18,PAPI-4L,51,3,35,40,19.717,N,95,56,54.655,W,712.3,1112
OKM,36,PAPI-4L,40,3,35,39,46.815,N,95,56,54.777,W,688,711
OKS,12,PAPI-2L,39.9,3,41,24,17.073,N,102,21,37.075,W,3389.3,854
OKS,30,PAPI-2L,40.1,3,41,23,55.87,N,102,21,7.495,W,3382.1,734.001
OKV,14,PAPI-4L,44.5,3,39,8,49.33,N,78,8,56.94,W,723.5,901
OKV,32,PAPI-4L,44.5,3,39,8,23.48,N,78,8,22.28,W,702.5,816
OKZ,13,PAPI-2L,38,3,32,58,9.619,N,82,50,36.494,W,412.3,622
OKZ,31,PAPI-2L,41.1,3.6,32,57,50.727,N,82,49,58.366,W,438.4,624
OLD,22,PAPI-4L,41,4,44,57,12.82,N,68,40,20.567,W,124.5,527
OLD,30,PAPI-4L,40,4,44,57,10.037,N,68,40,19.497,W,124.4,528
OLE,4,PAPI-2L,40,3,42,14,12.21,N,78,22,28.59,W,2131.4,763.9
OLE,22,PAPI-2L,40,3,42,14,37.92,N,78,22,6.81,W,2118.7,660.1
OLF,11,PAPI-2L,27.6,3,48,5,50.214,N,105,34,56.035,W,1986.7,520
OLF,29,PAPI-2L,29,3,48,5,30.238,N,105,34,4.354,W,1986.6,520
OLG,1,PAPI-2L,26.4,3,46,18,42.991,N,91,49,0.945,W,1101.9,515
OLG,19,PAPI-2L,20,3.5,46,19,4.939,N,91,48,56.635,W,1098.8,341
OLM,17,PAPI-4L,54,3,46,58,24.99,N,122,54,11.5,W,196,1025.6
OLM,35,PAPI-4L,50,3,46,57,50.88,N,122,54,21.46,W,207.4,950.8
OLS,4,PAPI-4L,39.8,3,31,24,43.187,N,110,51,17.571,W,3848,585
OLS,22,PAPI-4L,53.4,4,31,25,15.875,N,110,50,37.665,W,3929,932
OLU,14,PAPI-4L,40,3,41,27,20.13,N,97,20,54.57,W,1447.3,763
OLU,32,VASI-4L,44,3,41,26,43.78,N,97,20,26.47,W,1442.4,830
OLV,18,VASI-4L,51,3,34,59,3.49,N,89,47,12.86,W,401,980
OLV,36,VASI-4L,31,3,34,58,19.77,N,89,47,12.43,W,396,600
OLY,11,PAPI-2L,22.2,3,38,43,27.08,N,88,10,58.07,W,479.9,500
OLY,29,PAPI-2L,31.4,3.5,38,43,18.06,N,88,10,20.71,W,469.9,500
OMA,,PAPI-4L,66.9,3,41,18,37.67,N,95,53,51.02,W,982.3,1374
OMA,,PAPI-4L,56.9,3,41,18,41.14,N,95,54,13.65,W,984.2,1082
OMA,18,PAPI-4L,51.8,3,41,18,36.85,N,95,53,40.29,W,980.8,995
OMA,,PAPI-4R,51,3,41,17,41.52,N,95,53,17.03,W,979,998
OMA,,PAPI-4R,54.9,3,41,17,48.87,N,95,53,4.67,W,981,1050
OMA,36,PAPI-4L,57.2,3,41,17,38.08,N,95,53,40.57,W,978.4,1070
OME,3,PAPI-4L,28.5,3,64,30,34.32,N,165,26,49.409,W,18.5,526
OME,10,PAPI-4L,38.1,3,64,30,49.043,N,165,27,49,W,17.9,753
OME,21,PAPI-4L,31.8,3,64,31,2.611,N,165,25,50.928,W,40,600
OME,28,PAPI-4L,50.9,3,64,30,35.074,N,165,26,18.729,W,18.6,1057
OMH,8,PAPI-2L,41.8,4,38,14,45.739,N,78,2,56.058,W,447.4,566
OMH,26,PAPI-2L,43.7,4,38,14,53.245,N,78,2,34.885,W,453.3,782
OMK,17,PAPI-2L,39.9,3,48,28,7.048,N,119,31,1.324,W,1303.6,775
OMK,35,PAPI-2L,40,3,48,27,35.833,N,119,31,8.86,W,1299.5,686
OMN,9,PAPI-4L,48,3.4,29,18,4.631,N,81,7,3.947,W,27.9,803
OMN,17,PAPI-4L,50.9,3.5,29,18,11.263,N,81,6,50.843,W,26.5,810
OMN,27,PAPI-4L,47.4,3.4,29,18,9.184,N,81,6,36.697,W,23.8,746
OMN,35,PAPI-4L,36.7,3,29,17,50.014,N,81,6,46.225,W,25.5,709
ONA,12,PAPI-4L,42.4,3,44,4,56.437,N,91,43,6.104,W,656.1,809
ONA,30,PAPI-4L,49.8,3,44,4,39.772,N,91,42,25.04,W,656.2,951
ONL,13,PAPI-2L,40,3,42,28,22.24,N,98,41,29.55,W,2031.2,777
ONL,31,PAPI-2L,40,3,42,28,0.98,N,98,41,4.44,W,2031.3,771
ONO,15,PAPI-2L,40,3,44,1,25.664,N,117,0,55.542,W,2193.1,763
ONO,33,PAPI-2L,40.1,3,44,0,53.655,N,117,0,38.151,W,2189,760.988
ONP,16,PAPI-4L,50.7,3,44,35,1.318,N,124,3,32.995,W,142.6,1147.65
ONP,34,PAPI-4L,47.3,3,44,34,33.953,N,124,3,31.205,W,142.2,1176.2
ONT,,PAPI-4L,61.7,3,34,3,24.781,N,117,36,55.867,W,942.2,1215
ONT,,PAPI-4L,65,3,34,3,17.866,N,117,36,42.33,W,930.2,1354
ONT,,PAPI-4R,74,3,34,3,17.897,N,117,35,14.562,W,922.7,1461
ONT,,PAPI-4L,75,3,34,3,24.821,N,117,35,14.701,W,930.5,1472
ONX,5,PAPI-4R,43.2,3,36,23,44.001,N,76,1,9.207,W,13.9,802
ONX,23,PAPI-2L,40.6,3,36,24,15.98,N,76,0,41.503,W,15.3,752
ONY,17,VASI-2L,28.5,3,33,21,22.99,N,98,49,12.87,W,1275,550
ONY,35,VASI-2R,36.9,3,33,20,43.4,N,98,49,13.12,W,1269,550
ONZ,4,PAPI-4L,40,3.04,42,5,42.101,N,83,9,39.794,W,581.2,707
ONZ,17,PAPI-4L,26.3,3,42,6,6.49,N,83,9,58.56,W,580.3,514.7
ONZ,22,PAPI-4L,40,3.04,42,6,7.181,N,83,9,20.081,W,590.2,769
ONZ,35,PAPI-4L,20,3,42,5,39.2,N,83,9,49.95,W,577.8,400
OOA,13,PAPI-2L,22.4,3,41,13,40.06,N,92,29,51.94,W,837.1,480
OOA,31,PAPI-2L,22.2,3,41,13,18.84,N,92,29,23.39,W,835.7,470
OOK,16,PAPI-4L,37.3,4,60,32,39.028,N,165,5,14.981,W,67.5,561
OOK,34,PAPI-4R,30,3,60,32,17.276,N,165,5,12.599,W,55.2,427
OPF,,PAPI-4L,55.2,3,25,54,46.084,N,80,17,7.748,W,7.3,1049
OPF,,VASI-4L,26.4,3,25,53,56.8,N,80,17,1.13,W,6.3,500
OPF,12,PAPI-4L,52.5,3,25,54,28.792,N,80,17,2.858,W,8,1000
OPF,,PAPI-4L,51.8,3.5,25,53,58.359,N,80,16,28.707,W,6,843
OPF,,PAPI-4L,57.5,3,25,54,49.18,N,80,16,3.703,W,7.6,1097
OPF,30,PAPI-4L,52.4,3,25,54,7.893,N,80,16,25.643,W,8,1000
OPL,18,PAPI-2L,58,3.5,30,33,55.277,N,92,5,55.976,W,70.2,949
OPL,36,PAPI-2L,59.3,3.5,30,33,24.115,N,92,5,56.077,W,72.8,963
OPN,12,PAPI-2L,31.8,3.5,32,57,27.25,N,84,16,11.55,W,787,520
OPN,30,PAPI-2L,27,3,32,57,9.2,N,84,15,30.87,W,795.6,565
OQN,9,PAPI-2L,23,4.2,39,59,21.528,N,75,35,10.57,W,458,290
OQN,27,PAPI-2L,20,3,39,59,26.916,N,75,34,41.292,W,462.4,340
OQU,5,PAPI-4L,40,3,41,35,25.131,N,71,24,41.809,W,10.9,760
OQU,16,PAPI-4L,54.5,3,41,36,18.911,N,71,25,9.708,W,15.2,1100
OQU,23,PAPI-4R,40.2,3,41,35,45.419,N,71,24,23.252,W,10.1,749
OQU,34,PAPI-4L,55,3,41,35,39.658,N,71,24,33.098,W,11.3,1050
OQW,15,PAPI-2L,40.7,4,42,3,13.689,N,90,44,28.191,W,769.2,650
OQW,33,PAPI-2L,33.7,3,42,2,50.811,N,90,44,13.71,W,741.4,593
ORAA,,PAPI-4L,50,3,33,47,22.42,N,42,26,10.67,E,592.4,1010
ORAA,,PAPI-4L,50,3,33,46,51.08,N,42,24,34.45,E,615.6,1010
ORAA,,PAPI-4L,50,3,33,47,25.3,N,42,28,23.36,E,558.8,911
ORB,13,PAPI-4L,20,3,48,1,9.44,N,92,51,37.94,W,1310.7,350
ORB,31,PAPI-4L,20,3,48,0,45.52,N,92,51,6.01,W,1307.3,395
ORBD,12,PAPI-4L,62.3,3,33,56,36.99,N,44,20,41.67,E,155.2,1254.9
ORBD,14,PAPI-4R,62.3,3,33,57,14.77,N,44,21,28.21,E,159.4,1274
ORBD,30,PAPI-4R,62.3,3,33,55,45.16,N,44,22,8.34,E,158.4,1245.8
ORBD,32,PAPI-4L,62.3,3,33,56,1.78,N,44,22,28.03,E,160.7,1280.3
ORBI,,PAPI-2L,46.4,3.04,33,16,52.67,N,44,13,58.47,E,103,1061
ORBI,,PAPI-2L,74.2,3,33,15,54.7,N,44,13,9.05,E,114,1418.9
ORBI,,PAPI-2L,75.2,3,33,14,46.3,N,44,13,56,E,114,1430.3
ORD,,PAPI-4R,66.8,3,41,57,21.959,N,87,53,46.076,W,657.1,1349
ORD,,PAPI-4L,72,3,41,59,17.898,N,87,55,34.284,W,668.8,1463
ORD,,PAPI-4L,69.3,3,42,0,10.196,N,87,55,16.67,W,660.7,1462
ORD,,PAPI-4L,75.9,3,41,59,2.024,N,87,55,33.443,W,664.5,1526
ORD,,PAPI-4L,75,3,41,57,56.56,N,87,55,33.781,W,666.3,1488
ORD,,PAPI-4L,73.5,3,41,58,8.416,N,87,55,34.134,W,668.8,1464
ORD,,PAPI-4L,72.5,3,41,58,1.006,N,87,52,59.78,W,650.8,1448
ORD,,PAPI-4L,68.9,3,41,59,41.247,N,87,53,57.862,W,648.5,1297
ORD,,PAPI-4L,74.8,3,41,59,17.917,N,87,53,43.546,W,652.5,1419
ORD,,PAPI-4R,76.5,3,41,59,2.041,N,87,53,43.598,W,651.4,1438
ORD,,PAPI-4R,69.5,3,42,0,10.194,N,87,54,15.759,W,657.7,1439
ORD,,PAPI-4L,80.3,3,41,57,56.727,N,87,53,50.664,W,650.7,1522
ORD,,PAPI-4L,70,3,41,58,8.628,N,87,53,19.295,W,650.6,1350
ORE,1,PAPI-4L,44.9,3.4,42,33,48.385,N,72,17,24.966,W,553.6,805
ORF,5,PAPI-4L,71.4,3,36,53,27.124,N,76,12,12.471,W,23.7,1306
ORF,23,PAPI-4L,55,3,36,54,11.559,N,76,11,29.565,W,17.8,1008
ORG,4,PAPI-2L,21.9,3,30,3,47.89,N,93,48,25.3,W,10.1,420
ORG,22,PAPI-2L,21,3,30,4,22.23,N,93,47,49.55,W,10.1,400
ORH,11,PAPI-4R,55,3,42,16,1.689,N,71,53,12.853,W,979.6,1056
ORH,15,VASI-4L,41.5,3.6,42,16,17.133,N,71,52,36.891,W,1006.6,699
ORH,29,PAPI-4L,53.6,3,42,15,58.4,N,71,52,7.01,W,990.6,983
ORH,33,PAPI-4L,40,3,42,15,52.13,N,71,52,6.31,W,992.4,881
ORK,5,PAPI-2R,49,3,34,49,48.231,N,92,15,23.059,W,540.2,955
ORK,17,PAPI-2L,43.7,3,34,50,9.833,N,92,15,26.704,W,541,833
ORK,23,PAPI-2L,43.2,3,34,50,6.927,N,92,14,50.493,W,519.9,739
ORK,35,PAPI-2L,43.6,3,34,49,56.45,N,92,15,26.606,W,541,833.007
ORKK,13,PAPI-2L,83.7,3,35,28,33.91,N,44,20,17.34,E,1037.8,1506.2
ORKK,14,PAPI-2L,50.5,3,35,28,36.55,N,44,20,43.33,E,1056.2,913
ORKK,31,PAPI-2L,77.4,3,35,27,48.05,N,44,21,16.9,E,1059.2,1537.1
ORKK,31,PAPI-2L,77.4,3,35,27,48.05,N,44,21,16.9,E,1059.2,1537.1
ORKK,32,PAPI-2L,81.1,3,35,27,47.03,N,44,21,25.16,E,1061,1536.9
ORL,7,PAPI-4L,52.9,3,28,32,38.208,N,81,20,10.8,W,104.6,1028
ORL,13,PAPI-2L,44.3,3,28,32,50.363,N,81,20,21.683,W,104.6,821
ORL,25,PAPI-4R,46,3,28,32,54.322,N,81,19,28.421,W,111.7,861
ORL,31,PAPI-2L,41.4,3,28,32,31.459,N,81,19,56.919,W,106.6,884
ORMM,14,PAPI-2L,64.8,3,30,33,34.8,N,47,39,3.57,E,11,1216.8
ORMM,32,PAPI-2L,65.9,3,30,32,16.56,N,47,40,25.87,E,11,1237.8
ORS,16,PAPI-4R,35,3.48,48,42,38.66,N,122,54,38.098,W,11.6,574
ORS,34,PAPI-2L,42.1,4,48,42,21.911,N,122,54,38.186,W,32.8,629
ORT,6,PAPI-4L,39,3,62,57,35.98,N,141,56,18.77,W,1713,754
ORT,24,PAPI-4L,36,3,62,57,44.68,N,141,55,1.58,W,1713,668
ORTL,,PAPI-4L,49.8,3,30,56,36.22,N,46,4,43.24,E,19.9,944.1
ORTL,,PAPI-2L,49.8,3,30,56,20.05,N,46,4,38.72,E,19.8,951.8
ORTL,,PAPI-2L,56.7,3,30,55,42.51,N,46,5,59.07,E,19.5,1079.2
ORTL,,PAPI-4L,49.5,3,30,55,53.85,N,46,6,13.93,E,19.5,942.1
OSA,17,PAPI-4L,40.1,3,33,6,10.6,N,94,57,45.97,W,363.5,778
OSA,35,PAPI-4L,44.7,3,33,5,26.675,N,94,57,38.602,W,347.3,742
OSC,7,PAPI-4L,75,3,44,26,42.2031,N,83,24,31.3182,W,631.8,1432
OSC,25,PAPI-4L,71.8,3,44,27,29.271,N,83,22,45.5134,W,621.9,1334
OSH,9,PAPI-4L,50,3,43,59,29.801,N,88,34,5.553,W,793.7,1032
OSH,18,PAPI-4L,46.7,3,43,59,0.2,N,88,33,23.252,W,790.7,875
OSH,27,PAPI-4L,46.5,3,43,59,29.439,N,88,33,13.276,W,780.2,794
OSH,36,PAPI-4L,52.3,3,43,58,0.478,N,88,33,24.035,W,805.2,1079
OSU,,VASI-2L,26.5,3,40,4,57.979,N,83,4,37.033,W,902.2,546
OSU,,PAPI-4L,51,3,40,4,38.19,N,83,4,42.066,W,904.5,911
OSU,,PAPI-4L,27.5,3,40,4,39.998,N,83,3,56.013,W,890.5,508
OSU,,VASI-2L,30.7,3,40,4,58.936,N,83,4,12.577,W,893.7,544
OSX,14,PAPI-2L,37.5,3.5,33,5,37.69,N,89,32,45.25,W,486,750
OSX,32,PAPI-2L,49.4,3.5,33,5,12.17,N,89,32,17.3,W,473.1,750
OTBH,,PAPI-4L,78.3,3,25,7,44.703,N,51,18,35.22,E,126.6,1541
OTBH,,PAPI-4L,72.9,3,25,7,52.577,N,51,18,20.001,E,128.8,1448
OTBH,,PAPI-4L,69.1,3,25,6,25.23,N,51,18,58.673,E,117.6,1342
OTBH,,PAPI-4L,78.1,3,25,6,20.952,N,51,19,12.305,E,116.5,1646
OTG,11,PAPI-4L,42.1,3,43,39,24.16,N,95,34,57.52,W,1573.4,800
OTG,18,PAPI-4L,30,3,43,39,35.95,N,95,35,0.49,W,1572.3,587
OTG,29,PAPI-4L,43,3,43,39,8.13,N,95,34,9.6,W,1566.2,820.5
OTG,36,PAPI-4L,30,3,43,39,5.96,N,95,35,0.49,W,1573.8,576
OTH,5,PAPI-4R,50.6,3,43,24,57.871,N,124,15,26.321,W,14.3,1001.7
OTH,31,PAPI-4L,50,4,43,24,39.73,N,124,14,20.99,W,17.1,750
OTM,4,PAPI-2L,40,3,41,6,24.118,N,92,26,58.055,W,841.2,774
OTM,13,PAPI-4L,40,3,41,6,35,N,92,27,15.088,W,840.6,749
OTM,22,PAPI-2L,41,3,41,6,46.149,N,92,26,28.945,W,837,674
OTZ,9,PAPI-4R,43.2,3,66,53,19.926,N,162,36,8.699,W,13.4,818
OTZ,27,PAPI-4L,46.1,3.3,66,53,11.454,N,162,34,25.484,W,11.5,871
OUN,3,PAPI-4L,40,3,35,14,16.69,N,97,28,27.24,W,1175,792
OUN,18,PAPI-4L,55.3,3,35,15,12.8,N,97,28,23.14,W,1181.9,1050
OUN,21,PAPI-4L,40,3,35,14,41.72,N,97,28,4.89,W,1177.5,819
OUN,36,PAPI-4L,40,3,35,14,39.63,N,97,28,22.9,W,1177.8,795
OVE,2,PAPI-2L,43.8,3,39,28,51.301,N,121,37,48.276,W,178.7,898
OVE,13,PAPI-2L,39.4,3,39,29,36.584,N,121,37,2.082,W,192.4,772
OVE,20,PAPI-2L,39.7,3,39,29,25.766,N,121,37,19.419,W,174.4,965
OVE,31,PAPI-2L,29.1,3,39,29,18.763,N,121,36,45.227,W,177.5,532
OVL,11,PAPI-2L,25,3,44,46,48.9381,N,95,2,13.9101,W,1074.6,451
OVL,29,PAPI-2L,25,3,44,46,36.8524,N,95,1,42.0903,W,1078.2,449
OVO,5,PAPI-2L,34.2,3,39,2,29.38,N,85,36,31.72,W,756.9,653
OVO,23,PAPI-2L,26.6,3,39,2,54.98,N,85,35,55.59,W,755,499
OVO,33,PAPI-2L,26.8,3.5,39,2,37.77,N,85,36,25.59,W,756.8,438.8
OVS,7,PAPI-2L,37.6,3,43,9,40.1587,N,90,40,35.6479,W,668.5,709
OVS,25,PAPI-2L,42.1,3,43,9,53.569,N,90,39,52.2968,W,670.2,801
OWA,5,PAPI-4L,23.9,3,44,7,13.28,N,93,15,30.41,W,1135.1,500
OWA,12,PAPI-4L,40,3,44,7,35.67,N,93,16,1.78,W,1110.4,677.1
OWA,23,PAPI-4L,22.8,3,44,7,26.05,N,93,15,9.52,W,1135.2,500
OWA,30,PAPI-4L,50,3,44,7,15.18,N,93,15,19.6,W,1137.2,1112.6
OWB,18,PAPI-4L,52.5,3,37,44,46.218,N,87,10,3.463,W,407.4,1000
OWB,36,PAPI-4L,56.4,3,37,43,47.2,N,87,10,0.51,W,399.6,1025
OWD,10,PAPI-4R,25,4,42,11,31.889,N,71,10,24.711,W,47.3,362
OWD,17,PAPI-4R,40,3,42,11,30.622,N,71,10,35.883,W,48.1,786
OWD,35,PAPI-4L,40,3,42,11,8.716,N,71,10,22.001,W,46.8,770
OWI,17,PAPI-2L,26.2,3.25,38,32,39.21,N,95,15,8.69,W,961.4,518
OWI,35,PAPI-2L,27.7,3.25,38,32,4.96,N,95,15,8.54,W,962.8,516
OWK,15,PAPI-2L,43.3,3,44,43,7.967,N,69,52,9.098,W,268.8,737.012
OWP,17,PAPI-4L,31.4,3,36,10,53.671,N,96,9,8.873,W,889.2,599
OWP,35,PAPI-4L,33.3,3,36,10,8.333,N,96,9,4.37,W,892.1,600
OWX,9,PAPI-2L,41.3,3,41,2,8.07,N,83,59,13.674,W,754.8,806
OWX,27,PAPI-2L,43.6,3,41,2,8.211,N,83,58,36.482,W,762.1,846
OXB,2,PAPI-2L,40.3,3,38,18,30.54,N,75,7,38.161,W,9.6,753.188
OXB,14,PAPI-2L,48.3,4,38,18,45.527,N,75,7,30.508,W,11.2,757
OXB,20,PAPI-2L,41.8,4,38,18,48.62,N,75,7,34.058,W,11.4,593.39
OXB,32,PAPI-4L,35,3,38,18,27.626,N,75,7,6.251,W,11.2,668
OXC,18,PAPI-4L,47,3,41,29,0.3,N,73,8,10.653,W,726.9,1004
OXC,36,PAPI-4L,56,3,41,28,26.87,N,73,8,3.43,W,695.9,868
OXD,5,PAPI-2L,26.2,3,39,29,59.5971,N,84,47,15.0181,W,1040.6,501
OXD,23,PAPI-2L,28.4,3,39,30,18.542,N,84,46,50.0652,W,1036.5,501
OXI,18,PAPI-2L,26.5,3,41,20,6.302,N,86,39,44.092,W,683.3,497
OXI,36,PAPI-2L,40,3,41,19,29.626,N,86,39,44.064,W,684.2,793
OXR,7,PAPI-4R,40,3,34,12,3.105,N,119,12,52.531,W,34.3,749
OXR,25,PAPI-4L,59,3,34,12,2.783,N,119,12,9.962,W,40.6,1175
OXV,15,PAPI-2L,32.3,3,41,18,9.379,N,93,6,56.98,W,924.7,600
OXV,33,PAPI-2L,32.2,3,41,17,44.137,N,93,6,41.978,W,928.1,602
OYM,10,PAPI-4L,40.9,3,41,24,44.94,N,78,30,23.64,W,1887.1,1073.3
OYM,28,PAPI-4L,39.3,3,41,24,44.95,N,78,29,56.69,W,1912.6,1172.7
OZA,16,PAPI-4L,39.3,3,30,44,28.49,N,101,12,13.33,W,2374.8,750
OZA,34,PAPI-4L,35.4,3,30,43,44.22,N,101,12,2.21,W,2356.3,675
OZR,6,PAPI-4L,54.3,2.7,31,16,19.85,N,85,43,1.576,W,296,1168
OZS,15,PAPI-4L,42.3,3,37,58,37.102,N,92,41,34.668,W,1053.2,793
OZS,33,PAPI-4L,41.9,3,37,58,5.263,N,92,41,15.907,W,1057.5,655
OZW,13,PAPI-4L,47,3,42,37,54.58,N,83,59,11.23,W,953.5,1059
OZW,31,PAPI-4L,30,3,42,37,34.67,N,83,58,35.9,W,940.8,621
OZW,31,PAPI-4L,30,3,42,37,34.67,N,83,58,35.9,W,940.8,621
P08,5,PAPI-2L,48.6,3,32,56,5.349,N,111,25,58.72,W,1553,860
P08,23,PAPI-2L,49.3,3,32,56,23.437,N,111,25,21.206,W,1571.9,1021
P13,9,PAPI-2L,44.8,3,33,21,15.653,N,110,40,27.006,W,3246.6,1125
P13,27,PAPI-2L,43.1,3,33,21,6.187,N,110,39,33.242,W,3186.9,714
P19,17,PAPI-2L,38.7,3.25,33,18,6.914,N,111,54,56.826,W,1177.5,696
P19,35,PAPI-2R,39.7,3.25,33,17,43.955,N,111,54,56.846,W,1174.8,685
P20,2,PAPI-4L,40.1,3,34,8,38.62,N,114,16,16.52,W,454.7,787
P20,20,PAPI-4L,40.2,3,34,9,19.99,N,114,15,52,W,457.3,801
P33,3,PAPI-4L,42.3,3,32,14,27.721,N,109,53,59.331,W,4182.6,788
P33,21,PAPI-4L,43,3,32,14,59.142,N,109,53,22.097,W,4186,799
P52,14,PAPI-2L,40,3,34,44,2.06,N,112,2,14.116,W,3528.3,586
P52,32,PAPI-2L,41.4,3.6,34,43,36.038,N,112,1,59.804,W,3552.5,774
PA0077,4,PVASI-2L,40,3,70,34,16.95,N,155,20,1.09,W,16.6,763
PA0077,22,PVASI-2L,40,3,70,34,34.71,N,155,18,33.38,W,16.6,763
PAE,,PAPI-2L,24.1,3.25,47,54,19.103,N,122,16,18.049,W,603.7,408
PAE,,PAPI-4L,74.5,3,47,54,1.334,N,122,17,7.389,W,581.1,1361
PAE,,PAPI-2L,21.6,3,47,53,57.309,N,122,16,17.807,W,601,387
PAH,23,PAPI-4L,50.3,3,37,3,53.008,N,88,46,5.063,W,387.8,837
PAH,32,PAPI-4L,40,3,37,3,24.239,N,88,46,3.846,W,405.3,844
PAM,,PAPI-4L,49.5,2.5,30,4,39.958,N,85,34,54.28,W,11.5,1183
PAM,,PAPI-4L,35.7,2.5,30,4,33.147,N,85,35,11.002,W,13.5,815
PAM,,PAPI-4L,41.4,2.5,30,3,41.964,N,85,34,11.072,W,16.2,939
PAM,,PAPI-4L,49.8,2.5,30,3,46.71,N,85,33,51.908,W,13.7,1145
PAN,6,PAPI-2R,33.8,3,34,15,19.428,N,111,20,46.312,W,5145,589
PAN,24,PAPI-2L,39.5,3,34,15,29.136,N,111,19,59.483,W,5154.6,862
PAO,13,PAPI-2L,29,4,37,27,46.137,N,122,7,0.219,W,4.7,434
PAO,31,PAPI-2L,29,4,37,27,34.224,N,122,6,48.401,W,4.4,471
PAQ,10,PAPI-2L,26.5,3,61,35,39.93,N,149,5,52.43,W,232.6,520
PAQ,16,PAPI-4L,42.9,3,61,36,0.685,N,149,5,14.918,W,242.9,888
PAQ,28,PAPI-2L,26.3,3,61,35,29.77,N,149,5,2.924,W,228.3,488
PAQ,34,PAPI-4L,52,3,61,35,24.148,N,149,5,14.69,W,225.3,907
PBF,18,VASI-4L,52,3,34,10,48.03,N,91,56,8.26,W,205.7,1000
PBF,36,VASI-4L,52,3,34,10,8.47,N,91,56,8.09,W,202,1000
PBG,17,PAPI-4L,40,3,44,39,48.269,N,73,28,31.332,W,226.6,957.042
PBG,35,PAPI-4L,55,3,44,38,19.089,N,73,27,39.512,W,164.2,1023.9
PBH,1,PAPI-2L,43.3,3,45,42,22.9,N,90,24,11.199,W,1468.4,762
PBH,6,VASI-2L,66,4,45,42,14.449,N,90,24,22.825,W,1465.4,944
PBH,19,PAPI-2L,44.6,3,45,42,57.547,N,90,24,5.108,W,1493.8,922
PBH,24,VASI-2L,45.4,3,45,42,25.252,N,90,23,57.188,W,1470.7,884
PBV,11,PAPI-4L,56,3.6,56,34,45.35,N,169,40,12.63,W,117.4,1016
PBX,9,PAPI-4L,34.5,3,37,33,37.6475,N,82,34,33.6067,W,1449.9,602
PBX,27,PAPI-4L,47.4,3,37,33,39.2893,N,82,33,55.2489,W,1460,961
PCD,2,PAPI-4L,42.3,3,37,51,46.545,N,89,51,51.797,W,369.1,794
PCD,20,PAPI-4L,42,3,37,52,32.872,N,89,51,33.639,W,372.1,782
PCM,10,PAPI-2L,20.4,3,28,0,1.573,N,82,10,3.472,W,152.4,378
PCM,28,PAPI-2L,36.1,3,27,59,59.559,N,82,9,32.632,W,142.6,600
PCW,9,PAPI-4L,40,3,41,30,58.612,N,82,52,44.688,W,590,715
PCW,27,PAPI-4L,40,3,41,31,3.693,N,82,51,52.61,W,587.9,735
PCZ,10,PAPI-2L,40,3,44,19,59.63,N,89,1,47.05,W,835.4,828
PCZ,13,PAPI-4L,43.4,4,44,20,8.415,N,89,1,10.65,W,824.5,650
PCZ,28,PAPI-2L,40,3,44,19,57.41,N,89,0,55.83,W,809.7,642
PCZ,31,PAPI-2L,38,3,44,19,54.66,N,89,0,42.03,W,801.9,745
PDC,14,PAPI-2L,27.7,3,43,1,17.23,N,91,7,40.17,W,652.2,500
PDC,32,PAPI-2L,39.5,4,43,0,47.27,N,91,7,5.92,W,651.5,540
PDK,,PAPI-2L,33.6,3,33,52,13.229,N,84,18,17.88,W,993.7,543
PDK,,VASI-4L,26.6,3,33,52,11.848,N,84,18,12.165,W,994.3,531
PDK,16,VASI-4L,28.6,3.4,33,52,51.79,N,84,18,16.847,W,988.7,640
PDK,,PAPI-2R,54.7,3,33,52,44.009,N,84,17,57.745,W,985.4,994
PDK,,PAPI-2L,36.3,3,33,52,37.814,N,84,18,6.854,W,984.1,549
PDK,34,VASI-4L,36.5,3.3,33,52,27.314,N,84,18,4.628,W,990.3,648
PDT,8,VASI-4R,34.5,3,45,41,43.24,N,118,51,0.67,W,1477.7,814
PDT,11,PAPI-4L,46.1,3,45,41,48.714,N,118,51,0.962,W,1472.4,1153
PDT,26,PAPI-4L,47.7,3,45,41,43.355,N,118,49,56.129,W,1486.8,905
PDT,29,PAPI-4R,48.2,3,45,41,33.334,N,118,50,32.988,W,1483,1131
PDX,3,PAPI-4L,59.7,3.3,45,35,3.97,N,122,36,50.22,W,22,1037
PDX,,PAPI-4L,51,3,45,35,36.73,N,122,35,32.51,W,30,950
PDX,,PAPI-4R,71,3,45,35,36.07,N,122,37,0.71,W,22.7,1349
PDX,21,PAPI-4R,31.5,3.6,45,35,35.04,N,122,36,5.93,W,25.7,511
PDX,,PAPI-4L,72.3,3,45,34,56.46,N,122,35,19,W,22.7,1379
PDX,,PAPI-4R,69.6,3,45,35,9.45,N,122,34,22.55,W,29.2,1359
PEA,16,PAPI-2L,26,3.3,41,24,22.72,N,92,56,50.51,W,878.6,600
PEA,34,PAPI-2L,45.6,3,41,23,48,N,92,56,40.26,W,873.8,800
PEO,1,PAPI-2L,27.9,3,42,37,39.929,N,77,3,6.209,W,979.4,692
PEO,10,PAPI-2L,40,3,42,38,33.859,N,77,3,25.869,W,867.9,555
PEO,19,PAPI-2L,40.2,3,42,38,21.89,N,77,3,9.281,W,927.2,552
PEO,28,PAPI-2R,42.8,3.5,42,38,34.213,N,77,3,6.793,W,892,835
PEQ,14,PAPI-2L,40,3,31,23,23.2,N,103,30,56.42,W,2608.2,769.9
PEQ,32,PAPI-2L,40,3,31,22,44.44,N,103,30,26.19,W,2605.1,752.4
PEV,2,PAPI-4L,28,3.4,55,54,14.49,N,159,9,51.19,W,25.1,444
PEX,11,PAPI-4L,42,3,45,22,21.58,N,94,44,51.71,W,1179.9,857
PEX,29,PAPI-4L,45,3,45,22,17.4,N,94,44,30.91,W,1180.5,901
PGA,15,VASI-4L,52,3,36,55,49.159,N,111,26,56.475,W,4249.4,923
PGA,33,VASI-4L,30,3,36,55,8.703,N,111,26,47.696,W,4301.6,872
PGD,4,PAPI-4L,49.9,3,26,54,44.901,N,81,59,26.589,W,23.2,954
PGD,15,PAPI-4L,47.3,3,26,55,15.368,N,81,59,50.523,W,20.1,888
PGD,22,PAPI-4L,30.8,3,26,55,33.66,N,81,58,56.225,W,24.8,600
PGD,33,PAPI-4L,47.6,3,26,54,39.431,N,81,59,26.596,W,23.4,901
PGR,4,PAPI-2L,18.3,3,36,3,36.81,N,90,30,40.44,W,289.7,350
PGR,22,PAPI-2L,59.3,4,36,3,54.97,N,90,30,16.95,W,284.8,850
PGV,2,PAPI-4L,41.4,3.1,35,37,43.245,N,77,23,7.235,W,20.8,762
PGV,8,PAPI-4L,53.4,4,35,38,2.027,N,77,23,21.33,W,24,764
PGV,20,PAPI-4L,50,3,35,38,33.913,N,77,22,58.986,W,25.3,974
PGV,26,PAPI-4L,40,3,35,38,15.537,N,77,22,42.844,W,22.7,775
PHD,15,PAPI-4R,31.5,4,40,28,24.21,N,81,25,21.18,W,891.9,450
PHD,33,PAPI-4L,54.2,4,40,28,6.08,N,81,25,0.76,W,887.8,750
PHF,2,PAPI-4L,53,3,37,7,37.53,N,76,29,55.11,W,37.8,995
PHF,20,PAPI-4L,42.9,3,37,8,22.81,N,76,29,42.26,W,41,835
PHF,25,PAPI-4R,70.8,3,37,8,5.103,N,76,28,55.367,W,39.7,1342
PHG,13,PAPI-2L,39.7,3,39,44,20.969,N,99,19,13.64,W,1905.8,841
PHG,31,PAPI-2L,43.1,3,39,43,53.779,N,99,18,46.854,W,1886.4,803
PHH,18,PAPI-2L,38.2,3,33,27,14.31,N,79,31,35.55,W,20.3,665
PHH,36,PAPI-2L,34.2,3,33,26,57.93,N,79,31,32.93,W,25.3,665
PHK,18,PAPI-2L,43.8,3,26,47,17.179,N,80,41,37.461,W,15.9,834.987
PHK,36,PAPI-2L,43.8,3,26,46,54.599,N,80,41,34.632,W,15.5,835.02
PHL,,PAPI-4R,71.9,3,39,51,42.391,N,75,16,13.302,W,18.7,1402
PHL,17,PAPI-4L,50,3,39,53,6.729,N,75,14,5.534,W,8.9,958
PHL,26,PAPI-4R,50,3.15,39,52,51.702,N,75,12,59.411,W,27.6,1084
PHL,,PAPI-4L,73.1,3,39,52,0.438,N,75,14,42.904,W,9.8,1404
PHL,,PAPI-4L,80.7,3,39,52,26.975,N,75,13,41.576,W,10.3,1542
PHL,35,PAPI-4L,51.9,3.15,39,52,24.808,N,75,13,44.714,W,9.8,1000
PHN,4,PAPI-4L,50,3,42,54,23.921,N,82,31,59.941,W,643,909
PHN,10,PAPI-4L,26.4,3,42,54,43.763,N,82,31,59.986,W,643.6,504
PHN,22,PAPI-4L,45,3,42,54,50.175,N,82,31,33.847,W,646.4,903
PHN,28,PAPI-4L,32.7,3.5,42,54,41.358,N,82,31,20.326,W,648.8,534
PHO,3,PAPI-4R,24.9,3,68,20,41.085,N,166,48,20.536,W,19.4,476
PHO,21,PAPI-4L,24.5,3,68,21,5.578,N,166,47,32.918,W,19.8,459
PHP,12,PAPI-2L,30.6,3,44,3,0.88,N,101,36,14.31,W,2206,615
PHP,30,PAPI-2L,27.3,3,44,2,43.07,N,101,35,42.92,W,2195.2,465
PHT,2,PAPI-4L,26.3,3,36,19,50.44,N,88,23,10.88,W,576.1,502
PHT,20,PAPI-4L,21,3,36,20,29.34,N,88,22,56.75,W,568.7,401
PHX,,PAPI-4L,73,3,33,25,51.7996,N,112,1,21.6654,W,1112.5,1348
PHX,,PAPI-4L,70.3,3,33,25,43.8839,N,112,1,21.7332,W,1112.3,1342
PHX,8,PAPI-4L,69.1,3,33,26,27.0765,N,112,1,21.0918,W,1114.4,1319
PHX,,PAPI-4L,66.3,3,33,25,43.8459,N,112,0,20.4631,W,1124.3,1265
PHX,,PAPI-4L,70,3,33,25,51.7412,N,111,59,52.5885,W,1130.4,1402
PHX,26,PAPI-4L,70.6,3,33,26,26.9827,N,111,59,47.9756,W,1132.9,1380
PIA,4,PAPI-4R,53.5,3,40,39,22.421,N,89,41,32.706,W,642.6,1023
PIA,13,PAPI-4R,56.5,3,40,40,15.141,N,89,42,31.831,W,623.6,1235
PIA,22,PAPI-4L,44.9,3,40,40,10.296,N,89,40,42.451,W,660.7,778
PIB,18,PAPI-4L,58.2,3,31,28,22.443,N,89,20,13.433,W,297,1158
PIB,36,PAPI-4L,43.7,3,31,27,37.983,N,89,20,13.377,W,294.2,852
PIE,4,PAPI-4L,57.2,3,27,54,7.557,N,82,41,13.753,W,10.1,1102
PIE,18,PAPI-4L,68.4,3,27,55,11.55,N,82,41,24.345,W,6.8,1302
PIE,22,PAPI-4L,45.3,3,27,54,38.429,N,82,40,44.874,W,6.2,844
PIE,36,PAPI-4L,76,3,27,54,12.362,N,82,41,14.161,W,9.8,1451
PIH,3,PAPI-4L,53.3,3,42,54,13.226,N,112,35,53.185,W,4442.4,1013
PIH,17,PAPI-4L,45,3,42,54,58.228,N,112,36,17.656,W,4448.1,922
PIH,21,PAPI-4L,51.5,3,42,55,2.807,N,112,34,45.799,W,4451.8,949
PIH,35,PAPI-4L,45,3,42,54,5.922,N,112,36,17.598,W,4442.7,931
PIL,13,PAPI-2L,27.2,2,26,10,17.67,N,97,20,53.89,W,15.9,725
PIL,31,PAPI-2L,40.9,3,26,9,32.3,N,97,20,3.34,W,19,780
PIM,9,PAPI-4L,27,3,32,50,25.962,N,84,53,20.037,W,902,515
PIM,27,PAPI-4L,39.6,3,32,50,27.005,N,84,52,35.896,W,902,719
PIR,7,PAPI-4L,50.6,3,44,23,11.192,N,100,17,41.773,W,1732.9,1178
PIR,13,PAPI-4L,52,3,44,22,57.585,N,100,17,28.587,W,1727.9,1048
PIR,25,PAPI-4L,56.8,3,44,23,21.696,N,100,16,37.473,W,1711.5,912
PIR,31,PAPI-4L,54.9,3,44,22,20.907,N,100,16,46.652,W,1717.7,1048
PIT,,PAPI-4L,50,3,40,29,23.19,N,80,14,33.14,W,1139.8,1036
PIT,,PAPI-4L,83.4,3,40,30,7.87,N,80,15,55.69,W,1203,1591
PIT,,PAPI-4L,71.3,3,40,29,11.76,N,80,14,49.27,W,1134.8,1360
PIT,14,PAPI-4L,66.5,3,40,29,36.57,N,80,13,18.19,W,1147.7,1269.3
PIT,,PAPI-4L,42.9,3,40,29,20.57,N,80,12,53.12,W,1129.9,940
PIT,,PAPI-4L,70,3,40,29,8.78,N,80,12,55.58,W,1125.2,1350
PIT,,PAPI-4L,71,3,40,30,5.39,N,80,14,20.19,W,1164.5,1530
PIT,32,PAPI-4L,72,3,40,28,59.38,N,80,12,31.8,W,1122.7,1300
PIZ,6,PAPI-4L,35,3,69,43,52.72,N,163,1,0.83,W,28.5,676
PIZ,24,PAPI-4L,35,3,69,44,4.04,N,162,59,37.28,W,17.8,663
PJC,35,PAPI-2L,49.5,3.48,40,47,54.255,N,80,9,34.646,W,898,882
PJY,18,PAPI-2L,44,3,37,58,50.669,N,89,21,37.294,W,394.11,959.3
PJY,36,PAPI-2L,43.5,3,37,58,28.837,N,89,21,37.923,W,393.96,830.5
PKB,3,PAPI-4L,49,3,39,20,20.298,N,81,26,34.162,W,810.2,795
PKB,10,PAPI-2L,45.7,3,39,20,34.941,N,81,26,36.036,W,826.1,960.115
PKB,21,PAPI-4R,56,3,39,21,4.747,N,81,26,11.031,W,853,1134.6
PKB,28,PAPI-2L,43.2,3,39,20,33.174,N,81,26,10.033,W,829.6,991.019
PKD,13,PAPI-4L,47.7,3,46,54,17.52,N,95,4,42.3,W,1441.4,954
PKD,18,PAPI-4L,40,3,46,54,12.178,N,95,4,21.824,W,1438,851
PKD,31,PAPI-4L,47.6,3,46,53,52.42,N,95,4,5.75,W,1440.1,950
PKD,36,PAPI-4R,40,3,46,53,53.98,N,95,4,21.819,W,1441.8,805
PKF,18,PAPI-2L,37.9,3.75,45,57,28.09,N,90,25,27.12,W,1494.6,608.9
PKF,36,PAPI-2L,27.2,3,45,57,7.979,N,90,25,28.861,W,1499.3,550
PKV,14,PAPI-2L,45.2,3,28,39,27.703,N,96,41,3.434,W,29.9,863
PKV,32,PAPI-2L,45.1,3,28,39,1.284,N,96,40,42.025,W,28.5,860.995
PLD,9,PAPI-2L,26.1,3,40,27,4.911,N,84,59,59.752,W,909.1,466
PLD,27,PAPI-2L,26.1,3,40,27,6.003,N,84,59,1.107,W,923.6,504
PLK,30,VASI-4R,52,3,36,37,30.618,N,93,13,37.859,W,931,979
PLN,5,VASI-4R,48.3,3,45,34,8.933,N,84,48,1.064,W,712,901
PLN,14,PAPI-4L,49,3,45,34,25.815,N,84,48,14.807,W,714.8,1003
PLN,23,VASI-4L,44.8,3,45,34,34.614,N,84,47,24.881,W,718.8,840
PLR,3,PAPI-4L,46.3,3,33,33,18.72,N,86,15,2.9,W,483,879
PLR,21,PAPI-4L,53.4,3,33,33,45.36,N,86,14,49.94,W,481.5,1020
PLU,17,PAPI-4L,53,4,47,6,24.886,N,122,17,13.749,W,537.5,733.697
PLU,35,PAPI-4R,53,4,47,6,2.868,N,122,17,14.094,W,537.3,685.163
PMB,15,PAPI-2L,25.7,3,48,56,46.33,N,97,14,33.57,W,795.1,500
PMB,33,PAPI-2L,25.8,3,48,56,20.17,N,97,14,19.93,W,794.9,500
PMD,4,PAPI-4L,75,3,34,37,10.71,N,118,5,14.637,W,2535.3,1613
PMD,7,PAPI-4L,78.3,3,34,37,51.153,N,118,6,28.057,W,2535.2,1589
PMD,22,PAPI-4L,75,3,34,38,5.901,N,118,3,49.786,W,2496.5,1363
PMD,25,PAPI-4L,76.1,3,34,37,57.1,N,118,4,39.982,W,2503.5,1360
PMH,18,PAPI-4L,26.8,3,38,50,45.702,N,82,50,51.304,W,661.6,475
PMH,36,PAPI-4L,30.2,3,38,50,6.385,N,82,50,49.359,W,656.5,545
PMP,6,PAPI-2L,45.1,3.75,26,14,42.527,N,80,6,53.416,W,18.2,705
PMP,10,PAPI-2L,41.9,3.75,26,14,44.521,N,80,6,52.683,W,17.2,655
PMP,15,PAPI-4L,38.9,3,26,15,5.707,N,80,6,46.591,W,15.6,764
PMP,24,PAPI-2L,48.6,3.5,26,14,57.732,N,80,6,31.312,W,14.6,764
PMP,28,PAPI-2L,52.8,3.9,26,14,41.782,N,80,6,30.017,W,12.2,765
PMP,33,PAPI-4L,53.1,3,26,14,47.335,N,80,6,31.039,W,14.4,980
PMU,1,PAPI-2L,42.2,4,34,21,35.716,N,89,53,37.027,W,221.7,589
PMU,19,PAPI-2L,44.8,4,34,22,7.236,N,89,53,30.492,W,221.7,589
PMV,16,PAPI-2L,39.3,3,40,57,13.91,N,95,55,8.2,W,1190.9,700
PMV,34,PAPI-2L,29,3,40,56,33.38,N,95,54,56.47,W,1201.8,600
PMZ,3,PAPI-2L,29.7,4,35,48,16.869,N,76,45,38.568,W,36.1,425
PMZ,21,PAPI-2L,28,4,35,49,0.984,N,76,45,21.603,W,34.8,400
PNA,11,PAPI-4L,40,2.83,42,48,14.93,N,109,49,29.44,W,7094,855
PNA,29,PAPI-4L,39.9,2.83,42,47,26.33,N,109,47,50.03,W,7071.7,760
PNC,17,PAPI-4L,52.1,3,36,44,21.549,N,97,5,59.429,W,997.6,919
PNC,35,PAPI-4L,46.2,3,36,43,28.158,N,97,5,59.001,W,1008.6,882
PNE,6,PAPI-4L,56.1,3,40,4,49.465,N,75,0,57.615,W,115,1094
PNE,15,PAPI-4L,39.1,3,40,4,57.11,N,75,0,49.148,W,112.7,939
PNE,24,PAPI-4R,53.1,3,40,5,18.337,N,75,0,15.262,W,114.3,1006
PNE,33,PAPI-4L,39,3,40,4,33.143,N,75,0,23.605,W,102.2,926
PNI,9,PAPI-4L,50.8,3,6,59,6.445,N,158,12,12.111,E,8.4,963
PNI,27,PAPI-4L,50,3,6,59,6.228,N,158,12,58.595,E,8.6,956
PNM,16,PAPI-4L,43.4,3,45,33,45.79,N,93,36,35.524,W,979.9,828
PNM,34,PAPI-4R,43.4,3,45,33,25.176,N,93,36,23.597,W,979.6,818
PNN,15,PAPI-4L,44.1,3.5,45,12,10.048,N,67,34,17.027,W,264.4,704
PNS,8,PAPI-4L,55,3,30,28,19.061,N,87,11,33.046,W,93.7,1103
PNS,17,PAPI-4L,47.3,3,30,28,48.983,N,87,11,23.83,W,116.9,984
PNS,26,PAPI-4L,55,3,30,28,28.894,N,87,10,39.329,W,110.8,1092
PNS,35,PAPI-4L,54.7,3,30,28,2.379,N,87,11,11.4,W,95.2,1187.05
PNT,6,PAPI-4L,40,3,40,55,19.09,N,88,37,45.445,W,650.5,770.9
PNT,24,PAPI-4L,35,3,40,55,36.689,N,88,37,7.63,W,660,823.8
POB,5,PAPI-4L,54.1,3,35,9,55.503,N,79,1,13.376,W,214.4,1093.014
POB,23,PAPI-4L,54,3,35,10,35.788,N,79,0,30.04,W,193.7,972.989
POC,,PAPI-4L,34.3,3.76,34,5,29.92,N,117,47,20.48,W,970,450
POC,,PAPI-4L,18.4,3.76,34,5,28.06,N,117,46,40.34,W,1002,320
POE,16,PAPI-4R,44,3,31,2,51.561,N,93,11,34.183,W,322.9,751
POE,34,PAPI-4L,45.3,3,31,2,29.092,N,93,11,24.906,W,290,660
POF,18,PAPI-4L,30,3,36,46,45.846,N,90,19,28.88,W,330.7,513
POF,36,VASI-4L,40,3,36,46,11.821,N,90,19,29.899,W,328.6,763
POH,12,PAPI-2L,40,3,42,44,39.67,N,94,39,5.57,W,1220.4,948.5
POH,30,PAPI-2L,40,3,42,44,27.7,N,94,38,39.02,W,1221.6,828.5
POU,6,PAPI-4L,57.3,3,41,37,25.178,N,73,53,20.962,W,152.3,1004
POU,24,PAPI-4L,57,3.42,41,37,43.782,N,73,52,50.585,W,157,904
POU,33,VASI-4L,63.9,3.75,41,37,36.31,N,73,52,51.917,W,154.9,1060
POV,27,PAPI-4L,43.4,3,41,12,37.502,N,81,14,52.829,W,1196.7,751
POY,13,PAPI-2L,38,3,44,52,28.925,N,108,47,52.458,W,5006.3,580
POY,31,PAPI-2L,39.3,3,44,51,51.65,N,108,47,15.402,W,5083.3,995
PPA,17,PAPI-2L,45,3,35,36,58.15,N,100,59,37.775,W,3239.3,852
PPA,35,PAPI-2L,45,3,35,36,17.044,N,100,59,37.795,W,3241.4,853
PPC,1,PAPI-2L,39,3,66,48,35.54,N,150,39,1.07,W,1093.8,680
PPC,19,PAPI-2L,40,3,66,49,5.1,N,150,38,13.64,W,1089.9,734
PPF,17,VASI-4L,35,3,37,20,7.896,N,95,30,22.365,W,892.7,784
PPF,35,VASI-4L,39,3,37,19,33.625,N,95,30,22.092,W,865.2,750
PPG,5,PAPI-4L,56.8,3.25,14,20,15.952,S,170,43,13.18,W,30,1000
PPG,23,PAPI-4L,75.2,3,14,19,47.546,S,170,42,22.4,W,8.1,1453
PPO,2,PAPI-2L,23.7,3,41,34,0.822,N,86,44,13.162,W,797.9,524
PPO,20,PAPI-2L,26.5,3.45,41,34,37.72,N,86,43,55.176,W,808.2,499
PPO,32,PAPI-2L,32.5,3.5,41,34,19.159,N,86,43,58.016,W,801.8,512
PQI,19,PAPI-4L,50,3.7,46,41,53.866,N,68,3,6.9,W,518.8,1009
PQI,28,PAPI-4L,45,3,46,41,15.699,N,68,1,53.237,W,465.3,976
PQL,17,PAPI-4L,50.2,3,30,28,8.032,N,88,31,51.547,W,15.9,955
PQL,35,PAPI-4L,40,3,30,27,22.111,N,88,31,38.379,W,16.7,766
PQN,18,PAPI-4L,27.3,3,43,59,7.9727,N,96,17,58.9222,W,1736.2,496
PQN,36,PAPI-4L,27.1,3,43,58,34.9488,N,96,18,1.8608,W,1729,459
PRB,19,PAPI-4L,37,3,35,40,44.49,N,120,37,36.95,W,807,650
PRB,31,PAPI-4L,38,3,35,40,7.89,N,120,37,9.53,W,832,800
PRC,,PAPI-2L,40.1,3,34,39,35.816,N,112,25,0.384,W,4964.9,864
PRC,,PAPI-4L,44.7,4.1,34,38,55.803,N,112,25,31.748,W,5011.8,769
PRC,12,PAPI-2L,51.7,4.24,34,39,2.845,N,112,25,32.638,W,5006.1,827
PRC,,PAPI-4L,54.9,3,34,39,36.852,N,112,24,48.138,W,4963.5,946
PRC,,PAPI-2L,39.9,3,34,39,54.612,N,112,24,40.409,W,4944.3,641
PRC,30,PAPI-2L,44.1,3.6,34,38,44.811,N,112,25,11.952,W,5031.6,918
PRG,9,PVASI-PSIL,31.5,3,39,42,0.093,N,87,40,31.449,W,652.6,625
PRG,18,PVASI-PSIL,21.8,3,39,42,8.235,N,87,40,20.964,W,647,400
PRG,27,PVASI-PSIL,25.8,3.15,39,42,1.111,N,87,39,47.642,W,650.9,450
PRG,36,PVASI-PSIL,21.8,3,39,41,45.023,N,87,40,20.058,W,653.6,450
PRN,14,PAPI-2L,40.3,3,31,50,59.19,N,86,36,53.29,W,449.3,801.5
PRN,32,PAPI-2L,39.6,3,31,50,31.03,N,86,36,25.28,W,429.5,666.3
PRO,14,PAPI-4L,33.5,3,41,49,49.435,N,94,9,53.546,W,1012.4,651
PRO,32,PAPI-4L,33,3,41,49,16.948,N,94,9,17.962,W,1003.3,598
PRS,17,PVASI-PSIL,19.2,3,29,38,23.74,N,104,21,42.645,W,2930.8,510.986
PRS,35,PVASI-PSIL,36.9,3,29,37,42.393,N,104,21,40.103,W,2903.01,499
PRX,17,PAPI-4L,40.1,3,33,38,33.18,N,95,27,15.81,W,536.9,825.8
PRX,35,PAPI-4L,40,3,33,37,49.35,N,95,27,15.06,W,527.3,744
PRZ,1,PAPI-2L,40,3.01,34,8,24.89,N,103,24,51.641,W,4073.4,842
PRZ,19,PAPI-2L,40,3,34,9,2.96,N,103,24,32.331,W,4048.4,680
PRZ,26,PVASI-PSIL,23.4,3,34,8,44.45,N,103,24,9.61,W,4055,503
PSC,,PAPI-4L,48.6,3,46,15,27.793,N,119,7,51.186,W,410.2,921
PSC,12,PAPI-4L,54,3,46,16,20.001,N,119,7,34.351,W,396.3,988
PSC,,PAPI-4L,54,3,46,16,3.554,N,119,6,58.296,W,403.3,999
PSC,30,PAPI-4L,47,3,46,15,38.632,N,119,6,36.224,W,403.7,864
PSE,30,PAPI-4R,52.8,3,18,0,23.347,N,66,33,25.592,W,25,1049
PSF,26,PAPI-4L,50,3,42,25,49.753,N,73,17,1.191,W,1138.8,823
PSG,5,PAPI-4L,45,3,56,47,57.82,N,132,57,25.45,W,114.3,899
PSG,23,PAPI-4L,45,3,56,48,11.45,N,132,56,14.37,W,105.8,909
PSK,6,PAPI-4L,58,3,37,8,3.081,N,80,41,0.701,W,2098,1235
PSK,24,PAPI-4L,43.8,3,37,8,28.486,N,80,40,19.945,W,2076.2,783
PSM,16,PAPI-4L,72.2,3,43,5,10.583,N,70,49,48.266,W,100.1,1324
PSM,34,PAPI-4L,80,3,43,4,5.766,N,70,48,55.294,W,83.3,1545
PSO,1,PAPI-4L,40,3,37,16,41.115,N,107,3,37.839,W,7629.5,801
PSO,19,PAPI-4R,40,3.5,37,17,39.658,N,107,3,5.54,W,7655.7,824.9
PSP,,PAPI-4L,38.3,3.2,33,50,0.282,N,116,30,29.18,W,442.6,796
PSP,,PAPI-4L,47.3,3,33,49,54.047,N,116,30,33.963,W,441.8,1081
PSP,,PAPI-4R,55,3,33,49,26.329,N,116,30,9.299,W,411.5,929
PSP,,PAPI-4L,38.6,3.2,33,49,32.197,N,116,30,4.184,W,410.9,620
PTB,5,PAPI-4L,42.2,3,37,10,51.393,N,77,30,36.277,W,189.1,831
PTB,23,PAPI-4L,40.1,3,37,11,16.25,N,77,30,7.396,W,191.2,738
PTD,6,PAPI-2L,41.5,3,44,40,28.258,N,74,57,4.879,W,472.8,760
PTD,24,PAPI-2L,40.6,3,44,40,43.737,N,74,56,43.851,W,469,761
PTH,6,PAPI-4L,31,3,56,57,26.668,N,158,37,53.569,W,91.6,570
PTH,14,PAPI-4L,28,3,56,57,44.72,N,158,39,3.64,W,76.3,517
PTH,24,PAPI-4L,40,3,56,57,38.748,N,158,36,51.612,W,94.3,783
PTH,32,PAPI-4L,39,3,56,57,21.79,N,158,38,36.88,W,84.5,724
PTK,,PAPI-4L,40,3,42,39,58.36,N,83,25,54.02,W,976.5,734
PTK,,PAPI-4L,45.1,3,42,39,52.97,N,83,25,51.71,W,979.3,884
PTK,,PAPI-4L,41.6,3,42,39,54.931,N,83,24,47.164,W,970.6,810
PTK,,PAPI-4L,50.5,3,42,39,59.94,N,83,25,1.31,W,970.9,1000
PTK,36,PAPI-2L,30,3,42,39,49.22,N,83,24,30.57,W,970.8,612.2
PTN,6,PAPI-2L,50,3,29,42,31.98,N,91,20,36.29,W,8.5,935
PTN,24,PAPI-2L,50,3,29,42,47.82,N,91,20,5.98,W,8.5,954
PTN,24,PAPI-2L,50,3,29,42,47.82,N,91,20,5.98,W,8.5,954
PTS,4,PAPI-4L,36.7,3,37,26,41.042,N,94,44,4.727,W,942.9,762.988
PTS,17,PAPI-4L,42.7,3,37,27,27.191,N,94,43,55.356,W,930.4,927
PTS,22,PAPI-4L,54.6,3.8,37,26,59.816,N,94,43,45.071,W,924.1,762.593
PTS,35,PAPI-4L,20.4,3,37,26,40.74,N,94,43,44.919,W,925.8,400
PTT,17,PAPI-2L,40,3,37,42,29.076,N,98,44,49.286,W,1952.6,734
PTT,35,PAPI-2L,40,3,37,41,49.466,N,98,44,49.185,W,1945,759
PTW,10,PAPI-2L,45,3,40,14,21.58,N,75,33,34.9,W,308,851
PTW,28,PAPI-2L,45,3,40,14,23.11,N,75,33,15.64,W,306,829
PUB,,PAPI-4L,40,3,38,17,24.5674,N,104,30,25.7319,W,4677.5,871
PUB,,PAPI-4L,63.4,3,38,17,13.988,N,104,30,21.411,W,4670.5,1183
PUB,17,PAPI-4L,53.8,3,38,18,2.68,N,104,30,14.233,W,4717,1253
PUB,,PAPI-4L,61.6,3,38,17,16.4147,N,104,28,39.0062,W,4650.4,1144
PUB,,PAPI-4L,40,3,38,17,25.4646,N,104,29,47.8796,W,4676,799
PUB,35,PAPI-4L,47.6,3,38,17,0.412,N,104,30,11.912,W,4655.9,753
PUC,1,PAPI-4L,52,3,39,36,25.07,N,110,45,15.616,W,5825.1,784
PUC,8,PAPI-2L,36.5,3,39,36,54.489,N,110,45,15.208,W,5867.5,572
PUC,19,PAPI-2L,45,4,39,37,27.967,N,110,44,48.63,W,5943.5,823
PUC,26,PAPI-2L,40,3,39,36,54.528,N,110,44,54.686,W,5883.9,844
PUJ,13,PAPI-4L,50,3,33,54,53.9,N,84,56,42.74,W,1289,1000
PUJ,31,PAPI-4L,48.7,3,33,54,32.96,N,84,56,9.95,W,1276.6,1024
PUW,5,PAPI-4L,49,3,46,44,19.713,N,117,7,13.57,W,2557.8,1102
PUW,23,PAPI-4R,58.1,3.4,46,44,40.571,N,117,6,9.77,W,2546.4,1077
PVB,7,PAPI-2L,20.4,3,42,41,10.175,N,90,26,59.714,W,1002.2,362
PVB,15,PAPI-2L,29.9,3,42,41,38.899,N,90,26,49.071,W,1024.7,562
PVB,25,PAPI-2L,28.1,3,42,41,19.543,N,90,26,28.034,W,1016.3,689
PVB,33,PAPI-2L,24.7,3,42,41,15.476,N,90,26,26.692,W,1019.1,537
PVC,7,PAPI-4R,40,3,42,4,15.24,N,70,13,25.91,W,8.7,763
PVC,25,PAPI-4L,40,3,42,4,25.2,N,70,13,3.38,W,8.7,763
PVD,5,PAPI-4R,69.2,3,41,42,48.048,N,71,26,7.296,W,52.6,1328
PVD,16,PAPI-4L,49,3,41,43,41.835,N,71,25,42.996,W,52.8,1001
PVD,23,VASI-4L,41,3,41,43,43.425,N,71,25,20.8,W,46,750.205
PVD,34,PAPI-4L,59.9,3,41,43,14.564,N,71,25,14.124,W,40.7,992
PVE,1,PAPI-2L,36.6,3.09,35,38,59.694,N,88,11,49.248,W,449.9,602
PVE,19,PAPI-2L,30.3,3.29,35,39,46.149,N,88,11,37.279,W,483.5,598
PVF,5,VASI-4L,21.8,3,38,43,20.039,N,120,45,29.811,W,2583.3,363
PVF,23,PAPI-2L,27.5,3.75,38,43,34.263,N,120,44,54.351,W,2584.8,393
PVG,10,PAPI-4L,45,3,36,46,50.659,N,76,27,32.925,W,28,880.49
PVG,28,PAPI-4L,45,3,36,46,49.158,N,76,26,48.579,W,23,858.65
PVJ,17,PAPI-4L,45,3,34,42,42.084,N,97,13,26.822,W,959.4,1032
PVJ,35,PAPI-4L,44.8,3,34,42,10.851,N,97,13,27.118,W,948.1,811
PVU,13,PAPI-4L,49.8,3,40,13,40.7353,N,111,43,49.6777,W,4495.2,983
PVU,18,PAPI-2L,45.2,3,40,13,26.8483,N,111,43,15.6453,W,4494.1,859
PVU,31,PAPI-2L,46.2,3,40,12,45.4342,N,111,43,0.6432,W,4493.2,852
PVU,36,PAPI-2L,46.3,3,40,12,39.3181,N,111,43,28.5617,W,4492.9,855
PVW,4,VASI-4L,51.4,3.5,34,9,50.9,N,101,43,24.11,W,3371.6,1000
PVW,22,VASI-4L,53.5,3.5,34,10,16.8,N,101,42,46,W,3367.3,860
PWA,,PAPI-4L,54.2,3,35,32,28.728,N,97,38,43.806,W,1287.1,1100
PWA,,PAPI-4L,42.7,3,35,32,26.841,N,97,38,57.099,W,1277.7,912
PWA,,PAPI-4L,42.4,3,35,31,54.409,N,97,38,57.1,W,1275.1,810
PWA,,PAPI-4L,53.6,3,35,31,42.946,N,97,38,43.795,W,1294.6,1114
PWC,16,VASI-2L,22,3,46,43,39.363,N,94,22,58.672,W,1295.5,426
PWC,34,VASI-2L,22,3,46,43,19.099,N,94,22,49.561,W,1295.1,425
PWD,12,PAPI-2L,27.8,3,48,47,28.802,N,104,31,41.294,W,2248.4,598
PWD,30,PAPI-2L,27.5,3,48,47,10.336,N,104,31,10.406,W,2238.4,512
PWG,17,PAPI-4L,35.7,3,31,29,30.72,N,97,19,5.89,W,591.7,700
PWG,35,PAPI-4L,45.5,3,31,28,51.14,N,97,19,5.08,W,571.9,800
PWK,6,PAPI-4L,32.7,3,42,6,42.494,N,87,54,10.36,W,642.9,709
PWK,12,PAPI-4L,42.4,3,42,6,49.97,N,87,54,12.058,W,643.3,879
PWK,16,PAPI-4L,49,3,42,7,14.528,N,87,54,20.68,W,640.7,1028
PWK,30,PAPI-4L,41.7,3,42,6,40.954,N,87,53,49.232,W,639.8,861
PWK,34,PAPI-4L,40,3,42,6,45.373,N,87,54,5.343,W,644.4,803
PWM,11,PAPI-4R,51.7,3,43,38,44.12,N,70,19,19.33,W,71.9,1074
PWM,18,PAPI-4L,50,3,43,39,3.31,N,70,18,21.03,W,50.8,903.5
PWM,29,PAPI-4R,50.3,3,43,38,39.32,N,70,18,8.22,W,47.4,875
PWM,36,PAPI-4L,54.1,3.25,43,38,31.9,N,70,18,7.98,W,46.1,925.1
PWT,2,PAPI-4L,42.8,3,47,29,7.331,N,122,46,9.989,W,442.9,886
PWT,20,PAPI-4L,49.7,2.83,47,29,41.112,N,122,45,37.908,W,439.2,1043
PXE,18,PAPI-2L,30.2,3,32,30,56.949,N,83,46,2.648,W,417.6,596
PXE,36,PAPI-2L,30.1,3,32,30,18.66,N,83,46,2.235,W,412.4,538
PYG,6,PAPI-2L,42.4,3,34,44,25.23,N,80,20,52.114,W,557,674
PYG,24,PAPI-2L,40,3,34,44,37.128,N,80,20,34.701,W,571.1,835
PYM,6,PAPI-4L,40,3,41,54,20.686,N,70,44,5.453,W,135.2,714
PYM,24,PAPI-4L,40,4,41,54,44.187,N,70,43,39.478,W,148.1,551
PYM,33,PAPI-4L,40,3,41,54,21.681,N,70,43,12.344,W,129.4,817
PYX,17,PAPI-4L,44.8,3,36,25,13.738,N,100,44,59.022,W,2916.6,823
PYX,35,PAPI-4L,40,3,36,24,32.883,N,100,44,58.906,W,2915.5,746
PZQ,9,PAPI-4L,37.5,3,45,24,25.2,N,83,49,1.93,W,668.9,717.4
PZQ,27,PAPI-4L,36.2,3,45,24,25.83,N,83,48,33.03,W,667.4,725.2
RAC,4,PAPI-4L,45,3,42,45,28.226,N,87,49,0.545,W,665.7,858
RAC,14,PAPI-4L,54.7,4,42,45,42.022,N,87,49,0.255,W,665.6,844
RAC,22,PAPI-4L,46,3,42,45,57.41,N,87,48,30.77,W,665.8,896
RAL,9,PAPI-4L,41,3,33,57,12.34,N,117,26,58.53,W,764.9,740
RAL,27,PAPI-4L,40,3,33,57,3.63,N,117,26,13.46,W,818,763
RAL,34,PAPI-2L,35.9,3,33,56,56.28,N,117,26,54.42,W,752.5,598
RAP,5,PAPI-2L,33.7,3,44,2,54.999,N,103,3,42.827,W,3176.5,574
RAP,14,PAPI-4L,50,3,44,3,4.582,N,103,3,47.191,W,3185.8,1057
RAP,23,PAPI-2L,38,3,44,3,4.962,N,103,3,17.029,W,3196.4,889
RAP,32,PAPI-4L,54,3,44,2,5.633,N,103,3,3.427,W,3150.9,871
RAS,12,PAPI-2L,19.7,3,27,48,50.36,N,97,5,31.91,W,5.2,378
RAS,30,PAPI-2L,21.5,3.2,27,48,34.76,N,97,5,7.17,W,4.7,381
RAW,18,PAPI-4L,40,3,38,21,4.34,N,93,20,42.57,W,934.2,775
RAW,36,PAPI-4L,40,3,38,20,39.76,N,93,20,44.25,W,932.1,734
RBD,13,PAPI-4L,40.3,3,32,41,6.46,N,96,52,25.843,W,658.5,727
RBD,17,PAPI-4R,43,3,32,41,0.733,N,96,52,0.472,W,652.6,823
RBD,31,PAPI-4R,45,3,32,40,38.136,N,96,51,52.445,W,653.7,782
RBE,13,PAPI-2L,40,3,42,34,23,N,99,34,19.6,W,2344.9,753
RBE,31,PAPI-2L,40,3,42,33,58.77,N,99,33,52.88,W,2347.3,781
RBG,34,PAPI-4R,52.5,4,43,14,7.018,N,123,21,21.047,W,509.1,653
RBL,15,PAPI-2L,40,3,40,9,19.65,N,122,15,12.99,W,345.4,800
RBW,5,PAPI-2L,49.3,3.5,32,55,1.519,N,80,38,37.602,W,96.4,691.8
RBW,23,PAPI-2L,46.4,3,32,55,32.976,N,80,38,1.508,W,100.9,886
RBY,21,PAPI-4L,30.2,3,64,43,46.02,N,155,27,48.48,W,645.3,717
RCA,13,PAPI-4L,50.1,3,44,9,23.255,N,103,7,3.881,W,3267.7,1178
RCA,31,PAPI-4L,54,3,44,7,59.747,N,103,5,19.708,W,3185.8,950
RCE,,PAPI-4L,52,3,35,29,36.81,N,97,49,29.18,W,1350,1000
RCE,,PAPI-4L,41,3,35,28,54.96,N,97,49,29.37,W,1342,781.3
RCM,1,PAPI-4L,35.5,3,38,46,55.603,N,93,48,11.494,W,791.3,621
RCM,19,PAPI-4L,39.2,3,38,47,23.232,N,93,48,6.464,W,794.6,761
RCP,18,PAPI-4L,40,3,39,21,4.45,N,99,18,16.29,W,1998.9,808
RCP,36,PAPI-4L,40,3,39,20,31.01,N,99,18,17.2,W,1999,808
RCR,11,PAPI-2L,49.7,3.5,41,4,0.283,N,86,11,15.246,W,787,825
RCR,29,PAPI-2L,30,3.38,41,3,50.85,N,86,10,29.02,W,790,508
RCV,6,PAPI-2L,43.2,4,37,42,33.91,N,106,21,35.4,W,7945.4,813.8
RCV,24,PAPI-2L,40,3,37,42,50.71,N,106,20,43.85,W,7893.4,757.1
RCX,14,PAPI-2L,28.7,3,45,30,0.544,N,91,0,13.968,W,1235.7,560
RCX,32,PAPI-2L,29.5,3,45,29,38.596,N,90,59,48.248,W,1226.7,560
RCZ,14,PAPI-2L,23.6,3,34,53,40.598,N,79,45,42.081,W,349.9,451
RCZ,32,PAPI-2L,40.1,3,34,53,20.27,N,79,45,8.778,W,356.1,746
RDD,17,PAPI-4L,40,3.43,40,31,6.368,N,122,17,41.487,W,504,692
RDD,31,PAPI-2L,32,3,40,30,8.934,N,122,17,12.627,W,493.6,586
RDD,35,PAPI-4L,55,3,40,30,13.899,N,122,17,41.575,W,493,1001
RDG,13,PAPI-4L,45.1,3,40,22,55.218,N,75,58,29.017,W,330.1,1100
RDG,18,PAPI-4L,55.5,3,40,22,56.522,N,75,57,44.012,W,298.6,903
RDK,5,PAPI-2L,25.9,3,41,0,33.209,N,95,15,43.627,W,1040.3,500
RDK,17,PAPI-2L,31.7,3,41,0,45.081,N,95,15,37.24,W,1042.5,650
RDK,23,PAPI-2L,33.3,3,41,0,48.648,N,95,15,11.141,W,1043.7,660
RDK,35,PAPI-2L,33.1,3,41,0,29.338,N,95,15,35.205,W,1037.7,650
RDM,5,VASI-4L,50,3,44,15,2.781,N,121,9,31.308,W,3074.5,931
RDM,11,PAPI-4L,50.2,3,44,15,27.811,N,121,9,30.534,W,3053.8,832
RDM,23,PAPI-4L,50.9,3,44,15,28.357,N,121,8,28.759,W,3058.9,868
RDM,29,PAPI-4L,50.2,3,44,15,0.753,N,121,8,30.049,W,3079.8,988
RDR,18,PAPI-4L,49.9,2.6,47,58,31.029,N,97,24,2.925,W,897.7,1066
RDR,36,PAPI-4L,50.1,2.6,47,56,50.816,N,97,24,2.929,W,909.9,1130
RDU,,PAPI-4L,72.3,3,35,52,36.805,N,78,47,56.217,W,373.1,1260
RDU,,PAPI-4L,61.7,3,35,51,59.812,N,78,47,41.599,W,405.5,1024
RDU,,PAPI-4L,55.9,3,35,52,37.995,N,78,46,54.449,W,434.1,1002
RDU,,PAPI-4L,69.1,3,35,53,27.583,N,78,46,53.5,W,401.2,1460
RDU,32,PAPI-4L,46.5,3.5,35,52,11.102,N,78,46,34.41,W,418.7,859
REG,17,PAPI-2L,50,3,30,10,32.156,N,90,56,28.05,W,12.7,945
REG,35,PAPI-2L,50,3,30,10,1.712,N,90,56,22.785,W,13.8,948
REI,8,PAPI-2L,40,3,34,5,6.84,N,117,9,6.9,W,1481.3,575
RFD,7,PAPI-4R,69.4,3,42,11,31.25,N,89,6,52.84,W,729.6,1563
RFD,7,PAPI-4R,69.4,3,42,11,31.25,N,89,6,52.84,W,729.6,1563
RFD,19,PAPI-4L,75,3,42,12,6.74,N,89,5,20.63,W,734.9,1462.1
RFD,25,PAPI-4L,75,3,42,11,59.79,N,89,5,28.96,W,733,1495.4
RFG,14,PAPI-2L,35,3,28,17,57.994,N,97,19,41.789,W,52,668
RFI,17,PAPI-2L,40,3,32,8,44.486,N,94,51,9.076,W,435.5,756
RFI,35,PAPI-2L,40,3,32,8,20.198,N,94,51,4.038,W,440.4,757
RGA,18,PAPI-4L,39.1,3,37,38,11.261,N,84,19,58.884,W,967.5,698
RGA,36,PAPI-4L,26.4,3,37,37,34.842,N,84,19,54.577,W,997.3,603
RGK,9,PAPI-4L,50.4,3,44,35,22.501,N,92,29,27.246,W,778,957
RGK,27,PAPI-4L,52,3.7,44,35,20.79,N,92,28,42.377,W,776.9,801
RHI,9,PAPI-4L,52.6,3,45,37,49.385,N,89,28,56.659,W,1618.9,1075
RHI,15,VASI-4L,52.6,3.75,45,38,8.131,N,89,27,42.347,W,1598.3,753
RHI,27,PAPI-4L,50.1,3,45,37,50.807,N,89,27,49.074,W,1601.3,919
RHI,33,PAPI-4L,26.8,3,45,37,36.127,N,89,27,13.188,W,1606.9,600
RHP,8,PAPI-2L,24.4,3.5,35,11,35.974,N,83,52,11.602,W,1683.8,375
RHP,26,PAPI-2L,43.9,4,35,11,49.483,N,83,51,22.984,W,1696.5,652
RHV,,PAPI-4R,45,4,37,20,2.739,N,121,49,13.11,W,126.4,606
RHV,,PAPI-4L,45,4,37,19,53.78,N,121,49,9.281,W,128.7,676
RHV,,PAPI-4L,45,4,37,19,55.653,N,121,49,6.395,W,130.3,686.5
RIC,2,PAPI-4L,49,3,37,30,5.739,N,77,19,43.824,W,157.3,1019
RIC,16,PAPI-4L,71.4,3,37,30,48.531,N,77,19,15.776,W,165.8,1363
RIC,20,PAPI-4L,49,3,37,30,50.189,N,77,19,30.466,W,167,965.006
RIC,34,PAPI-4L,79,3,37,29,56.698,N,77,18,34.267,W,165,1421
RID,6,PAPI-4L,25.9,3,39,45,10.56,N,84,50,51.7,W,1133.4,523
RID,24,PAPI-4L,47,3,39,45,31.9,N,84,50,12.01,W,1139.1,900
RIF,1,PAPI-2L,45,3,38,43,40,N,112,6,20.283,W,5310.2,970
RIF,19,PAPI-2L,45,3,38,44,26.652,N,112,5,50.436,W,5278.6,849
RIL,8,PAPI-4L,47.3,3,39,31,35.058,N,107,44,15.391,W,5476.4,784
RIL,26,PAPI-4L,55.8,3.5,39,31,36.437,N,107,43,9.509,W,5528.4,1049.998
RIV,14,PAPI-4L,55.9,2.59,33,53,36.16,N,117,16,6.46,W,1532.8,1291
RIV,32,PAPI-4L,58.8,3,33,52,3.008,N,117,15,0.228,W,1491.5,1061
RIW,1,PAPI-2L,42.8,3,43,3,32.181,N,108,27,52.423,W,5466.2,751
RIW,10,PAPI-4L,49,3,43,4,6.002,N,108,28,7.864,W,5507.2,1084
RIW,19,PAPI-2L,41.7,3,43,4,1.408,N,108,27,34.414,W,5479.4,801
RIW,28,PAPI-4R,49.8,3,43,3,40.446,N,108,26,50.707,W,5449.3,832
RJOI,2,PAPI-4L,67.2,3,34,8,15.212,N,132,14,43.976,E,9.6,1290
RJOI,20,PAPI-4L,63.8,3,34,9,8.884,N,132,14,54.393,E,9.7,1220
RJSM,10,PAPI-2L,53,3,40,42,13.321,N,141,21,40.576,E,118.4,1025
RJSM,28,PAPI-2L,55,2.5,40,42,8.172,N,141,22,56.209,E,99.9,1126
RJTY,18,PAPI-2L,58.1,3,35,45,35.49,N,139,20,45.95,E,455.4,1302.2
RJTY,36,PAPI-4L,52.5,2.5,35,44,11.58,N,139,21,3.56,E,419.3,1090.8
RKD,3,PAPI-4L,34.3,3,44,3,27.64,N,69,6,0.69,W,51.4,630
RKD,13,PAPI-4R,50.9,3,44,3,38.125,N,69,6,17.997,W,46.8,950
RKD,31,PAPI-4L,50,3,44,3,27.136,N,69,5,38.141,W,55.8,946.6
RKJK,18,PAPI-4L,50.2,3,35,54,48.382,N,126,36,48.937,E,17.9,917
RKJK,36,PAPI-2L,45.8,3,35,53,38.08,N,126,37,5.666,E,28.6,850
RKP,14,PAPI-4L,35,3,28,5,28.36,N,97,3,1.64,W,17,636
RKP,14,PAPI-4L,35,3,28,5,28.36,N,97,3,1.64,W,17,636
RKP,18,PAPI-2L,38.9,3,28,5,24.11,N,97,2,21.14,W,20.6,800
RKP,32,PAPI-4L,25,3,28,4,56.39,N,97,2,36.82,W,23.4,486.4
RKP,36,PAPI-2L,42.1,3,28,4,55.89,N,97,2,27.03,W,22.3,800
RKR,18,PAPI-4L,42.3,3,35,1,29.614,N,94,37,14.064,W,448.5,795
RKR,36,PAPI-4L,42.4,3,35,1,6.214,N,94,37,18.955,W,450.3,811
RKS,3,PAPI-2L,30,3,41,35,22.2426,N,109,4,19.7203,W,6735.5,499
RKS,9,PAPI-4L,50,3,41,35,49.6046,N,109,4,44.5166,W,6734.5,898
RKS,21,PAPI-2L,30,3,41,35,51.3349,N,109,3,40.6894,W,6747.7,548
RKS,27,PAPI-4L,55,3,41,35,31.6056,N,109,3,2.3914,W,6760.1,1130
RKSG,14,PAPI-4L,53.6,3,36,57,54.142,N,127,1,38.519,E,52.2,989
RKSG,32,PAPI-4L,51.4,3.6,36,57,26.375,N,127,2,17.627,E,44.2,799
RKSI,,PAPI-2L,52,3,37,28,46.44,N,126,26,17.93,E,22.7,990.8
RKSI,,PAPI-2L,52,3,37,27,23.19,N,126,27,31.97,E,22.4,990.8
RKSO,,PAPI-4L,50,3.02,37,5,29.471,N,127,1,2.173,E,37.7,959
RKSO,,PAPI-4L,50,3.02,37,5,22.616,N,127,1,3.297,E,33.9,983.01
RKSO,,PAPI-4L,53.1,3,37,5,29.771,N,127,2,29.202,E,39.9,1027
RKSO,,PAPI-4L,50,3.02,37,5,36.701,N,127,2,29.044,E,40.1,969
RKTN,13,VASI-12,49.1,3,35,53,45.36,N,128,39,3.12,E,104.9,935
RKTN,31,VASI-12,58,3,35,53,7.17,N,128,40,14.35,E,113.7,1061
RKW,4,PAPI-2L,25.8,3,35,55,5.46,N,84,41,38.19,W,1659,551
RKW,22,PAPI-2L,30.8,3,35,55,35.33,N,84,41,8.23,W,1635,551
RLD,1,PAPI-2L,30,3,46,18,5.096,N,119,18,26.796,W,390.7,588
RLD,8,PAPI-2L,39.5,3,46,18,23.964,N,119,18,28.162,W,390.6,866
RLD,19,PAPI-2L,30,3,46,18,30.208,N,119,18,9.444,W,387.6,600
RLD,26,VASI-4L,51.6,3,46,18,21.913,N,119,17,57.066,W,389.5,942
RME,15,PAPI-4L,55,3,43,14,34.646,N,75,25,11.891,W,501.5,1110
RME,33,PAPI-4L,55.8,3,43,13,28.979,N,75,23,39.097,W,494,1150
RMG,1,PAPI-4L,48.8,3,34,20,42.843,N,85,9,33.107,W,633.9,899
RMG,19,PAPI-4L,45.8,3,34,21,34.859,N,85,9,27.676,W,624.5,830
RMN,15,PAPI-4L,45.3,3,38,24,11.668,N,77,27,40.032,W,211.1,1023
RMN,33,PAPI-4L,47.2,3,38,23,40.016,N,77,27,5.253,W,179.4,744
RMP,11,PAPI-4L,25,3,65,30,38.32,N,150,8,48.06,W,276,419
RMY,10,PAPI-4L,25,4,42,15,5.88,N,84,57,38.14,W,939,347
RMY,28,PAPI-4R,36.5,4,42,15,2.91,N,84,57,3.68,W,937,544
RNC,5,PAPI-4L,40.7,4,35,41,43.527,N,85,50,55.329,W,1027.1,623
RNC,23,PAPI-4L,50,3,35,42,4.592,N,85,50,23.923,W,1023.5,1023
RND,,PAPI-4L,46.4,3,29,32,26.087,N,98,16,28.297,W,741,911.998
RND,,PAPI-4L,45.6,3,29,31,57.778,N,98,17,30.275,W,757.2,940
RND,,PAPI-4L,50,3,29,31,2.256,N,98,16,53.665,W,728.1,938
RND,,PAPI-4L,42.9,3,29,31,28.668,N,98,15,50.442,W,726.7,744.449
RNH,14,PAPI-4L,40,3,45,9,15.263,N,92,32,39.705,W,997.9,801
RNH,32,PAPI-4L,20,3,45,8,41.313,N,92,32,3.616,W,995.8,403
RNM,9,PAPI-2L,45.8,3.5,33,2,23.881,N,116,55,14.597,W,1383,800
RNM,27,PAPI-2L,31.5,3.5,33,2,17.586,N,116,54,32.053,W,1393.5,523
RNO,8,PAPI-4L,48.3,3.2,39,29,46.5919,N,119,46,31.9962,W,4405.7,927
RNO,,PAPI-4L,75,3,39,30,35.11,N,119,46,0.304,W,4411.5,1489
RNO,,PAPI-4L,77.4,3.06,39,30,25.1433,N,119,46,9.2574,W,4412,1500
RNO,26,PAPI-4L,45,3,39,29,46.4103,N,119,45,36.8073,W,4400.2,848
RNO,,PAPI-4L,72.2,3.54,39,29,23.0811,N,119,46,9.418,W,4406,1231
RNO,,PAPI-4L,75,3.35,39,29,34.168,N,119,46,0.463,W,4404.7,1343
RNP,11,PAPI-4L,40,3,42,59,37.622,N,84,8,38.163,W,732.4,775
RNP,29,PAPI-4R,40,3,42,59,31.641,N,84,8,1.923,W,736.3,764
RNT,16,PAPI-2L,57.7,3.5,47,29,49.694,N,122,12,58.849,W,25.4,919.962
RNT,34,PAPI-2L,58.8,3.75,47,29,21.564,N,122,12,54.595,W,26.7,954
RNV,18,PAPI-4L,42.3,3,33,46,1.828,N,90,45,29.336,W,139.6,808
RNV,36,PAPI-4R,45.7,3.25,33,45,28.322,N,90,45,27.826,W,139.8,808
ROA,6,VASI-4L,58.1,3,37,19,26.28,N,79,58,53.19,W,1159.4,975
ROA,24,PAPI-4L,58,3,37,19,52.071,N,79,58,15.075,W,1160.6,999
ROA,34,PAPI-4L,56.4,3,37,19,3.53,N,79,58,20.1,W,1149.1,950
ROC,4,PAPI-4L,72.4,3,43,6,35.826,N,77,41,6.454,W,530.9,1315
ROC,10,PAPI-4L,53,3,43,7,22.531,N,77,40,21.934,W,555.5,1002
ROC,22,PAPI-4L,67.1,3,43,7,20.42,N,77,40,28.938,W,553.6,1382
ROC,25,PAPI-4R,40,3,43,7,12.558,N,77,39,41.456,W,536.2,706
ROC,28,PAPI-4L,56.9,3,43,7,23.924,N,77,39,35.348,W,541.5,1044
RODN,,PAPI-4L,56.1,2.8,26,20,52.4,N,127,45,13.53,E,72.5,952
RODN,,PAPI-4L,60.1,3,26,20,44.48,N,127,45,26.29,E,84.2,952
RODN,,PAPI-4L,54.9,3,26,21,47.98,N,127,46,53.47,E,138,951
RODN,,PAPI-4L,48.9,3,26,21,55.89,N,127,46,40.72,E,127.6,951
ROG,2,PAPI-4L,55,3,36,22,3.295,N,94,6,32.545,W,1357.1,1145
ROG,20,PAPI-4L,55.3,3,36,22,39.251,N,94,6,17.093,W,1339.9,1016.99
ROI,4,PAPI-4L,37.8,3,9,23,38.722,N,167,28,3.62,E,8.9,717
ROI,22,PAPI-4L,38.4,3,9,23,58.765,N,167,28,26.368,E,10.3,739
ROR,9,PAPI-4L,52,3,7,22,2.883,N,134,32,13.507,E,176,999
ROR,27,PAPI-4L,51.9,3,7,22,1.685,N,134,33,5.789,E,173.9,939
ROS,16,PAPI-4L,33.4,4,45,42,5.796,N,92,57,15.711,W,926.3,482
ROS,34,PAPI-4L,24.9,3,45,41,33.453,N,92,56,59.827,W,920.9,454
ROTM,6,PAPI-4L,52.4,3.1,26,16,6.947,N,127,44,51.063,E,239.8,907
ROTM,24,PAPI-4L,49.5,3.2,26,16,47.818,N,127,45,55.78,E,246.8,903
ROW,3,VASI-6L,50.1,3,33,17,16.92,N,104,32,4.501,W,3662.7,1000
ROW,17,PAPI-4L,49,3,33,18,45.579,N,104,32,21.156,W,3663.2,910
ROW,35,PAPI-4L,49,3,33,17,24.962,N,104,32,21.357,W,3669.6,948
ROX,16,PAPI-2L,43.5,3,48,51,40.894,N,95,41,58.112,W,1047.7,795
ROX,34,PAPI-2L,43.8,3,48,51,14.677,N,95,41,48.673,W,1058,874
RPB,18,PAPI-2L,41,3,39,49,15.07,N,97,39,36.87,W,1523.4,850
RPB,36,PAPI-2L,40.6,3,39,48,58.29,N,97,39,37.44,W,1532.5,950
RPD,1,PAPI-2L,27.5,3,45,24,57.69,N,91,46,30.27,W,1096.6,550
RPD,13,PAPI-2L,24.7,3.75,45,25,0.96,N,91,46,40.3,W,1093.5,380
RPD,19,PAPI-4L,38,3,45,25,47.54,N,91,46,16.04,W,1107.5,800
RPD,31,PAPI-2L,39.7,3.5,45,24,45.71,N,91,46,14.55,W,1097.8,720
RPH,3,PAPI-2L,40,3,33,6,26.106,N,98,33,29.199,W,1115.2,729
RPH,21,PAPI-2R,40,3,33,6,52.825,N,98,33,2.912,W,1112.9,766
RPJ,7,PAPI-4L,22.3,3,41,53,26.571,N,89,5,12.044,W,772.2,452
RPJ,25,PAPI-4L,27.6,4,41,53,40.545,N,89,4,20.789,W,779,422
RPVP,27,PAPI-4L,57.8,3,9,44,30.207,N,118,46,4.255,E,31.657,981.43
RPX,7,PAPI-2L,43.2,4,46,28,26.658,N,108,32,53.635,W,3477,807.375
RPX,25,PAPI-2L,41.8,3,46,28,34.127,N,108,32,3.878,W,3434.5,727.071
RQB,10,PAPI-2L,40,3.75,43,43,28.3625,N,85,31,0.0705,W,989.7,663
RQB,28,PAPI-4L,25,3.08,43,43,28.157,N,85,30,6.463,W,948,404
RQE,3,PAPI-2L,41.8,3,35,38,44.788,N,109,4,21.318,W,6704.9,734
RQO,17,PAPI-4L,40.1,3,35,28,44.137,N,98,0,15.598,W,1416.6,830
RQO,35,PAPI-4L,40,3,35,28,4.78,N,98,0,15.543,W,1414.6,790
RRL,7,PAPI-2L,40,3,45,11,47.548,N,89,43,20.266,W,1315.4,796
RRL,25,PAPI-2L,40,3,45,12,0.357,N,89,42,34.086,W,1305.9,752
RRQ,16,PAPI-2L,29.3,3,43,27,14.815,N,96,10,48.6,W,1359.8,549
RRQ,34,PAPI-2L,30.8,3,43,27,1.086,N,96,10,45.838,W,1358.2,543
RSH,36,PAPI-4L,35.2,4.25,61,46,16.546,N,161,19,13.442,W,58.2,474
RSL,17,PAPI-4L,43.3,3,38,52,31.469,N,98,48,41.223,W,1861.1,796
RSL,35,PAPI-4L,42.3,3,38,51,58.02,N,98,48,36.532,W,1863,800
RSN,18,PAPI-4L,50,3,32,31,8.961,N,92,35,18.372,W,281.2,843
RSN,36,PAPI-4L,55,3,32,30,29.72,N,92,35,18.426,W,309.3,1193
RST,3,VASI-4L,47.8,3,43,53,49.699,N,92,30,19.459,W,1315.2,900
RST,13,PAPI-4L,53,3,43,55,6.296,N,92,30,34.103,W,1272.1,943
RST,21,PAPI-4L,50,3.05,43,54,39.124,N,92,29,45.42,W,1288.8,810
RST,31,PAPI-4L,54.9,3,43,54,20.177,N,92,29,23.584,W,1299.76,1129.18
RSV,9,PVASI-PSIL,27,3,39,0,59.75,N,87,39,33.17,W,460.1,505
RSV,27,PVASI-PSIL,25,3,39,0,58.46,N,87,38,41,W,454.5,483
RSW,6,PAPI-4L,69.2,3,26,31,43.02,N,81,46,0.288,W,26.6,1321
RSW,24,PAPI-4L,71.5,3,26,32,37.136,N,81,44,37.161,W,29.8,1359
RTN,2,PAPI-2L,44,3,36,44,9.417,N,104,30,35.116,W,6336,775
RTS,8,PAPI-4L,45,4,39,39,51.049,N,119,53,24.412,W,4995.7,587.247
RTS,26,PAPI-4L,46.4,3,39,39,44.986,N,119,52,8.571,W,5041.2,1055.864
RTS,32,PAPI-4L,39,3,39,39,57.928,N,119,52,13.724,W,5043.7,765.061
RUE,7,PAPI-4L,60.3,3,35,15,28.253,N,93,5,57.026,W,392.2,728
RUE,25,PAPI-4L,83,4,35,15,35.197,N,93,5,25.324,W,392.2,1350
RUG,12,PAPI-2L,27.6,3,48,23,33.323,N,100,1,42.486,W,1534.9,500
RUG,30,PAPI-2L,42.6,3,48,23,20.411,N,100,1,18.155,W,1539.4,1000
RUQ,2,PAPI-2L,33.6,3,35,38,26.105,N,80,31,19.75,W,770.9,618
RUQ,20,PAPI-2L,46.6,3,35,39,3.468,N,80,31,6.627,W,769.5,827
RUT,1,PVASI-PSIR,17.4,3.5,43,31,31.452,N,72,56,58.276,W,787.4,187
RUT,19,PAPI-4L,55,3.2,43,32,10.115,N,72,56,59.642,W,778.2,901
RVF,17,PAPI-2L,28.3,3,45,32,34.41,N,112,17,58.962,W,4782.9,650
RVF,35,PAPI-2L,37.6,3,45,31,48.046,N,112,18,1.771,W,4763.7,650.38
RVJ,11,PAPI-2L,40,3,32,3,39.756,N,82,9,33.066,W,169.2,674
RVJ,29,PAPI-2L,30.6,3,32,3,28.478,N,82,8,52.421,W,192,650
RVL,6,PAPI-2L,48.1,4,40,40,26.602,N,77,37,54.555,W,817.3,664
RVL,24,PAPI-4L,42.2,3,40,40,50.01,N,77,37,19.489,W,813.1,744
RVN,7,PAPI-2L,33.6,4,36,27,21.845,N,82,53,19.967,W,1253.6,494
RVN,25,PAPI-2L,29.1,3,36,27,32.949,N,82,52,51.706,W,1235.7,442
RVR,7,PAPI-4L,44.9,3,18,14,29.677,N,65,38,54.892,W,37.7,901
RVR,25,PAPI-4L,45.5,3,18,15,4.617,N,65,38,3.916,W,16.2,803
RVS,,PAPI-4L,47.5,3,36,2,7.514,N,95,59,13.807,W,623.2,901
RVS,,PAPI-4L,40,2.83,36,2,10.055,N,95,59,4.304,W,620.2,787
RVS,,PAPI-4L,40,2.83,36,2,32.567,N,95,58,57.728,W,624.1,935
RVS,,PAPI-4L,48.1,3.2,36,2,38.233,N,95,59,4.84,W,630,1007
RWF,12,PAPI-2L,38.8,3,44,32,58.44,N,95,5,9.59,W,1018.8,692
RWF,30,PAPI-2L,36.6,3,44,32,42.69,N,95,4,41.02,W,1021.5,693
RWI,4,PAPI-4L,41.3,3,35,51,0.257,N,77,53,48.906,W,153.8,859
RWI,22,PAPI-4L,42.2,3,35,51,44.651,N,77,53,13.093,W,146.9,869
RWL,4,PAPI-4L,44,3,41,48,5.19,N,107,12,27.62,W,6746.5,847
RWL,22,PAPI-4L,44,3,41,48,32.51,N,107,11,37.26,W,6788.9,1448
RWN,9,PAPI-2L,25.2,3,41,5,32.203,N,86,37,7.477,W,705.6,480
RWN,27,PAPI-2L,23.3,3.5,41,5,32.102,N,86,36,31.023,W,708.1,370
RWV,15,PAPI-2L,42.3,3,30,31,1.503,N,96,42,18.215,W,382.3,965.034
RXE,35,VASI-4L,40,3,43,50,0.68,N,111,48,18.88,W,0,0
RYA,17,PAPI-2L,44.6,3,40,6,17.725,N,102,14,28.288,W,3666.8,1050
RYA,35,PAPI-2L,43.4,3,40,5,42.257,N,102,14,28.143,W,3640.9,759
RYN,,PAPI-4L,42.4,3,32,8,31.093,N,111,10,48.132,W,2393,808
RYN,,PAPI-4L,52.7,3,32,8,27.815,N,111,10,34.735,W,2400.4,981
RYN,,VASI-4L,25.7,3,32,8,41.207,N,111,9,50.732,W,2402.4,500
RYN,,PAPI-4L,42,3,32,8,42.063,N,111,10,12.1,W,2396.1,801
RYV,5,PAPI-2L,50,3,43,10,1.21,N,88,43,39.05,W,821.1,895.4
RYV,23,PAPI-2L,45,3,43,10,15.69,N,88,43,12.61,W,821,896.6
RYW,15,PAPI-2L,55.9,4,30,30,5.19,N,97,58,14.08,W,1230.9,808
RYW,33,PAPI-2L,43.2,3.5,30,29,41.66,N,97,58,4.88,W,1222.9,490
RYY,9,PAPI-4L,46.3,4,34,0,47.08,N,84,36,5.02,W,1021.3,762.5
RYY,27,PAPI-4L,45,3,34,0,47.84,N,84,35,23.2,W,997,950
RZL,18,PAPI-2L,27.3,3,40,57,4.317,N,87,10,53.365,W,683.3,808
RZL,36,PAPI-2L,43.5,3,40,56,40.559,N,87,10,53.245,W,676.7,788
RZN,5,PAPI-2L,30.5,3.5,45,49,15.042,N,92,22,36.247,W,989.1,500
RZN,23,PAPI-2L,27.4,3,45,49,35.126,N,92,22,7.081,W,985.3,500
RZN,32,PAPI-2L,37.7,4,45,49,12.444,N,92,22,12.507,W,987.3,550
RZR,3,PAPI-2L,46.3,3.4,35,12,25.189,N,84,48,10.217,W,819.3,873
RZR,21,PAPI-2L,40,3,35,13,3.401,N,84,47,44.172,W,858.5,900
RZT,5,PAPI-4L,44.2,3,39,26,12.34,N,83,1,38.533,W,722,899
RZT,23,PAPI-4L,45,3,39,26,39.722,N,83,1,6.249,W,710.1,752
S01,6,PAPI-2L,45,3,48,10,1.935,N,111,58,54.48,W,3541.3,998
S01,24,PAPI-2L,27.3,3,48,10,12.368,N,111,58,11.019,W,3531.1,473
S05,16,PAPI-4L,55,4,43,5,21.789,N,124,24,28.77,W,109.2,732.962
S05,34,PAPI-4L,41.8,4,43,4,59.626,N,124,24,27.796,W,120.9,622
S12,16,PAPI-2L,21.3,4,44,38,27.986,N,123,3,34.034,W,225.9,303
S12,34,PAPI-2L,28.8,4,44,38,5.365,N,123,3,33.989,W,226.4,410
S21,18,PAPI-4L,45,3.5,43,52,51.938,N,121,27,4.202,W,4159,761
S21,36,PAPI-4L,48.7,3.5,43,52,16.476,N,121,27,18.175,W,4162.8,807.984
S24,6,PAPI-4L,44,3,41,17,35.095,N,83,2,35.632,W,664.5,834
S24,24,PAPI-4L,42,3,41,17,55.203,N,83,1,50.095,W,664.5,638
S25,12,PAPI-2L,42.9,3,47,47,43.394,N,103,15,17.521,W,2079.5,641
S25,30,PAPI-2L,44.6,3,47,47,26.787,N,103,14,39.175,W,2121.9,1024
S30,16,PAPI-2L,40,3.5,44,31,58.731,N,122,55,47.001,W,345.5,706
S30,34,PAPI-2L,43.6,3,44,31,49.529,N,122,55,47.004,W,347.3,849
S31,16,PAPI-2L,43.3,4,48,29,9.421,N,122,56,15.687,W,202.5,709
S31,34,PAPI-2L,32.9,4,48,28,51.466,N,122,56,15.596,W,169.5,376
S33,34,VASI-4L,50.3,3,44,39,45.809,N,121,9,12.207,W,2437,968
S34,31,PAPI-2L,20,3,47,28,9.964,N,114,54,8.419,W,2466.9,418
S39,29,PAPI-4L,42.2,3,44,17,13.953,N,120,53,58.178,W,3236.3,811
S50,17,PAPI-2L,42.6,4,47,19,50.68,N,122,13,36.077,W,58.5,583
S50,35,PAPI-2R,56.9,4,47,19,31.152,N,122,13,35.87,W,61.3,839
S59,15,PAPI-2L,28,3,48,17,21.02,N,115,29,32.4,W,2586.4,491
S59,33,PAPI-2L,30.7,3.75,48,16,43.177,N,115,29,17.476,W,2599.7,546
S64,30,PAPI-2L,35.1,3,47,8,43.532,N,110,13,33.381,W,4314.8,651
S69,4,PAPI-2L,32,4,46,57,7.624,N,112,39,20.661,W,4578.3,449
S70,25,PAPI-2L,31.5,3,46,47,38.884,N,119,4,28.909,W,1147.3,639.952
S87,30,PAPI-4L,37.9,3,44,12,8.583,N,116,57,26.818,W,2114,843
SAA,5,PAPI-4L,49,3,41,26,24.591,N,106,50,15.149,W,6991.1,1391
SAA,23,PAPI-4L,47.1,3,41,26,51.431,N,106,48,55.092,W,6866,731
SAC,12,PAPI-4L,50,3,38,30,59.758,N,121,29,33.636,W,23.1,940
SAC,20,PAPI-4L,35.8,3,38,30,58.659,N,121,29,29.488,W,23.3,682
SAC,30,PAPI-4L,50,3.5,38,30,45.702,N,121,29,14.537,W,23.2,817
SAD,8,PAPI-2L,42.8,3,32,51,14.458,N,109,38,24.672,W,3162.9,764
SAD,12,PAPI-2L,40,3,32,51,26.034,N,109,38,25.482,W,3166.2,751
SAD,26,PAPI-2L,37,3,32,51,14.239,N,109,37,46.25,W,3175.6,759
SAD,30,PAPI-2L,40.2,3,32,50,54.46,N,109,37,48.57,W,3168.7,772
SAF,2,VASI-4L,69,3,35,36,36.24,N,106,5,40.9,W,6302.5,765
SAF,20,VASI-4L,54,3,35,37,29.62,N,106,4,54.92,W,6348.4,1000
SAF,33,VASI-4R,86.3,3,35,36,36.8,N,106,5,14.81,W,6304.4,1000
SAN,9,PAPI-4L,75.9,3.3,32,44,7.333,N,117,11,49.641,W,16.4,1314
SAN,27,PAPI-4R,66.2,3.5,32,43,55.855,N,117,11,2.273,W,15,1067
SAR,18,PAPI-4L,20,3,38,9,14.71,N,89,41,58.04,W,533.3,477
SAR,36,PAPI-4L,24,3.5,38,8,43.64,N,89,41,58.2,W,522.9,380
SAT,4,PAPI-4R,78.5,3,29,31,35.537,N,98,27,59.924,W,781,1587
SAT,,PAPI-4L,40,3,29,32,19.342,N,98,28,32.336,W,794.2,872
SAT,,PAPI-4L,75,3,29,32,24.065,N,98,28,55.301,W,806.3,1495
SAT,22,PAPI-4L,85,3,29,32,16.674,N,98,27,19.346,W,763.8,1430
SAT,,PAPI-4L,82.3,3,29,31,46.865,N,98,28,7.401,W,784,1348
SAT,,PAPI-4L,59.8,3,29,31,55.2,N,98,28,1.277,W,780.8,976
SAV,1,PAPI-4L,73.5,3,32,7,13.01,N,81,12,0.07,W,32,1350
SAV,10,PAPI-4L,69.1,3,32,7,43.38,N,81,12,53.81,W,23.6,1190
SAV,19,VASI-4R,52,3,32,7,59.04,N,81,12,0.42,W,45.3,1000
SAV,28,PAPI-4L,66.3,3,32,7,42.639,N,81,11,32.876,W,49.6,1200
SAW,1,PAPI-4L,51,3,46,20,21.86,N,87,23,54.93,W,1179.1,935
SAW,19,PAPI-4L,53.2,3,46,21,30.627,N,87,23,39.275,W,1199,1084
SAZ,14,PAPI-4L,26.9,3,46,23,0.36,N,94,48,33.1,W,1287.1,518.1
SAZ,32,PAPI-4L,27.4,3,46,22,42.14,N,94,48,14.49,W,1283.4,527.3
SBA,25,PAPI-4L,49.6,3,34,25,40.2721,N,119,50,15.6096,W,12.7,932
SBD,6,PAPI-4L,52,3,34,5,29.66,N,117,14,51.63,W,1090.2,887.3
SBD,24,PAPI-4L,50,3,34,5,56.06,N,117,13,22.34,W,1149.3,1142
SBM,4,PAPI-4L,52.4,3,43,45,55.496,N,87,51,23.505,W,740.9,1001
SBM,13,PAPI-4L,33.6,3,43,46,16.753,N,87,51,26.08,W,748.9,809
SBM,22,PAPI-4L,49.4,3,43,46,34.166,N,87,50,45.92,W,739,1010
SBM,31,PAPI-4L,40.1,3,43,45,55.237,N,87,50,49.946,W,741.9,761
SBN,,PAPI-2L,43.6,3,41,42,50.367,N,86,19,32.672,W,788.2,829
SBN,,PAPI-4L,55,3,41,42,15.821,N,86,19,30.675,W,784.3,1155
SBN,18,PAPI-4L,52.3,3,41,42,55.909,N,86,19,9.486,W,789.1,1175
SBN,,PAPI-4L,53.1,3,41,42,17.117,N,86,18,7.942,W,770.7,980
SBN,,PAPI-2L,46.4,3,41,42,50.913,N,86,18,58.364,W,781.1,867.97
SBN,36,PAPI-4L,52.5,3,41,42,6.408,N,86,19,8.037,W,764,914
SBO,14,PAPI-4L,45,3,32,36,46.66,N,82,22,31.55,W,326,820
SBP,11,VASI-4L,50,3,35,14,22.846,N,120,38,42.416,W,175.2,818
SBP,29,VASI-4L,50,3.25,35,14,5.808,N,120,38,12.504,W,204.2,961
SBS,32,PAPI-2L,40,4,40,30,49.45,N,106,51,52.581,W,6880.8,592
SBU,16,PAPI-4L,35,3,43,35,47.07,N,94,5,37.26,W,1090.9,741
SBU,34,PAPI-4L,35,3,43,35,29.63,N,94,5,29.04,W,1103.1,793
SBY,5,PAPI-4L,44.9,3,38,20,8.839,N,75,30,54.577,W,45,842
SBY,14,PAPI-4L,45,3,38,20,40.697,N,75,30,51.565,W,47.1,844
SBY,23,PAPI-4L,45,3,38,20,34.873,N,75,30,29.971,W,48.6,875
SBY,32,PAPI-2L,49.9,3,38,20,19.469,N,75,30,15.363,W,50.6,960
SCA,10,PAPI-2L,42.2,3,40,14,33.126,N,84,9,5.56,W,1039.6,820
SCA,28,PAPI-2L,35.6,3,40,14,30.59,N,84,8,20.599,W,1042.5,697
SCC,6,VASI-4L,50,3,70,11,35.27,N,148,28,58.98,W,67.5,952
SCC,24,VASI-4L,54,3,70,11,46.89,N,148,26,51.06,W,63.3,982
SCD,9,PAPI-2L,48.5,3,33,10,18.74,N,86,18,36.34,W,548.8,1300
SCD,27,PAPI-2L,40,3,33,10,18.43,N,86,17,57.64,W,545.5,800
SCH,4,PAPI-4L,51.1,3,42,50,56.581,N,73,55,56.532,W,323.7,873
SCH,10,PAPI-2L,50,4,42,50,54.631,N,73,56,14.783,W,324.2,688
SCH,22,PAPI-4L,50.1,3,42,51,40.518,N,73,55,27.42,W,366.9,1179.092
SCH,28,PAPI-2L,50,3,42,50,55.72,N,73,55,33.863,W,321.4,912
SCK,,PAPI-4L,75.2,3,37,53,53.86,N,121,14,39.301,W,27.9,1417
SCK,,PAPI-4L,71.1,3,37,53,18.569,N,121,13,41.44,W,30.9,1380
SCR,4,PAPI-4L,40,4.2,35,41,59.562,N,79,30,27.265,W,594.8,627
SCR,22,PAPI-4L,45,3.5,35,42,30.099,N,79,30,4.51,W,613.8,759
SCX,5,PAPI-4L,43.9,3.5,36,27,7.234,N,84,35,25.956,W,1539.3,807
SCX,23,PAPI-4L,42.3,3,36,27,33.753,N,84,34,51.434,W,1522,806
SDA,4,PAPI-2L,34.7,3,40,44,48.28,N,95,25,0.62,W,961.1,650
SDA,22,PAPI-2L,33.4,3,40,45,14.89,N,95,24,27.67,W,967,650
SDA,30,VASI-4L,42.4,3.5,40,45,6.97,N,95,24,47.289,W,957.8,884
SDC,10,PAPI-2L,40.2,3,43,14,4.26,N,77,7,24.442,W,420.4,837
SDC,28,PAPI-2R,42.3,3.2,43,14,4.865,N,77,6,54.51,W,419.2,749
SDF,11,PAPI-4L,65.4,3,38,10,44.386,N,85,44,35.917,W,476.8,1245
SDF,,PAPI-4L,63,3,38,11,0.245,N,85,43,48.036,W,494.6,1294.017
SDF,,PAPI-4R,64.3,3,38,10,52.231,N,85,44,48.7,W,479.4,1341
SDF,29,PAPI-4L,58.6,3,38,10,27.021,N,85,43,38.963,W,479.4,1130
SDF,,PAPI-4L,74.8,3,38,9,42.983,N,85,44,25.852,W,461.8,1420
SDF,,PAPI-4R,70.9,3,38,10,7.199,N,85,43,29.92,W,474.3,1297.017
SDL,3,PAPI-2L,58.8,4,33,37,3.635,N,111,54,59.529,W,1453.8,753
SDL,21,PAPI-2L,40,4,33,37,44.295,N,111,54,12.611,W,1502,644
SDM,,PAPI-4L,52.4,3,32,34,24.72,N,116,59,25.2,W,528.6,956
SDM,,PAPI-4L,73.4,4,32,34,18.943,N,116,58,15.467,W,509.9,1018
SDP,14,PAPI-4L,30.8,3.6,55,19,2.585,N,160,31,31.335,W,19.5,490
SDP,32,PAPI-4R,36,3.6,55,18,37.023,N,160,31,3.99,W,23.3,571.973
SDY,1,PAPI-2L,33.1,3,47,41,57.002,N,104,12,0.372,W,1983.6,611
SDY,11,PAPI-2L,40.1,3,47,42,40.768,N,104,11,29.474,W,1981,775
SDY,19,PAPI-2L,41,3,47,42,35.965,N,104,11,35.003,W,1980.3,781
SDY,29,PAPI-2L,21.6,3,47,42,27.982,N,104,10,52.314,W,1967.5,396
SEA,,PAPI-4L,71.2,3,47,27,35.326,N,122,18,39.667,W,424.2,1458
SEA,,PAPI-4L,76.3,3,47,27,34.681,N,122,18,28.033,W,429,1518
SEA,,PAPI-4R,69.3,3,47,27,35.51,N,122,19,4.408,W,408.2,1449
SEA,,PAPI-4L,72.6,3,47,26,28.54,N,122,18,40.252,W,372.6,1200
SEA,,PAPI-4L,75.2,3,47,26,38.278,N,122,19,4.902,W,365.8,1252
SEA,,PAPI-4L,81.1,2.75,47,26,6.412,N,122,18,28.812,W,358.7,1438
SEE,,PAPI-4R,45.2,3.75,32,49,44.708,N,116,58,45.055,W,361.7,650
SEE,17,PAPI-4L,31.4,3.7,32,49,37.343,N,116,58,20.87,W,370,450
SEE,,PAPI-4L,45,4.5,32,49,37.64,N,116,58,5.91,W,381.8,570
SEE,35,PAPI-4L,18.6,3.5,32,49,15.285,N,116,58,20.695,W,377.9,330
SEF,1,PAPI-4L,41.9,3,27,27,1.58,N,81,20,34.93,W,59.7,800
SEF,19,PAPI-4L,41.9,3,27,27,37.57,N,81,20,35.07,W,60.3,800
SEG,35,PAPI-4L,45,3.5,40,49,3.738,N,76,51,44.468,W,444.5,750
SEM,15,PAPI-4L,50.1,3,32,21,2.802,N,86,59,35.78,W,166.5,1000
SEM,33,PAPI-4L,55.6,3,32,20,14.064,N,86,58,56.769,W,166.4,1059
SER,5,PAPI-2L,32.5,3,38,54,59.224,N,85,54,34.566,W,569.4,601
SER,14,PAPI-2L,23.5,3,38,55,39.879,N,85,55,10.831,W,579.6,508
SER,23,PAPI-2L,32.5,3,38,55,32.968,N,85,53,52.734,W,576.2,648
SER,32,PAPI-2L,37.6,3,38,55,10.508,N,85,54,32.03,W,570.9,724
SET,18,PAPI-4L,40,3,38,55,53.326,N,90,25,51.086,W,434.5,739
SET,36,VASI-4L,41,3,38,55,31,N,90,25,51.43,W,436.7,802
SEZ,3,PAPI-4L,43.6,3,34,50,41.355,N,111,47,35.31,W,4748.5,599
SEZ,21,PAPI-4L,49.3,3.5,34,51,5.314,N,111,47,5.464,W,4814.8,1059
SFB,,PAPI-2L,35,4,28,46,42.441,N,81,14,38.064,W,51.8,502
SFB,,PAPI-4L,71,3,28,46,54.294,N,81,14,54.759,W,52.4,1374
SFB,,PAPI-4L,44.4,3,28,46,11.832,N,81,13,41.087,W,32.4,1005
SFB,18,PAPI-4L,48,3,28,46,50.777,N,81,14,5.214,W,48.5,914
SFB,,PAPI-2L,27,3,28,46,42.48,N,81,14,9.255,W,48.5,512
SFB,,PAPI-4L,47.3,3,28,46,11.881,N,81,13,6.165,W,25.4,887
SFB,,PAPI-4R,72,3,28,46,54.418,N,81,13,33.074,W,31.3,1359
SFB,36,PAPI-4L,45,3,28,46,8.928,N,81,14,5.12,W,45.7,861
SFF,,VASI-2L,49.7,3,47,40,50.446,N,117,19,42.067,W,1947.8,922
SFF,,PAPI-4L,39,3.8,47,41,3.468,N,117,19,2.855,W,1951.6,619
SFF,,VASI-2R,44,3.5,47,41,6.854,N,117,19,8.388,W,1952.9,735
SFM,7,PAPI-4L,52.5,3,43,23,17.31,N,70,42,59.29,W,238.5,1022.5
SFM,14,PAPI-4L,21,4,43,23,55.54,N,70,42,37.37,W,240.3,307
SFM,25,PAPI-4L,47,3,43,23,38.48,N,70,42,12.16,W,233.5,890
SFM,32,PAPI-4L,34.1,3,43,23,40.47,N,70,41,59.94,W,232.1,650
SFO,,PAPI-4L,80,3,37,37,36.291,N,122,23,19.112,W,6.2,1555.448
SFO,,PAPI-4L,67.8,3,37,37,28.655,N,122,23,20.885,W,6.8,1300
SFO,,PAPI-4L,70.8,3,37,37,26.67,N,122,22,9.398,W,10.4,1344.54
SFO,,PAPI-4L,57.7,3.15,37,37,26.378,N,122,22,20.131,W,10.5,1024
SFO,,PAPI-4L,67,2.85,37,36,49.858,N,122,21,48.39,W,11.5,1368.002
SFO,,PAPI-4L,68.1,3,37,36,56.411,N,122,21,44.034,W,11.6,1367.48
SFQ,4,PAPI-4L,38.6,3,36,40,40.447,N,76,36,4.215,W,66.1,739.458
SFQ,22,PAPI-4L,45,3.5,36,41,10.43,N,76,35,42.71,W,66.9,766
SFY,13,PAPI-2L,44.8,3.4,42,2,54.05,N,90,6,40.502,W,614.2,719
SFY,31,PAPI-2L,26.7,3,42,2,34.465,N,90,6,14.665,W,613.3,501
SFZ,5,PAPI-4R,52,3,41,55,7.018,N,71,29,38.984,W,427.2,852
SFZ,15,PAPI-4L,35,3.5,41,55,12.78,N,71,29,40.39,W,424.8,588.3
SFZ,23,PAPI-4L,35,3,41,55,36.5,N,71,29,14.26,W,421.8,627.2
SGF,2,VASI-4L,54.4,3,37,14,17.965,N,93,23,16.413,W,1262.3,1048
SGF,14,PAPI-4R,56,3,37,15,10.402,N,93,23,53.503,W,1259.6,1089
SGF,20,PAPI-4L,47.2,3,37,15,3.805,N,93,22,53.483,W,1258.6,961
SGF,32,PAPI-4L,34.6,3,37,14,22.28,N,93,23,6.112,W,1265.8,716
SGH,6,PAPI-4L,44.8,3,39,50,11.335,N,83,50,55.86,W,1049.9,881
SGH,15,PAPI-4L,36.1,3,39,50,30.118,N,83,50,50.909,W,1044.6,634
SGH,24,PAPI-4L,60.1,3,39,50,52.206,N,83,49,42.384,W,1041.4,1061
SGH,33,PAPI-4L,36.5,3,39,49,56.482,N,83,50,19.427,W,1042.7,667
SGJ,6,PAPI-2L,47.4,3.25,29,57,18.237,N,81,20,20.219,W,9.5,836
SGJ,13,VASI-4L,44.4,3,29,57,51.54,N,81,20,45.092,W,9.7,849
SGJ,31,PAPI-4L,54,3,29,57,26.607,N,81,20,6.14,W,6.3,1037
SGR,17,PAPI-2R,51.6,3.5,29,37,47.227,N,95,39,26.085,W,80.4,870
SGR,35,PAPI-4L,56,3,29,37,10.527,N,95,39,22.621,W,75,1046
SGS,16,PAPI-4L,40,3,44,51,37.097,N,93,2,3.344,W,819.6,789
SGS,34,PAPI-4L,40,3,44,51,14.085,N,93,1,53.109,W,818.9,768
SGT,9,PAPI-2L,42.8,3,34,36,14.089,N,91,34,33.882,W,221.1,800
SGT,27,PAPI-2L,43.3,3,34,36,12.985,N,91,33,53.21,W,220,800
SGU,1,PAPI-4L,50,3,37,1,36.387,N,113,30,55.385,W,2838,851
SGU,19,PAPI-4L,55,3.1,37,2,43.323,N,113,30,19.96,W,2879.3,1094
SHD,5,PAPI-4L,55.7,3,38,15,34.306,N,78,54,2.654,W,1177.5,1002
SHD,23,PAPI-4L,44,3,38,16,5.469,N,78,53,31.545,W,1193.1,988
SHL,15,PAPI-2L,40,3,43,12,41.1,N,95,50,7.15,W,1416.7,885
SHL,33,PAPI-2L,40,3,43,12,18.44,N,95,49,52.98,W,1414.6,791
SHN,23,PAPI-4L,46.6,3,47,14,6.61,N,123,8,30.18,W,270.2,940
SHR,6,PAPI-4L,57.3,4,44,46,19.36,N,106,59,0.592,W,3999,1133
SHR,15,PAPI-4L,49.7,3,44,46,27.82,N,106,59,10.071,W,4006.5,1050
SHR,24,PAPI-4L,38.5,3,44,46,31.386,N,106,58,18.802,W,3943.4,653
SHR,33,PAPI-4L,54.1,3,44,45,31.081,N,106,58,35.141,W,3978.6,974
SHV,6,PAPI-4L,50,3,32,26,43.037,N,93,49,56.714,W,237.1,977
SHV,14,PAPI-4R,49.7,3,32,27,5.288,N,93,49,57.907,W,250.8,1085
SHV,24,PAPI-4L,49.6,3,32,27,7.558,N,93,49,4.756,W,229.3,930
SHX,34,PAPI-4L,25,3,62,41,20.28,N,159,34,9.03,W,109,477
SIF,13,PAPI-4L,45.2,3.7,36,26,20.931,N,79,51,16.113,W,675.4,861
SIF,31,PAPI-4L,38.2,3.7,36,26,2.956,N,79,50,43.85,W,665.1,636
SIG,9,PAPI-2R,43.9,2.83,18,27,22.463,N,66,6,10.938,W,9.5,872
SIK,3,PAPI-4L,45.4,3,36,53,39.42,N,89,33,51.46,W,313,920
SIK,21,PAPI-4L,45.4,3,36,54,12.6,N,89,33,33.09,W,314.5,910
SIT,11,VASI-4L,49.8,3,57,3,5.87,N,135,22,10.94,W,24.5,945
SIT,29,VASI-4R,52,3,57,2,31.57,N,135,21,9.16,W,26.3,997.5
SIV,18,PAPI-2L,40,3,39,7,7.407,N,87,26,53.771,W,539.3,718
SIV,36,PAPI-2L,40,3,39,6,38.748,N,87,26,54.21,W,535.8,741
SIY,17,PAPI-2L,50,3,41,47,19.79,N,122,27,58.24,W,2645,1005
SIY,35,PAPI-2L,50,3,41,46,25.72,N,122,28,12.37,W,2631,908
SJC,,PAPI-4R,70,3,37,22,10.304,N,121,56,3.061,W,38.4,1338
SJC,,PAPI-4R,74.5,3,37,22,5.656,N,121,56,9.486,W,41.3,1360
SJC,,PAPI-4L,69.9,3,37,21,32.942,N,121,55,33.62,W,53.3,1409
SJC,,PAPI-4L,69,3,37,21,37.517,N,121,55,27.119,W,51.5,1412
SJS,3,PAPI-2L,37.7,4,37,44,46.296,N,82,38,25.269,W,1172.5,498
SJS,21,PAPI-2L,25,3,37,45,20.403,N,82,37,59.363,W,1221.7,474
SJT,18,PAPI-4L,45,3,31,21,50.401,N,100,29,53.618,W,1901.7,854
SJT,21,VASI-4L,52,3,31,21,34.584,N,100,29,20.572,W,1899.6,1001
SJT,36,PAPI-4L,47.6,3,31,20,58.039,N,100,30,1.448,W,1916.3,963
SJU,8,PAPI-4L,70.1,3,18,26,24.662,N,66,0,40.8,W,8.8,1327
SJU,10,PAPI-4L,52.5,3,18,26,0.785,N,66,0,39.031,W,9.2,1000
SJU,28,PAPI-4L,52.5,3,18,26,0.636,N,65,59,36.712,W,9.5,1016
SJX,27,PAPI-4L,39.7,4,45,41,29.104,N,85,33,47.094,W,667.9,559
SKA,5,PAPI-4L,57.7,3,47,36,31.76,N,117,40,38.03,W,2457.2,1196
SKA,23,PAPI-4L,55.5,3,47,37,17.36,N,117,38,1.25,W,2417.8,1009.8
SKF,16,PAPI-4L,89.3,3,29,23,40.94,N,98,35,5.88,W,685.9,1774
SKF,34,PAPI-4R,92.7,3,29,22,24.78,N,98,34,37.88,W,663.3,1694
SKI,14,PAPI-2L,29.6,3.5,42,22,55.97,N,94,58,51.8,W,1245.8,577
SKI,18,PAPI-2L,28.3,3,42,22,54.79,N,94,58,45.86,W,1242.5,650
SKI,32,PAPI-2L,29.9,3.5,42,22,45.21,N,94,58,42.52,W,1238.6,480
SKI,36,PAPI-2L,28.1,3,42,22,26.46,N,94,58,46.26,W,1235.3,582
SKX,4,PAPI-4L,40,3,36,27,16.9131,N,105,40,43.8358,W,7056.2,328
SKX,13,PAPI-4L,37,3,36,27,17.083,N,105,40,55.783,W,7049.7,660.797
SKX,22,PAPI-4L,40.1,3,36,27,40.19,N,105,40,0.914,W,7084.9,951
SKX,31,PAPI-4L,40,3,36,26,24.132,N,105,39,55.506,W,7030.3,661.124
SLB,17,PAPI-2L,27,3,42,35,58.928,N,95,14,31.302,W,1480.6,498
SLB,35,PAPI-2L,27,3,42,35,19.511,N,95,14,26.551,W,1480.6,497
SLC,14,PAPI-4L,40,3,40,47,1.12,N,111,58,11.46,W,4223,848
SLC,,PAPI-4L,70,3,40,48,13.591,N,111,58,35.42,W,4230.7,1345
SLC,,PAPI-4L,73,3,40,48,14.342,N,111,59,55.838,W,4224.5,1388
SLC,17,PAPI-4R,72.9,3,40,47,42.409,N,111,57,43.454,W,4222,1386
SLC,32,PAPI-4L,41,3,40,46,32.897,N,111,57,52.537,W,4225.8,838
SLC,,PAPI-4L,73,3,40,46,43.155,N,111,59,45.231,W,4228.7,1345
SLC,,PAPI-4L,73,3,40,46,42.43,N,111,58,24.846,W,4224.6,1393
SLC,35,PAPI-4L,73.8,3,40,46,38.811,N,111,57,43.452,W,4224.9,1448
SLE,13,VASI-4L,50.1,3,44,54,52.85,N,123,0,19.723,W,197.2,922
SLE,16,PAPI-4L,37.7,3,44,54,50.824,N,123,0,12.026,W,197.6,727
SLE,34,PAPI-4L,41.7,4,44,54,13.635,N,123,0,12.733,W,209.2,652
SLG,18,PAPI-2L,43.6,3,36,11,46.546,N,94,29,22.134,W,1188.5,886
SLG,36,PAPI-2L,43.1,3,36,11,13.691,N,94,29,25.912,W,1179.9,775
SLH,10,PAPI-2L,39.7,4,45,39,15.096,N,84,31,30.005,W,639,575
SLH,28,PAPI-2L,25,4,45,39,15.148,N,84,30,46.838,W,628.3,363
SLI,,PAPI-4L,75,3,33,47,38.89,N,118,2,33.08,W,29,1431
SLK,5,PAPI-4L,35.4,3,44,22,54.824,N,74,12,41.883,W,1634.5,750
SLN,12,PAPI-4L,45,3,38,47,31.075,N,97,39,52.981,W,1260.1,871.9
SLN,17,PAPI-4L,52,3,38,48,27.144,N,97,38,45.428,W,1245.8,1045
SLN,30,PAPI-4L,45,3,38,46,59.498,N,97,39,8.778,W,1272.2,899.1
SLN,35,PAPI-4R,48,3,38,46,45.644,N,97,38,45.173,W,1267.5,986
SLO,18,PAPI-4L,39.4,3,38,38,46.99,N,88,57,50.97,W,572.6,768
SLO,36,PAPI-4R,27.6,3,38,38,19.63,N,88,57,51.2,W,565.1,563
SLR,1,PAPI-4L,56,3,33,9,24.27,N,95,37,18.38,W,478,1360
SLR,19,PAPI-4L,40,3,33,9,52.35,N,95,37,12.69,W,467.6,762
SMD,5,PAPI-2L,43.4,4,41,8,32.192,N,85,9,17.633,W,833.1,593
SMD,23,PAPI-2L,40,3.05,41,8,41.362,N,85,9,2.811,W,829.1,775
SME,5,PAPI-2R,59.8,3,37,3,3.046,N,84,37,7.781,W,920.5,1020
SME,23,PAPI-2L,53.8,3,37,3,24.753,N,84,36,42.615,W,924.9,970
SMF,,PAPI-4L,64,3,38,42,13.628,N,121,34,48.415,W,26.4,1221.1
SMF,,PAPI-4R,72.2,3,38,42,12.834,N,121,36,4.122,W,22.8,1375
SMF,,PAPI-4R,75.6,3,38,41,15.513,N,121,36,5.074,W,23.5,1424
SMF,,PAPI-4L,64,3,38,41,12.72,N,121,34,49.439,W,22.7,1221.1
SMN,17,PAPI-4L,55,3.5,45,7,41.57,N,113,52,49.71,W,4033,942.5
SMO,3,PAPI-4L,28,3.42,34,0,47.1,N,118,27,16.365,W,130.8,351
SMO,21,PAPI-4L,45,3.5,34,1,2.836,N,118,26,57.749,W,158.2,916
SMQ,12,PAPI-2R,30.2,3,40,37,35.29,N,74,40,24.846,W,87.9,499
SMQ,30,PAPI-2L,43.3,4,40,37,30.669,N,74,40,7.188,W,105.2,600
SMS,5,PAPI-4L,46.4,3,33,59,30.952,N,80,21,56.704,W,179.6,869
SMS,23,PAPI-4L,44.7,3,33,59,58.251,N,80,21,25.956,W,182.2,848
SMX,12,PAPI-4R,55,3,34,54,22.864,N,120,27,43.388,W,220.4,985
SMX,30,PAPI-4R,46.3,3.6,34,53,39.038,N,120,26,50.95,W,257,800
SNA,,PAPI-4L,75.3,3,33,40,16.786,N,117,52,17.772,W,55.2,1450
SNA,,PAPI-4L,25.7,3,33,40,47.44,N,117,51,51.653,W,42,479
SNA,,PAPI-4L,68.2,3,33,40,43.391,N,117,52,0.915,W,46.1,1207
SNH,1,PAPI-2L,28,3,35,9,53.737,N,88,13,3.286,W,472.1,548
SNH,19,PAPI-2L,31.1,3,35,10,32.018,N,88,12,57.145,W,456.5,550
SNK,17,PAPI-4R,33,3,32,42,5.6,N,100,56,55.71,W,2418.4,671
SNK,35,PAPI-4L,30,3,32,41,22.82,N,100,56,56.01,W,2425.9,603
SNL,17,PAPI-4L,51.5,3,35,21,46.985,N,96,56,34.226,W,1073,909
SNL,35,PAPI-4L,41.7,3,35,21,8.278,N,96,56,34.183,W,1067,770
SNP,18,PAPI-4R,46,3,57,10,21.608,N,170,13,14.013,W,68.2,887
SNP,36,PAPI-4L,51.5,3,57,9,36.353,N,170,13,28.172,W,43.4,954
SNS,8,VASI-2L,52.8,3,36,39,44.899,N,121,36,50.181,W,72.3,964
SNS,13,VASI-4L,50.4,3,36,39,58.953,N,121,36,29.745,W,82.4,961
SNS,26,VASI-2L,42.8,3,36,39,40.447,N,121,36,4.069,W,82.8,860
SNS,31,PAPI-2L,59,3,36,39,35.952,N,121,36,11.779,W,80.7,1115
SNY,13,PAPI-2L,44.8,3,41,6,20.934,N,102,59,28.466,W,4307.8,981
SNY,31,PAPI-2L,49.9,3,41,5,48.057,N,102,58,44.91,W,4284.4,907
SOA,18,PVASI-2L,25.4,3,30,35,22.64,N,100,38,51.95,W,2139.9,476
SOA,36,PVASI-2L,26.4,3,30,34,59.32,N,100,38,56.73,W,2139.9,474
SOP,5,PAPI-4L,40.3,3,35,14,2.485,N,79,23,36.087,W,449.1,863
SOP,23,PAPI-4R,41.2,3,35,14,28.409,N,79,23,3.107,W,427.6,851
SOW,7,PAPI-2L,31.9,3,34,15,52.705,N,110,0,52.91,W,6400.8,599
SOW,25,PAPI-2L,49.3,3,34,16,4.686,N,109,59,55.117,W,6401.8,901
SPA,5,PAPI-4R,45.2,3,34,54,43.375,N,81,57,37.669,W,797.6,806
SPA,23,PAPI-4L,45.5,3,34,55,14.905,N,81,57,3.703,W,791,784
SPB,15,PAPI-4L,40.8,3.73,45,46,34.04,N,122,51,47.82,W,53.6,658
SPB,33,PAPI-4L,40,3,45,45,54.21,N,122,51,36.4,W,47.4,327
SPF,13,PAPI-4L,50,3,44,29,18.866,N,103,47,38.201,W,3874.1,1138
SPF,31,PAPI-4L,50.1,3,44,28,49.301,N,103,46,57.166,W,3890.6,1041
SPG,7,PAPI-2L,40.1,3.31,27,45,53.277,N,82,37,48.654,W,6,703
SPG,18,PAPI-2R,48.2,4,27,45,57.653,N,82,37,29.349,W,5,714
SPG,25,PAPI-2L,39.9,3.9,27,46,0.479,N,82,37,33.363,W,4.8,599
SPG,36,PAPI-2L,45,4,27,45,45.671,N,82,37,29.26,W,5.5,635
SPH,18,PAPI-2L,49.3,3,32,59,13.644,N,93,24,33.05,W,209.1,864
SPH,36,PAPI-2L,53.8,3,32,58,50.884,N,93,24,33,W,217,1037
SPI,4,VASI-4L,56,3,39,50,20.59,N,89,41,2.25,W,588.9,1050
SPI,13,PAPI-4R,50,3,39,50,54.97,N,89,41,9.83,W,587.8,936
SPI,22,VASI-4L,54,3,39,51,3.81,N,89,40,12.42,W,596.8,1100
SPI,31,VASI-4L,54,3,39,50,22.48,N,89,40,13.09,W,584.2,950
SPK,12,PAPI-4L,31.5,3,40,8,59.836,N,111,40,29.035,W,4524.8,585
SPK,30,PAPI-4L,34.6,3,40,8,24.79,N,111,39,38.949,W,4529.3,650
SPS,,PAPI-4L,46.2,3,34,0,13.814,N,98,29,45.527,W,999.4,952
SPS,,PAPI-4L,40.3,3,34,0,32.733,N,98,29,32.21,W,1016.6,816
SPS,,PAPI-4L,54.6,3,34,0,3.617,N,98,29,53.43,W,996,1086
SPS,,PAPI-4L,48.3,3,33,58,59.43,N,98,29,9.902,W,987.6,955
SPS,,PAPI-4L,55.8,3,33,58,23.225,N,98,29,5.352,W,999,1088
SPS,,PAPI-4L,39.7,3,33,59,51.679,N,98,29,12.546,W,1001.9,716
SPW,12,VASI-4L,45,3,43,10,9.543,N,95,12,34.35,W,1338.9,867
SPW,18,PAPI-4L,52.9,3,43,10,10.715,N,95,12,6.739,W,1336.9,1000
SPW,30,VASI-2L,26.1,3,43,9,45.202,N,95,11,49.002,W,1335.7,476
SPW,36,PAPI-4L,53.3,3,43,9,40.246,N,95,12,10.826,W,1337.3,1000
SPZ,6,PAPI-2L,40,3,39,24,3.7,N,119,15,28.78,W,4252.7,943
SPZ,24,PAPI-2L,40,3,39,24,19.18,N,119,14,36.52,W,4216.7,665
SQI,7,PAPI-4L,48.8,3,41,44,24.454,N,89,40,52.315,W,643.5,1020
SQL,12,VASI-2L,25,3,37,30,48.713,N,122,15,5.115,W,5.1,492
SQL,30,VASI-2L,25,3,37,30,36.68,N,122,14,51.502,W,5.4,491
SRB,4,PAPI-4L,55.2,3,36,3,5.166,N,85,32,4.766,W,1016.4,999
SRB,22,PAPI-4L,25,3,36,3,41.98,N,85,31,33.169,W,1024,476
SRC,1,PAPI-4L,57.3,3,35,12,19.387,N,91,44,20.284,W,237.4,1054.9
SRC,19,PAPI-4L,40,3,35,12,58.77,N,91,44,9.52,W,261.4,871
SRE,16,PAPI-4L,27.1,3,35,16,51.17,N,96,40,35.4,W,1020.5,575
SRE,34,PAPI-4L,49.1,3,35,16,14.31,N,96,40,23.83,W,1019,575
SRQ,4,PAPI-4L,45.7,3,27,23,30.555,N,82,33,21.727,W,22.3,848
SRQ,14,PAPI-4L,52.2,3,27,23,59.998,N,82,33,37.262,W,22.3,1053
SRQ,22,PAPI-4L,43.4,3,27,23,56.558,N,82,32,58.877,W,23.8,821
SRQ,32,PAPI-4L,51.4,3,27,23,26.191,N,82,32,58.56,W,24.5,1066
SRR,12,PAPI-2L,40,3,33,27,45.554,N,105,31,46.795,W,6765.3,910
SRR,30,PAPI-2L,40,3,33,27,13.631,N,105,31,5.09,W,6729.5,612
SSC,,PAPI-4L,35.1,2.8,33,57,48.02,N,80,28,48.55,W,236.9,719
SSC,,PAPI-4L,49.2,3,33,57,55.65,N,80,28,27.76,W,235.1,952
SSC,,PAPI-4L,50,3,33,58,45.26,N,80,27,46.5,W,234,952
SSC,,PAPI-4L,50.9,2.8,33,58,54.93,N,80,27,52.9,W,238.4,1060
SSF,10,PAPI-4L,40,3,29,20,16.004,N,98,28,37.176,W,572.8,838
SSF,14,PAPI-4R,35,3,29,20,19.322,N,98,28,11.153,W,569.7,681
SSF,28,PAPI-4L,40,3,29,20,9.607,N,98,28,4.325,W,565.7,734
SSF,32,PAPI-4L,40,3,29,20,4.375,N,98,27,59.366,W,562.5,656
SSI,4,PAPI-2L,56.8,4,31,8,57.177,N,81,23,45.499,W,13.1,797
SSI,16,PAPI-2L,45.5,3.25,31,9,15.076,N,81,23,16.186,W,18.2,798
SSI,22,PAPI-2L,54.3,4,31,9,15.539,N,81,23,29.919,W,16,797
SSI,34,PAPI-2L,55,3.75,31,8,59.825,N,81,23,7.589,W,14.3,803
SSQ,14,PAPI-2L,22.3,4,45,43,59.592,N,91,55,23.152,W,1232.4,322
SSQ,32,PAPI-2L,22.7,3,45,43,43.821,N,91,55,2.272,W,1231.5,381
STC,5,PAPI-4R,30.6,3,45,32,38.984,N,94,3,46.822,W,1020.4,590
STC,13,PAPI-4R,50,3,45,33,7.147,N,94,3,59.945,W,1027.3,990.1
STC,23,PAPI-4L,29.7,3,45,32,48.025,N,94,3,25.156,W,1020,616
STC,31,PAPI-4L,50,3,45,32,31.317,N,94,3,10.697,W,1017.4,964.2
STE,3,PAPI-2L,43.6,3,44,32,25.285,N,89,32,6.254,W,1105.3,808
STE,21,PAPI-4L,44.6,3,44,33,2.588,N,89,31,36.573,W,1108.8,873
STF,18,PAPI-2L,35.9,3,33,26,5.78,N,88,50,55.17,W,328,732
STF,36,PAPI-2L,40.4,3,33,25,39.31,N,88,50,54.38,W,322,762
STJ,13,PAPI-4L,40,3,39,46,21.048,N,94,55,6.411,W,812.4,766
STJ,17,PAPI-4L,55.5,3,39,46,53.732,N,94,54,24.879,W,825.6,1086
STJ,31,PAPI-4L,40,3,39,45,57.903,N,94,54,37.166,W,811.8,760
STJ,35,PAPI-4L,63.8,2.8,39,45,57.702,N,94,54,24.883,W,813.1,1305
STL,6,PAPI-4R,50.7,3,38,44,53.395,N,90,22,39.123,W,539.3,1181
STL,11,PAPI-4R,67,3,38,45,27.87,N,90,24,19.384,W,605.5,1512
STL,,PAPI-4R,60.1,3,38,45,0.9,N,90,21,47.489,W,532.5,1055
STL,,PAPI-4L,71.2,3,38,45,3.726,N,90,22,24.017,W,532.7,1494
STL,24,PAPI-4L,52.8,3,38,45,17.197,N,90,21,39.918,W,527.4,1149
STL,29,PAPI-4L,73,3,38,44,54.833,N,90,23,12.332,W,565.3,1212
STL,,PAPI-4R,57.6,3,38,44,24.566,N,90,21,4.609,W,565.9,1422
STL,,PAPI-4R,57.3,3,38,44,25.477,N,90,20,35.664,W,597,1232
STP,13,PAPI-4L,40,3,44,56,16.2984,N,93,3,45.5604,W,704.3,789
STP,14,PAPI-4R,49.7,3,44,56,17.521,N,93,3,54.0531,W,704.9,952
STP,27,PAPI-4R,40,4,44,56,5.1565,N,93,3,22.5466,W,701.4,570
STP,31,PAPI-4L,45,3,44,56,2.2069,N,93,3,19.9286,W,701.5,883
STP,32,PAPI-4L,40,3,44,55,44.651,N,93,3,22.8819,W,701.9,801
STS,2,PAPI-2L,50,3,38,30,20.776,N,122,49,8.802,W,121.5,1087
STS,14,PAPI-4R,48.9,3,38,30,55.236,N,122,48,45.548,W,114.4,859
STS,20,PAPI-4L,47.9,3.5,38,30,49.791,N,122,48,48.182,W,115.1,753
STT,10,PAPI-4L,70.5,3,18,20,13.365,N,64,58,45.3,W,18,1450
STX,10,PAPI-4L,73,3,17,42,1.924,N,64,48,42.842,W,65.5,1530
STX,28,PAPI-4L,80,3,17,42,8.257,N,64,47,40.174,W,35.9,1380
SUA,7,PAPI-4L,42.4,3,27,10,56.958,N,80,13,36.104,W,15.5,810
SUA,12,PAPI-4L,34.9,3,27,10,51.742,N,80,13,41.654,W,15.2,637
SUA,25,PAPI-4L,44.2,3,27,11,8.084,N,80,13,4.937,W,11.7,812
SUA,30,PAPI-4L,28.3,3,27,10,37.321,N,80,12,57.957,W,11.9,524
SUE,2,PAPI-4L,34.2,3,44,50,18.78,N,87,25,27.22,W,724.3,608
SUE,10,PAPI-4L,32.4,3,44,50,40.75,N,87,25,24.77,W,719.5,619
SUE,20,PAPI-4L,46.4,3,44,50,51.91,N,87,25,16.55,W,722,550
SUE,28,PAPI-4L,36.7,3,44,50,39.72,N,87,24,57.75,W,719.5,630
SUN,31,PAPI-4L,55,3.5,43,29,49.431,N,114,17,20.563,W,5269,777
SUO,16,PAPI-2L,42.3,3,43,15,45.974,N,100,51,38.065,W,2683.3,802
SUO,34,PAPI-2L,30,3,43,15,14.918,N,100,51,30.291,W,2712,802
SUS,,PAPI-4L,33.4,3,38,39,52.199,N,90,39,57.978,W,463.1,636
SUS,,VASI-2R,55.4,3,38,39,29.85,N,90,39,22.14,W,461.5,1050
SUS,,VASI-2L,55,3,38,39,39.869,N,90,38,21.637,W,461.8,1050
SUS,,VASI-2L,47.6,3.5,38,39,59.518,N,90,39,13.737,W,463.2,777.962
SUT,5,PAPI-2L,39.3,3,33,55,36.009,N,78,4,39.697,W,20.1,752
SUT,23,PAPI-2L,32,4,33,56,4.938,N,78,4,9.488,W,23.9,476
SUU,,PAPI-4L,75,2.5,38,14,47.31,N,121,57,9.204,W,32.7,1718
SUU,,PAPI-4L,69.4,2.5,38,15,51.404,N,121,55,21.361,W,56.2,1521
SUU,,PAPI-4L,75.2,2.8,38,16,44.562,N,121,54,7.301,W,55.8,1486
SUU,,PAPI-4L,74.9,2.8,38,15,38.945,N,121,55,57.333,W,50.6,1527
SUW,4,PAPI-4L,28.3,3,46,41,25.66,N,92,5,55.95,W,669.7,594.7
SUW,32,PAPI-4L,40.5,4,46,40,48.973,N,92,5,29.815,W,673.5,596.3
SUX,13,VASI-4L,50,3,42,24,26.14,N,96,23,42.594,W,1092.4,981
SUX,18,PAPI-4R,54.4,3,42,24,31.083,N,96,22,55.244,W,1098.1,1022
SUX,31,VASI-4L,50.7,3,42,23,36.101,N,96,22,36.678,W,1094.8,941
SUX,36,PAPI-4L,54.4,3,42,23,48.063,N,96,22,55.931,W,1095.7,1023
SUZ,2,PAPI-4L,55.7,3,34,35,10.559,N,92,28,52.516,W,398,900
SUZ,20,PAPI-4L,62.6,3,34,35,41.593,N,92,28,38.866,W,410,763
SVA,5,VASI-4L,33.3,3,63,41,2.83,N,170,30,5.08,W,53.5,648
SVA,23,VASI-4L,24.2,3,63,41,19.26,N,170,29,1.94,W,49.9,452
SVC,8,PAPI-4L,44,3,32,37,56.7,N,108,9,45.12,W,5384.3,841
SVC,26,PAPI-4L,44.7,3,32,37,56.51,N,108,8,45.44,W,5374.2,855
SVE,11,PAPI-2L,40,3,40,22,41.881,N,120,34,30.266,W,4141.9,864
SVE,29,PAPI-2L,52,4,40,22,26.327,N,120,34,5.132,W,4126.4,684
SVH,10,PAPI-4L,50,3,35,45,56.892,N,80,57,43.763,W,954.4,1034
SVH,28,PAPI-4L,49.6,3,35,45,51.551,N,80,56,49.121,W,963,883
SVN,10,PAPI-4R,54.5,3,32,0,37.83,N,81,9,39.49,W,17.7,1039.8
SVN,28,PAPI-4L,54.4,3,32,0,34.32,N,81,7,51.59,W,32.2,1037.6
SVR,16,PAPI-4L,42.7,3,40,37,31.362,N,111,59,38.059,W,4604.6,787
SVR,34,PAPI-4L,40,3,40,36,49.481,N,111,59,30.763,W,4602.5,798
SVS,5,PAPI-4L,25,3,66,0,56.82,N,149,3,51.13,W,322.1,450
SVS,23,PAPI-4L,25,3,66,1,6.79,N,149,2,40.37,W,325.5,453
SVW,35,PAPI-2R,51.5,4,61,5,34.03,N,155,34,29.3,W,1380.3,518
SWF,9,PAPI-4L,65,3,41,30,9.689,N,74,7,6.868,W,476.3,1349.58
SWF,16,PAPI-4L,53.4,3,41,30,31.452,N,74,5,58.1,W,470.2,1035
SWF,27,PAPI-4L,56.2,3,41,30,20.274,N,74,5,58.41,W,464.48,1149.611
SWF,34,PAPI-4L,48.8,3,41,29,56.025,N,74,5,30.204,W,444.2,802.13
SWO,4,PAPI-4L,42.6,3,36,9,25.715,N,97,5,18.3,W,956.4,906
SWO,17,PAPI-4L,49.5,3,36,10,9.396,N,97,5,12.57,W,991.4,1105
SWO,22,PAPI-4L,39.2,3,36,9,48.284,N,97,4,50.948,W,977,896
SWO,35,PAPI-4L,37.6,3,36,9,15.149,N,97,5,11.979,W,961,810
SWT,16,PAPI-2L,41.3,3,40,52,2.42,N,97,6,33.52,W,1497.2,708
SWT,34,PAPI-2L,41.2,3,40,51,35.7,N,97,6,30.1,W,1505,775
SWW,4,PAPI-2L,40,3,32,27,46.22,N,100,28,8,W,2374.5,929
SWW,17,PAPI-4L,40,3,32,28,27.57,N,100,28,9.26,W,2346.5,630
SWW,22,PAPI-2L,40,3,32,28,14.52,N,100,27,36.4,W,2335.6,786.3
SWW,35,PAPI-4L,40,3,32,27,44.13,N,100,28,3.55,W,2369.1,788.2
SXK,17,PAPI-4L,40,3,42,59,27.982,N,96,9,43.526,W,1408.3,817
SXK,35,PAPI-4L,40,3,42,58,50.123,N,96,9,38.575,W,1408.2,832
SXL,22,PAPI-2L,32.4,3.25,38,14,0.85,N,80,52,8.28,W,1818,624
SXQ,7,PAPI-4R,45,3,60,28,29.859,N,151,2,51.702,W,96.8,793
SXQ,25,PAPI-4R,43,3,60,28,29.842,N,151,1,44.06,W,109.9,817
SXU,19,PAPI-2L,40.7,2.45,34,56,12.24,N,104,38,17.98,W,4789.7,878
SXU,26,PAPI-2L,27.1,3.36,34,56,21.81,N,104,38,22.47,W,4781.7,466
SYA,10,PAPI-4L,45.1,2.5,52,42,55.946,N,174,5,48.125,E,95.9,1071
SYA,28,PAPI-4L,48.8,2.5,52,42,32.33,N,174,7,49.71,E,84.8,1071
SYI,18,PAPI-4L,25.7,3,35,33,56.11,N,86,26,33.204,W,798.5,500
SYI,36,PAPI-4R,29.5,3,35,33,11.6,N,86,26,32.594,W,795,503
SYM,2,PAPI-4L,38.7,3,38,12,35.695,N,83,35,23.662,W,1025.7,786
SYM,20,PAPI-4L,39.2,3,38,13,13.084,N,83,35,6.789,W,1013.2,698
SYR,10,VASI-4L,55,3,43,6,29.932,N,76,7,21.235,W,420.4,968
SYR,15,VASI-4L,48.7,3,43,7,10.084,N,76,6,37.195,W,415.7,926
SYR,28,PAPI-4R,78,3,43,6,32.893,N,76,5,51.334,W,406.2,1369
SYR,33,PAPI-4L,53.1,3,43,6,31.751,N,76,5,42.713,W,403.9,970
SYV,1,PAPI-2L,40.6,3,31,33,9.436,N,83,53,41.702,W,395.5,590
SYV,19,PAPI-2L,46.6,3,31,33,40.281,N,83,53,35.708,W,393.2,774
SZL,1,PAPI-4L,51.1,2.86,38,42,59.072,N,93,33,4.633,W,836.3,1045
SZL,19,PAPI-4L,45.2,3,38,44,26.858,N,93,32,43.019,W,861,900
SZT,2,PAPI-2L,28,3.75,48,17,39.02,N,116,33,54.72,W,2128.8,437
SZT,20,PAPI-2L,49.9,3.75,48,18,14.97,N,116,33,20.84,W,2129,760
SZY,17,PAPI-2L,28.7,3,35,12,29.31,N,88,29,59.94,W,602,550
SZY,35,PAPI-2L,28.8,4,35,11,51.93,N,88,29,48.25,W,609.8,550
T00,12,PAPI-2L,28,4,29,46,19.362,N,94,39,54.423,W,20.4,400
T11,7,PAPI-4L,46.8,3,9,29,49.696,N,138,4,37.543,E,87.5,955
T11,25,PAPI-4L,48.6,3,9,30,2.463,N,138,5,16.343,E,88.4,955
T35,16,PAPI-2L,25,3,30,52,55.251,N,96,58,23.524,W,399.5,480.4
T35,34,PAPI-2L,35,3,30,52,36.084,N,96,58,16.941,W,400.9,700.1
T36,18,PAPI-2L,43.9,3.5,31,8,50.715,N,90,10,4.474,W,375.9,851
T36,36,PAPI-2L,40.6,3,31,8,35.095,N,90,10,4.455,W,367.1,594
T37,1,PAPI-2L,40,3,31,25,36.722,N,98,36,31.901,W,1444.5,785
T37,19,PAPI-2L,40,3,31,25,52.208,N,98,36,28.347,W,1454.6,820
T41,12,PAPI-4L,47.4,3,29,40,15.009,N,95,4,0.893,W,26,865.981
T50,15,PAPI-2L,33,3,30,56,4.93,N,99,48,36.66,W,1928.6,687
T50,33,PAPI-2L,32.7,3,30,55,43.92,N,99,48,25.57,W,1915.4,600
T74,17,PAPI-2L,40,3,30,34,29.671,N,97,26,35.742,W,578.7,1170
T74,35,PAPI-2L,57,3,30,34,13.316,N,97,26,35.299,W,558.1,927
T78,16,PAPI-2L,23.3,3,30,4,54.14,N,94,41,58.86,W,69.5,433
T82,14,PAPI-2L,42.7,3,30,14,49.593,N,98,54,43.5853,W,1690.6,819
T82,32,PAPI-2L,37.4,3,30,14,21.4908,N,98,54,22.3574,W,1674.9,787
T90,17,PAPI-2L,40,3,29,49,17.872,N,94,25,51.78,W,24,790
T90,35,PAPI-2L,40,3,29,48,57.453,N,94,25,51.259,W,23.4,747
T92,18,PAPI-2L,48.3,3.25,30,44,4.964,N,99,11,3.272,W,1496.3,947
T92,36,PAPI-2L,43.7,3,30,43,45.971,N,99,11,3.67,W,1497.1,849
TA25,17,PAPI-4L,45,3,32,26,12.66,N,98,35,44.99,W,1475.6,858.7
TA25,35,PAPI-4L,45,3,32,25,35.47,N,98,35,37.23,W,1474.7,824.3
TAD,3,PAPI-2L,40,3,37,15,21.0975,N,104,20,32.389,W,5759.1,785
TAD,21,PAPI-2L,40,3,37,15,49.2146,N,104,19,57.324,W,5743.5,698
TAL,7,VASI-4L,24.1,3,65,10,27.63,N,152,7,10.52,W,230.9,435
TAN,30,PAPI-4R,45,4,41,52,18.378,N,71,0,35.608,W,40.4,662
TAZ,,PVASI-PSIL,25.6,3,39,31,47.12,N,89,20,24.07,W,616.9,475
TAZ,18,PVASI-PSIL,39.3,3,39,32,8.8,N,89,19,38.93,W,615.6,750
TAZ,,PVASI-PSIL,33.9,4,39,31,47.41,N,89,19,51.51,W,616.9,475
TAZ,36,PVASI-PSIL,34.1,3,39,31,43.09,N,89,19,38.53,W,621.9,650
TBN,15,PAPI-4L,50,3,37,44,42.449,N,92,8,36.872,W,1155.6,1001.035
TBN,33,PAPI-4R,36.3,3,37,44,15.397,N,92,8,14.9,W,1150.1,751
TBPB,9,PAPI-4L,54.6,3,13,4,17.93,N,59,30,15.44,W,168.1,1050
TBPB,27,PAPI-4L,84.7,3,13,4,38.19,N,59,28,52.94,W,162.6,1573
TBR,14,PAPI-2L,42.1,4,32,29,3.93,N,81,44,31.54,W,180.9,600
TBR,32,PAPI-2L,47.4,3,32,28,34.23,N,81,43,56.57,W,161.6,860
TCC,21,VASI-4L,52,3,35,11,12.56,N,103,35,47.71,W,4047,950
TCL,22,PAPI-4L,50.4,3,33,13,17.583,N,87,36,26.579,W,163.4,1000
TCL,30,PAPI-4R,72.8,3.5,33,13,32.471,N,87,36,27.595,W,166.1,1169
TCM,16,PAPI-4L,67.8,3,47,8,53.45,N,122,28,35.55,W,285.3,1223.4
TCM,34,PAPI-4L,58.9,3,47,7,38.12,N,122,28,35.07,W,314.5,1252.4
TCS,13,PAPI-2L,40.1,3,33,14,27.523,N,107,16,30.573,W,4845.4,902.035
TCS,31,PAPI-2L,39.7,3,33,13,45.612,N,107,15,55.065,W,4798.4,674.738
TCY,8,PAPI-2L,25.6,3.4,37,41,25.779,N,121,26,47.83,W,185.7,480
TCY,12,PAPI-2L,40.8,3,37,41,23.351,N,121,26,39.166,W,183.5,727
TCY,26,PAPI-2L,20.2,3,37,41,25.96,N,121,26,15.341,W,173.9,346
TCY,30,PAPI-2L,35,3,37,41,7.968,N,121,26,17.311,W,193.5,666
TDF,6,PAPI-4L,41,3,36,16,52.91,N,78,59,23.166,W,590.9,779
TDF,24,PAPI-2L,43.6,3,36,17,18.062,N,78,58,43.239,W,607.1,781
TDO,6,PAPI-2L,42.8,3,46,28,33.7023,N,122,48,43.6512,W,358.1,757
TDO,24,PAPI-2L,43.5,3,46,28,41.4909,N,122,48,5.0691,W,369.7,909
TDZ,4,PAPI-4L,35,3.5,41,33,41.32,N,83,29,4.92,W,622.4,579
TDZ,14,PAPI-4L,45,3,41,34,7.91,N,83,29,13.47,W,620.9,928
TDZ,22,PAPI-4L,25,3,41,33,58.72,N,83,28,46.3,W,621,482
TDZ,32,PAPI-4L,45,3,41,33,44.108,N,83,28,40.721,W,620.9,861
TEB,1,PAPI-4L,55.7,3.1,40,50,37.314,N,74,3,36.002,W,6.7,1060
TEB,19,PAPI-4L,57.3,3,40,51,10.012,N,74,3,33.591,W,5.4,1085
TEB,24,PAPI-4L,45.7,3.2,40,51,22.292,N,74,3,22.938,W,6.3,845
TEL,13,PAPI-4R,28.8,3,38,1,19.659,N,86,41,48.23,W,612.1,475
TEL,31,PAPI-4R,30,3.25,38,0,57.072,N,86,41,18.479,W,653.9,625
TEW,10,PAPI-4L,34.5,4,42,33,56.799,N,84,25,43.375,W,918.4,517
TEW,28,PAPI-4L,25,3,42,33,56.729,N,84,25,3.576,W,915.1,507
TEX,9,PAPI-4L,46.2,3.55,37,57,20.2,N,107,55,2.212,W,9031,806
TEX,27,PAPI-4L,40,4,37,57,6.836,N,107,53,58.81,W,9062.9,647
TFP,14,PAPI-2L,39.3,3,27,55,0.279,N,97,12,54.093,W,15.9,731
TFP,32,PAPI-2L,32.8,3,27,54,32.611,N,97,12,27.724,W,14.2,607
TGC,1,PAPI-2L,31,3,35,55,39.23,N,88,50,59.57,W,358,600
TGC,19,PAPI-2L,26.2,3,35,56,14.43,N,88,50,52.81,W,348.4,600
THA,6,PAPI-2L,40.5,3,35,22,44.012,N,86,15,12.57,W,1082.8,792
THA,18,PAPI-2L,33.5,2.95,35,23,11.277,N,86,14,36.822,W,1080,591
THA,24,PAPI-2L,32.7,3,35,23,3.026,N,86,14,35.717,W,1082.2,602
THA,36,PAPI-2L,41.8,3,35,22,43.113,N,86,14,36.731,W,1081.5,766
THM,8,PAPI-2L,31.9,3,47,34,24.469,N,115,17,12.204,W,2464,602
THM,26,PAPI-2L,29.2,3.25,47,34,24.721,N,115,16,27.294,W,2466.7,518
THV,17,PAPI-4L,20,4.5,39,55,15.112,N,76,52,31.187,W,470,250
THV,35,PAPI-4L,27.9,3.67,39,54,48.344,N,76,52,15.239,W,480,425
TIF,11,PAPI-2L,40,3,41,57,52.228,N,100,34,29.179,W,2922.4,816
TIF,29,PAPI-2L,40,3,41,57,38.748,N,100,33,55.789,W,2913,717
TIK,13,PAPI-4L,47.1,2.8,35,25,23.96,N,97,24,7.77,W,1232.7,849
TIK,18,PAPI-4L,51,2.8,35,25,34.99,N,97,22,55.57,W,1264.6,952
TIK,31,PAPI-4L,70.6,3,35,24,33.23,N,97,22,56.59,W,1267.8,1340
TIK,36,PAPI-4L,52,2.6,35,24,7.82,N,97,22,55.66,W,1282,1335
TIP,9,PAPI-4L,40,3,40,17,31.17,N,88,8,49.04,W,734.5,820
TIP,27,PAPI-4L,40,3,40,17,31.4,N,88,8,5.65,W,727.8,818
TIW,17,PAPI-4R,52,3,47,16,19.9108,N,122,34,38.4178,W,294.7,936
TIW,35,PAPI-4L,45,3,47,15,48.485035,N,122,34,44.0884,W,294.7,859
TIX,9,PAPI-4L,42.4,3,28,30,54.315,N,80,48,28.874,W,30.1,851
TIX,18,PAPI-4L,44.3,3,28,31,17.033,N,80,47,48.647,W,29.8,848
TIX,27,PAPI-4L,44.8,3,28,30,54.81,N,80,47,51.915,W,31.6,851
TIX,36,PAPI-4L,56.2,3,28,30,26.753,N,80,47,47.775,W,33.8,1070
TKA,1,VASI-4R,22.9,3,62,19,5.333,N,150,5,46.535,W,356.7,426
TKA,19,VASI-4L,22.6,3,62,19,28.221,N,150,5,21.39,W,363.3,463
TKI,18,PAPI-4L,50,3,33,11,2.03,N,96,35,18.48,W,574,1013
TKI,36,PAPI-4L,50,3,33,10,12.82,N,96,35,20.64,W,585,1011
TKK,4,PAPI-4L,50.5,3,7,27,28.772,N,151,50,20.3,E,10.3,970
TKK,22,PAPI-4L,50.2,3,7,27,56.863,N,151,50,49.446,E,9.9,967
TKV,9,PAPI-2L,24.1,3,45,28,9.67,N,89,48,42.26,W,1468.8,443
TKV,27,PAPI-2L,27.1,3,45,28,9.82,N,89,47,53.75,W,1486.4,500
TKX,2,PAPI-4L,42.4,3,36,13,9.694,N,90,2,22.966,W,257.9,821.026
TKX,20,PAPI-4L,42.4,3,36,13,41.394,N,90,2,10.353,W,258.2,811.018
TLH,9,PAPI-4L,58.1,3,30,23,28.813,N,84,21,11.403,W,62.9,1064
TLH,18,PAPI-4L,55.2,3,30,24,33.16,N,84,21,32.216,W,75.9,1190
TLH,27,PAPI-4L,58.4,3,30,23,29.346,N,84,20,4.194,W,51.9,1049
TLH,36,PAPI-4L,53.9,3,30,23,45.501,N,84,21,31.723,W,58.2,995
TLJ,17,PAPI-2R,51.8,5,62,53,53.83,N,155,58,39.78,W,930.2,667
TLJ,35,PAPI-2L,40,3,62,53,29.19,N,155,58,41.94,W,902.7,629.4
TLR,13,PAPI-2L,41.6,3,36,9,33.208,N,119,19,43.253,W,264.7,806
TLR,31,PAPI-2L,40.4,3,36,9,13.8,N,119,19,27.68,W,264.9,754
TMA,16,PAPI-4L,45,3,31,26,2.493,N,83,29,41.818,W,352.2,859
TMA,34,PAPI-4L,43.2,3,31,25,20.357,N,83,29,12.68,W,346,695
TMB,,PAPI-4L,52.5,3,25,39,9.95,N,80,26,13.38,W,8,1000
TMB,,PAPI-4R,55,3,25,38,34.93,N,80,26,16.49,W,5,1049
TMB,13,PAPI-4L,40,3,25,38,57.47,N,80,26,20.23,W,8,763
TMB,,PAPI-4L,52.5,3,25,38,36.77,N,80,25,33.38,W,8,1000
TMB,,PAPI-2L,40.1,3,25,39,11.46,N,80,25,38.04,W,7.8,765
TME,18,PAPI-4L,40,3,29,48,43.29,N,95,53,52.75,W,165.5,764
TME,36,PAPI-4L,40,3,29,47,52.96,N,95,53,51.99,W,162.9,764
TME,36,PAPI-4L,40,3,29,47,52.96,N,95,53,51.99,W,162.9,764
TMK,1,PAPI-2L,45,4,45,24,59.8,N,123,48,54.39,W,26.8,621
TMK,13,PAPI-2L,41.8,3,45,25,20.66,N,123,49,3.78,W,23,755
TMK,19,PAPI-2L,40,3,45,25,12.52,N,123,48,43.66,W,30.1,790
TMK,31,PAPI-2L,39.5,3.5,45,24,48.7,N,123,48,43.33,W,37,691
TNC,17,PAPI-2L,51,4,65,34,7.377,N,167,55,24.757,W,266.4,627
TNC,35,PAPI-2L,40,3,65,33,33.891,N,167,55,17.285,W,249.3,657
TNCA,11,PAPI-4L,68.7,3,12,30,12.589,N,70,1,26.766,W,15,1245
TNCA,29,PAPI-4L,76,3,12,29,58.27,N,70,0,26.705,W,56.4,1551.979
TNCC,11,PAPI-4L,70.7,3,12,11,23.235,N,68,57,49.78,W,25.3,1350
TNCC,29,PAPI-4L,79.9,3,12,11,11.598,N,68,56,54.582,W,27.4,1511
TNCE,6,PAPI-4L,62.3,3,17,29,40.4,N,62,58,52.74,W,129,1170
TNI,8,PAPI-4L,43,2.98,14,59,50.633,N,145,36,34.576,E,237.9,797
TNI,26,PAPI-4L,45.3,2.99,15,0,3.516,N,145,37,43.098,E,265.1,962
TNP,8,PAPI-2L,40,3,34,8,3.72,N,115,56,59.21,W,1858.6,1107
TNP,26,PAPI-2L,40,3,34,8,3.95,N,115,56,13.51,W,1796.1,582
TNU,14,VASI-4L,38.6,3,41,40,43.71,N,93,1,35.117,W,951.9,753
TNU,32,VASI-4L,49,3,41,40,13.417,N,93,1,2.65,W,947.9,913
TNX,15,PAPI-4L,51.3,2.75,37,48,42.25,N,116,47,15.15,W,5481,916.7
TNX,33,PAPI-4L,39.3,2.75,37,47,9.93,N,116,46,26.3,W,5544,952.4
TOA,,VASI-2L,28.5,4,33,48,3.043,N,118,20,14.762,W,103.2,408
TOC,3,PAPI-2L,32.1,3.25,34,35,11.82,N,83,18,0.66,W,992.5,680
TOC,21,PAPI-2L,32.7,3,34,35,46.74,N,83,17,44.57,W,971.8,550
TOG,3,PAPI-4L,25,3,59,2,57.749,N,160,24,15.223,W,17.9,446
TOG,21,PAPI-4L,30.9,3,59,3,22.635,N,160,23,32.685,W,17.7,587
TOI,7,PAPI-4L,43.9,3,31,51,28.829,N,86,1,27.175,W,386.3,730
TOL,16,PAPI-4L,48.4,3,41,35,28.327,N,83,48,3.625,W,672.9,905
TOL,25,PAPI-4L,68.7,3,41,35,29.019,N,83,47,56.535,W,670.6,1201
TOL,34,PAPI-4L,50,3,41,34,54.245,N,83,47,44.527,W,664.9,951
TOP,18,VASI-4L,35,3,39,4,18.11,N,95,37,27.41,W,880,658.6
TOP,31,VASI-4L,54.7,3,39,4,0.92,N,95,37,0.19,W,877.4,1000
TOP,36,VASI-4R,37.4,3,39,3,49.26,N,95,37,28.48,W,878.2,751.6
TOR,10,PAPI-2L,40,3,42,3,58.394,N,104,9,40.746,W,4203.5,797.7
TOR,28,PAPI-2L,40,3,42,3,41.217,N,104,8,52.294,W,4192,857.1
TPA,,PAPI-4L,70.8,3,27,58,1.24,N,82,32,32.025,W,10.9,1352
TPA,,PAPI-4L,70.8,3,27,58,4.888,N,82,31,43.914,W,17.6,1351
TPA,10,PAPI-4L,46.6,3,27,58,14.572,N,82,31,54.318,W,15.3,900
TPA,,PAPI-4L,74.2,3,27,58,59.805,N,82,31,42.046,W,26.8,1400
TPA,,PAPI-4L,70.6,3,27,59,23.272,N,82,32,29.238,W,20.4,1361
TPA,28,PAPI-4L,50.2,3,27,58,13.188,N,82,31,2.892,W,24.9,988
TPF,4,PAPI-4L,45,3.5,27,54,46.491,N,82,27,8.478,W,6.8,742
TPF,36,PAPI-2R,55.2,3,27,54,53.398,N,82,26,50.683,W,29.7,608
TPH,15,PAPI-2L,40.5,3,38,3,55.068,N,117,5,31.062,W,5426.5,843
TPH,33,VASI-4L,32.6,3,38,3,0.501,N,117,5,12.541,W,5397.2,600
TPL,21,PAPI-4L,46.7,3,31,9,25.91,N,97,24,13.39,W,666.8,858
TPL,34,PAPI-4L,33.8,3,31,8,35.89,N,97,24,21.91,W,669.3,640
TQH,17,PAPI-4L,38.9,3.5,35,56,7.726,N,95,0,15.372,W,871.04,608.52
TQH,35,PAPI-4L,38.8,3,35,55,30.385,N,95,0,17.163,W,857.81,613.03
TQK,17,PAPI-2L,38.4,3,38,28,45.072,N,100,53,6.002,W,2961.2,718
TQK,35,PAPI-2L,37.9,3,38,28,9.742,N,100,53,5.491,W,2958,709
TRI,5,PAPI-4L,55.3,3,36,28,2.885,N,82,25,0.113,W,1488.4,1051
TRI,23,PAPI-4R,55.3,3,36,28,45.838,N,82,24,11.256,W,1518.3,1050
TRI,27,PAPI-4L,32.4,3,36,28,42.495,N,82,23,53.061,W,1505.3,669
TRK,20,VASI-2L,24.7,3.5,39,19,27.895,N,120,7,57.492,W,5892.6,378
TRL,18,PAPI-4L,32,3,32,42,49.07,N,96,16,1.59,W,473.2,635
TRL,36,PAPI-4L,30.9,3,32,42,10.891,N,96,16,1.497,W,460.1,513.878
TRM,12,PAPI-2L,25,3,33,37,45.089,N,116,10,11.285,W,-116.3,505
TRM,17,PAPI-4L,50.6,3,33,38,11.028,N,116,9,23.067,W,-116.6,1000
TRM,30,PAPI-2L,25,3,33,37,16.819,N,116,9,37.511,W,-128.4,450
TRM,35,PAPI-4L,52.1,3,33,37,6.72,N,116,9,23.09,W,-135,1000
TRX,18,PAPI-4L,40,3,40,5,10.42,N,93,35,26.46,W,756.9,770
TRX,36,PAPI-4L,40,3,40,4,46.89,N,93,35,26.07,W,755.3,756
TS07,18,PAPI-2L,45.7,5.05,29,59,18.514,N,95,41,8.596,W,152.4,515
TS07,36,PAPI-2R,48.3,4,29,59,5.21,N,95,41,8.255,W,148.7,672
TSP,11,PAPI-2L,41.9,3,35,8,11.936,N,118,26,32.073,W,3969.2,654
TTA,3,PAPI-4L,45,3,35,34,35.193,N,79,6,14.964,W,243.9,912
TTA,21,PAPI-4L,40.1,3,35,35,19.599,N,79,5,54.09,W,223.5,779
TTD,7,VASI-4L,50,3,45,32,57.31,N,122,24,29.45,W,32.4,924
TTD,25,PAPI-4L,31.2,3.1,45,32,58.132,N,122,23,39.763,W,36.9,585
TTF,3,VASI-2L,57.8,4,41,56,8.14,N,83,26,13.4,W,613,800
TTF,21,PAPI-2L,48.5,3.5,41,56,39.15,N,83,25,56.2,W,615,800
TTK,5,PAPI-4L,51.7,3,5,21,14.463,N,162,57,14.609,E,10,972
TTK,23,PAPI-4L,51.8,3,5,21,35.747,N,162,57,45.751,E,10.6,973
TTN,16,PAPI-4L,40.3,3,40,16,54.881,N,74,48,58.905,W,212.4,796
TTN,24,PAPI-4L,41.9,3,40,16,46.577,N,74,48,28.92,W,192.1,793.825
TTN,34,PAPI-4L,50.3,3,40,16,28.952,N,74,48,35.773,W,181.5,826
TTPP,28,PAPI-4L,50,3,10,35,43.442,N,61,19,34.836,W,41,1335
TTS,15,PAPI-4L,74.9,3,28,37,45.658,N,80,42,13.801,W,8.1,1429
TTS,33,PAPI-4L,74.9,3,28,36,1.555,N,80,41,5.67,W,8.1,1430
TUL,8,PAPI-4L,52,3,36,11,43.684,N,95,53,40.602,W,655.1,1304
TUL,,PAPI-4L,56.3,2.75,36,12,39.649,N,95,52,53.419,W,631.6,1065
TUL,,PAPI-4L,42.1,2.75,36,12,13.388,N,95,53,57.565,W,653.7,677
TUL,26,PAPI-4L,57,3,36,11,44.185,N,95,52,38.488,W,639,980
TUL,,PAPI-4L,45,3,36,11,34.663,N,95,54,0.141,W,675.7,902
TUL,,PAPI-4L,52.4,3,36,11,20.437,N,95,52,58.686,W,648.4,912
TUP,18,PAPI-4L,45,3,34,16,35.466,N,88,46,11.718,W,344,838
TUP,36,PAPI-4L,55,3,34,15,43.42,N,88,46,11.578,W,346.5,1050
TUS,12,PAPI-4L,73.4,3,32,7,15.44,N,110,56,42.28,W,2586,1242
TUS,22,PAPI-4L,52.5,3,32,7,43.826,N,110,56,43.094,W,2569.5,989
TUS,30,PAPI-4L,81,3,32,6,19.067,N,110,55,36.112,W,2634.9,1700
TVC,10,PAPI-4L,54.7,3,44,44,27.563,N,85,35,11.964,W,622.1,1094
TVC,18,VASI-4L,47,3,44,44,49.683,N,85,35,15.724,W,617.7,875
TVC,28,PAPI-4L,45,3,44,44,24.324,N,85,34,1.945,W,609.4,857
TVC,36,VASI-4L,52.9,3.5,44,44,16.567,N,85,35,15.864,W,622.8,874.946
TVF,4,PAPI-4L,33.9,3,48,3,47.194,N,96,11,27.959,W,1111.9,675
TVF,13,PAPI-4L,40,3,48,4,10.252,N,96,11,28.335,W,1113.3,745
TVF,22,PAPI-4L,34,3,48,4,15.084,N,96,10,54.012,W,1117.6,674
TVF,31,PAPI-4L,55,3,48,3,37.517,N,96,10,39.117,W,1111.9,1049
TVI,4,PAPI-2L,50.1,3,30,53,50.43,N,83,53,7.755,W,235,1007
TVI,22,PAPI-2L,52.8,3,30,54,16.897,N,83,52,42.124,W,230,1007
TVI,32,PAPI-4L,40.2,3,30,53,58.397,N,83,52,35.132,W,245,855
TVK,16,PAPI-4L,42.6,3,40,41,15.727,N,92,54,9.626,W,1022.9,769
TVK,34,PAPI-4L,42.6,3,40,40,52.105,N,92,53,57.503,W,1022.7,763
TVL,18,PAPI-4L,47.7,3,38,54,2.883,N,119,59,35.928,W,6256.5,890
TVR,18,PAPI-4L,50,3,32,21,20.96,N,91,1,39.95,W,84.5,967
TVR,36,PAPI-4L,50,3,32,20,50.64,N,91,1,39.41,W,84.8,970
TVSC,13,PAPI-2L,50,4.01,12,42,9.67,N,61,20,57.28,W,11.5,793.2
TVSV,7,PAPI-2L,18,3,13,8,28.62,N,61,12,59.06,W,11.2,39.4
TVY,17,PAPI-4R,55,3,40,37,6.506,N,112,21,3.231,W,4280.2,893
TWF,8,VASI-4L,48.8,3,42,28,52.339,N,114,29,59.433,W,4144.7,912
TWF,26,PAPI-4L,55.3,3,42,28,50.811,N,114,28,29.313,W,4152.6,1035
TWM,6,PAPI-4L,23.7,3,47,2,52.62,N,91,45,4.7,W,1070.5,505
TWM,24,PAPI-4L,26.5,3,47,3,8.21,N,91,44,21.38,W,1070.2,505
TWT,1,PAPI-4L,44.7,3,37,32,14.081,N,87,57,16.784,W,372.1,852
TWT,19,PAPI-4L,29.6,3.5,37,32,50.331,N,87,57,14.276,W,370.5,476
TX0,9,PAPI-2L,45,3,28,44,24.053,N,96,28,23.849,W,24,866
TX0,27,PAPI-2L,45,3,28,44,24.458,N,96,27,47.475,W,27.8,898
TXK,4,VASI-4L,52.4,3,33,26,53.492,N,93,59,56.558,W,339.6,998
TXK,13,PAPI-4L,47.8,3,33,27,26.481,N,93,59,25.392,W,374,770
TXKF,12,PAPI-4L,56.9,3.4,32,21,57.066,N,64,41,21.165,W,18,957
TXKF,30,PAPI-4L,65.8,3,32,21,43.472,N,64,40,2.152,W,18,1255
TXW,14,PAPI-4L,50,3,26,10,59.248,N,97,58,40.402,W,69.5,952
TXW,32,PAPI-4L,51.1,3.18,26,10,27.314,N,97,58,12.326,W,68.5,935
TYL,3,PAPI-2L,49,4,34,26,50.604,N,110,7,14.881,W,5808.9,891
TYL,21,PAPI-2L,42.6,3,34,27,30.873,N,110,6,31.416,W,5727.6,646
TYQ,18,PAPI-4L,52.4,3,40,2,7.703,N,86,15,5.356,W,921.9,1000
TYQ,36,PAPI-4L,52.4,3,40,1,18.285,N,86,15,4.765,W,922,1000
TYR,4,PAPI-4L,55.1,3,32,20,44.659,N,95,24,39.357,W,541.4,1027
TYR,22,PAPI-4L,54,3,32,21,24.826,N,95,23,51.846,W,535.4,954
TYR,31,VASI-4L,54,3,32,21,10.958,N,95,23,45.001,W,543.7,1006
TYS,,PAPI-4L,54.7,3,35,48,21.979,N,84,0,11.89,W,936.8,911
TYS,,PAPI-4L,49.9,3,35,48,6.105,N,84,0,7.277,W,944.5,834
TYS,,PAPI-4L,50.1,3,35,48,54.149,N,83,59,8.69,W,964,918
TYS,,PAPI-4L,55.7,3,35,49,10.678,N,83,59,12.476,W,979.7,1151
TZR,4,PAPI-4L,25,3,39,53,45.42,N,83,8,28.18,W,903.2,506
TZR,22,PAPI-4L,25,3,39,54,23,N,83,7,57.5,W,904.6,502
TZV,4,PAPI-2L,40.9,3.75,36,43,33.15,N,85,39,18.28,W,1019.2,602
TZV,22,PAPI-2L,30,3,36,43,55.48,N,85,38,59.24,W,1034.1,659
U01,22,PAPI-2L,43.1,3.5,42,48,1.118,N,112,49,12.213,W,4420.9,693
U02,1,PAPI-2L,38.5,3,43,12,20.174,N,112,21,6.469,W,4486.6,703
U02,19,PAPI-2L,38.5,3.25,43,12,46.529,N,112,20,50.487,W,4490.8,690.976
U10,4,PAPI-2L,43.6,3,42,6,20.254,N,111,54,53.255,W,4725.7,810
U10,22,PAPI-2L,43.6,3,42,6,30.49,N,111,54,37.886,W,4724.9,808
U12,4,PAPI-2R,43,3.5,43,56,50.127,N,111,41,20.765,W,4962.8,677
U14,17,PAPI-2L,40,3,39,44,42.77,N,111,52,12.29,W,,
U14,35,PAPI-2L,40,3,39,43,40.53,N,111,52,12.08,W,,
U34,13,PAPI-2L,40,2.75,38,57,57.028,N,110,13,53.005,W,4232.6,889
U34,31,PAPI-2L,40,2.75,38,57,26.527,N,110,13,22.874,W,4225.6,812
U52,13,PAPI-2L,40.8,3,38,14,9.862,N,112,40,41.558,W,5798.2,630.993
U52,31,PAPI-2R,57.1,4,38,13,42.374,N,112,40,19.588,W,5845.9,1065
U55,18,PAPI-2L,40,3,37,50,42.548,N,112,23,31.069,W,6753.2,2875
U55,36,PAPI-2L,40,3,37,50,22.85,N,112,23,38.88,W,6752.4,734
U64,16,PAPI-2L,42,3,37,56,18.219,N,109,20,32.617,W,6967.9,800
U64,34,PAPI-2L,42,3,37,55,34.102,N,109,20,23.968,W,6956.5,680
U69,35,PAPI-2L,40,3,40,11,13.832,N,110,23,3.693,W,5799.2,705
U76,10,PAPI-2L,43.4,3,43,8,1.076,N,115,44,10.012,W,3165.1,845
U76,28,PAPI-2L,43.3,3,43,7,46.228,N,115,43,29.308,W,3159.2,782
U96,1,PAPI-2L,44.8,3,37,25,48.776,N,110,34,3.572,W,4360.8,755
U96,19,PAPI-2L,34.4,3,37,26,25.411,N,110,33,39.285,W,4389.3,755
UAM,,PAPI-4L,59.3,3,13,34,53.94,N,144,55,6.97,E,538.5,1151
UAM,,PAPI-4L,43.6,3,13,34,35.38,N,144,55,8.97,E,546.3,1037
UAM,,PAPI-4L,43.2,3,13,35,12.49,N,144,56,33.66,E,597.8,1009
UAM,,PAPI-4L,59.4,3,13,35,25.055,N,144,56,18.035,E,587.9,1697
UAO,17,VASI-4R,38.3,3.5,45,15,7.952,N,122,46,8.925,W,199.3,634
UAO,35,VASI-4L,50.8,3.25,45,14,34.131,N,122,46,14.922,W,197.4,917
UBE,9,PAPI-2R,40,3,45,30,21.587,N,91,59,9.439,W,1241.4,800
UBE,27,PAPI-2L,40.1,3,45,30,21.399,N,91,58,34.175,W,1235.3,731
UBS,18,PAPI-2L,40,3,33,28,8.978,N,88,22,51.037,W,186.7,860
UBS,36,PAPI-2L,40,3,33,27,40.948,N,88,22,50.381,W,185.7,809
UBW,6,PAPI-4L,45,3,70,19,45.56,N,149,37,3.72,W,69.8,804
UBW,24,PAPI-4L,45,3,70,19,55.08,N,149,34,46.11,W,71.5,935
UBX,1,PAPI-2L,43.8,3.25,38,3,58.85,N,91,25,44.99,W,1016.6,822.3
UBX,19,PAPI-2L,43.5,3,38,4,16.309,N,91,25,42.792,W,1023.5,822.9
UCFM,8,PAPI-2L,54,3,43,3,30.506,N,74,27,21.176,E,2091.2,1028
UCFM,26,PAPI-2L,60.1,3,43,3,50.432,N,74,29,55.276,E,2055.7,1149
UCP,5,PAPI-4L,44.5,3,41,1,26.703,N,80,24,58.821,W,1026,772
UCP,13,PAPI-2L,19.2,3,41,1,29.993,N,80,25,0.709,W,1020.9,266
UCP,23,PAPI-4L,39.5,3,41,1,46.276,N,80,24,37.3,W,1014.3,645
UCY,1,PAPI-4L,42.3,3,36,22,24.262,N,88,59,11.68,W,339.7,931
UCY,19,PAPI-4L,28.5,3,36,23,13.879,N,88,59,4.819,W,310.2,523
UDD,28,VASI-2L,33.1,3,33,44,47.44,N,116,16,12.24,W,53,600
UDG,5,PAPI-2L,51.5,3,34,26,38.51,N,79,53,25.458,W,187,1011
UDG,23,PAPI-2L,40,3,34,27,5.14,N,79,52,54.8,W,183.3,769
UES,10,PAPI-4R,53,3,43,2,36.26,N,88,14,46.46,W,900,950
UES,18,PAPI-2L,27.3,3,43,2,32.63,N,88,14,0.27,W,904.7,547
UES,28,VASI-4L,37,3.75,43,2,27.61,N,88,13,50.8,W,903.8,673
UES,36,PAPI-2L,26.4,4,43,2,7.29,N,88,14,3.44,W,904.2,476
UGN,5,VASI-4L,35.3,3,42,25,2.634,N,87,52,23.696,W,716.6,850
UGN,14,VASI-4L,30.4,3.5,42,25,31.152,N,87,52,14.525,W,724.1,562
UGN,23,VASI-4L,51.7,3,42,25,29.009,N,87,51,43.534,W,716.2,1125
UIN,4,PAPI-4R,39,3,39,56,15.648,N,91,11,52.339,W,762.7,733
UIN,13,PAPI-4L,33.4,3,39,56,40.708,N,91,11,56.373,W,766.7,611
UIN,22,PAPI-4L,45.5,3,39,56,57.132,N,91,11,6.609,W,748.5,859
UIN,31,PAPI-4R,40.1,3,39,56,12.91,N,91,11,20.66,W,765.4,830
UKF,1,PAPI-2L,59.3,3,36,13,4.54,N,81,5,54.394,W,1252.8,1034
UKF,19,PAPI-2L,46.5,3,36,13,45.726,N,81,5,55.596,W,1297.5,1000
UKI,15,PAPI-4L,28.7,3,39,7,49.201,N,123,12,7.276,W,615,582
UKL,18,PAPI-4L,40,3,38,18,28.793,N,95,43,29.977,W,1173,741
UKL,36,PAPI-4L,43.3,3,38,17,49.66,N,95,43,29.72,W,1171,800
UKT,11,PAPI-2L,44.1,4,40,26,7.64,N,75,23,4.32,W,507.7,878
UKT,29,PAPI-2L,47.7,4,40,26,5.45,N,75,22,45.95,W,503.2,704
ULM,15,PAPI-4L,25,3,44,19,22.256,N,94,30,19.707,W,1005.3,505
ULM,33,PAPI-4R,50,3,44,18,47.822,N,94,29,52.866,W,1008.9,900
ULS,12,PAPI-2L,37.6,3,37,36,5.316,N,101,22,38.248,W,3066.7,799
ULS,17,PAPI-4L,42.5,3,37,36,49.993,N,101,22,25.743,W,3063.4,843
ULS,30,PAPI-2L,38.5,3,37,35,46.022,N,101,22,8.998,W,3061.5,743
ULS,35,PAPI-4L,42.3,3,37,36,6.62,N,101,22,25.341,W,3060.1,769
UMP,15,PAPI-4L,42.6,3,39,56,16.29,N,86,2,50.11,W,789,760
UMP,33,PAPI-4L,26.8,3.5,39,55,55.23,N,86,2,31.39,W,806.4,505
UNI,7,PAPI-4L,25,3,39,12,35.98,N,82,14,0.99,W,761.2,486.6
UNI,25,PAPI-4L,50,3,39,12,51.94,N,82,13,24.4,W,762,912
UNK,15,VASI-4L,39,3,63,53,46.06,N,160,48,17.32,W,24.9,715
UNK,33,VASI-4L,48,3,63,53,5.84,N,160,47,51.39,W,21.4,938
UNO,18,PAPI-2L,36.6,3,36,53,0.844,N,91,54,9.265,W,1226.3,677
UNO,36,PAPI-2L,37.3,3,36,52,24.533,N,91,54,9.978,W,1226.1,751.517
UNU,2,PAPI-2L,25.9,3,43,25,22.52,N,88,42,4.72,W,931.9,505
UNU,8,PAPI-4L,26.1,3,43,25,30.583,N,88,42,53.375,W,891.6,476
UNU,20,PAPI-2L,25.4,3,43,25,51.01,N,88,41,52.62,W,933.3,505
UNU,26,PAPI-4L,34.8,3,43,25,37.387,N,88,42,1.906,W,930.5,733
UNV,6,PAPI-4L,45.3,3,40,50,45.346,N,77,51,16.761,W,1229.6,893
UNV,24,PAPI-4R,55.1,3,40,51,14.494,N,77,50,26.284,W,1197.8,934
UOX,9,PAPI-4L,40.1,3,34,23,3.894,N,89,32,36.892,W,413.4,752
UOX,27,PAPI-4L,55.9,3.6,34,23,3.369,N,89,31,53.459,W,432,1207
USE,9,PAPI-4L,23.8,3,41,36,37,N,84,7,51.47,W,779,456
USE,27,PAPI-4R,33,3,41,36,37.45,N,84,7,14.27,W,772.2,600
UTA,17,PAPI-4L,50,3,34,41,37.993,N,90,21,0.895,W,194.4,954.028
UTA,35,PAPI-4L,47,3,34,40,34.455,N,90,20,43.145,W,191.5,953
UTO,25,PAPI-2R,46.7,4,65,59,36.956,N,153,41,33.078,W,981.4,387.993
UTS,18,PAPI-4L,26.4,3,30,45,9.14,N,95,35,11.37,W,300,435
UTS,36,PAPI-4L,40,3,30,44,33.614,N,95,35,15.539,W,353.6,962
UTSL,7,PAPI-4L,45,3,38,49,52.21,N,65,54,37.4,E,1342,935
UTSL,25,PAPI-4L,45,3,38,50,6.37,N,65,55,55.25,E,1309,935
UUU,4,VASI-4L,50.8,4,41,31,45.15,N,71,16,55.57,W,154.1,647
UUU,16,VASI-4L,40.4,3.75,41,32,7,N,71,17,2.06,W,147.6,592
UUU,22,PAPI-4L,30,4,41,32,2.22,N,71,16,45.53,W,169.5,462.1
UUV,6,PAPI-2L,57,4,38,13,54.05,N,91,10,5.78,W,925,930
UUV,24,PAPI-2L,26.9,3,38,14,9.38,N,91,9,31.81,W,927.5,447
UVA,15,PAPI-4L,35.9,3,29,12,57.44,N,99,44,45.76,W,939.2,775
UVA,33,PAPI-4L,35,3,29,12,23.29,N,99,44,27.58,W,926.4,675
UWL,10,PAPI-2L,45.8,3,39,52,36.322,N,85,19,47.316,W,1082.5,831
UWL,28,PAPI-2L,43.9,3,39,52,36.147,N,85,19,15.019,W,1089.5,852
UXL,15,PAPI-4L,50.1,3,30,8,6.465,N,93,22,42.937,W,9.3,954
UXL,33,PAPI-4L,50.1,3,30,7,39.85,N,93,22,25.528,W,9.8,954
UYF,9,PAPI-4L,30.2,3,39,55,56.992,N,83,28,0.207,W,1076.7,671
UYF,27,PAPI-4L,30.6,3,39,55,58.634,N,83,27,24.039,W,1055.2,507
UZA,2,PAPI-2L,41,3,34,58,58.83,N,81,3,30.02,W,656.8,963
UZA,20,PAPI-2L,40,3,34,59,34.65,N,81,3,21.38,W,660,845
VAD,,PAPI-4L,50,3,30,57,35.583,N,83,11,43.462,W,221.5,940
VAD,,PAPI-4L,53.6,3,30,57,32.051,N,83,11,27.717,W,209.8,960
VAD,,PAPI-4L,40.6,3,30,58,46.593,N,83,11,26.988,W,231.5,808
VAD,,PAPI-4L,49.6,3,30,58,36.098,N,83,11,42.889,W,230.9,947
VAK,2,PAPI-4L,25,3,61,32,17.36,N,165,36,16.39,W,38,428
VAK,20,PAPI-4L,25,3,61,32,36.34,N,165,35,50.55,W,47.3,474
VAY,8,PAPI-2R,45,3.25,39,56,30.64,N,74,50,57.89,W,42,847
VAY,26,PAPI-2R,40,3,39,56,38.34,N,74,50,30.66,W,50,774
VBG,12,PAPI-4L,72.4,3,34,44,59.793,N,120,35,55.638,W,248.8,1178
VBG,30,PAPI-4L,71.5,3,34,43,32.214,N,120,34,15.057,W,354.7,1621
VBT,18,PAPI-2L,45.3,3,36,20,54.7581,N,94,13,9.5686,W,1293.2,784
VBT,36,PAPI-2R,45.3,3,36,20,29.2542,N,94,13,9.8073,W,1294.1,833
VCB,2,PAPI-2L,26.9,3.75,38,22,25.769,N,121,57,53.79,W,115.4,419
VCB,20,PAPI-2L,26.7,3.75,38,22,57.751,N,121,57,26.662,W,113.3,391
VCT,18,PAPI-2L,40,3,28,51,23.7258,N,96,54,35.0936,W,106,852
VCT,31,PAPI-4L,55,3,28,50,55.33,N,96,54,55.4202,W,104.3,1005
VCT,36,PAPI-2L,40,3,28,50,51.5572,N,96,54,35.0109,W,104.2,807
VCV,3,PAPI-4L,70.3,3,34,35,7.855,N,117,23,3.896,W,2873,1433
VCV,17,PAPI-4L,81.2,3,34,36,43.783,N,117,23,12.085,W,2826.4,1456
VCV,21,PAPI-4L,84.5,3,34,35,52.109,N,117,22,11.257,W,2853.9,1428
VCV,35,PAPI-4L,64.3,3,34,35,3.302,N,117,23,11.067,W,2874.4,1435
VDF,5,PAPI-2L,45.3,3.02,28,0,49.73,N,82,20,45.46,W,20.6,833
VDF,18,PAPI-4R,40.6,3.8,28,0,42.46,N,82,20,58.45,W,19.6,594
VDF,23,PAPI-2L,40,3.1,28,1,8.94,N,82,20,25.69,W,22,738.6
VDF,36,PAPI-2L,43.2,3.4,28,0,23.61,N,82,20,58.52,W,20,722.1
VDI,7,PAPI-4L,41,3,32,11,18.88,N,82,22,37.38,W,273.1,767
VDI,25,PAPI-4L,48.2,3,32,11,38.48,N,82,21,52.55,W,269.7,903
VDZ,6,PAPI-4L,28.7,3,61,7,59.052,N,146,15,37.044,W,61.1,474
VEL,17,PAPI-4L,48,3,40,26,35.65,N,109,30,41.692,W,5267.8,891
VEL,35,PAPI-4L,48.1,3,40,25,45.415,N,109,30,40.58,W,5267.5,1023
VER,18,PAPI-4L,39.9,3,38,57,0.807,N,92,40,56.296,W,711.2,722
VER,36,PAPI-4L,40,3,38,56,35.579,N,92,40,58.932,W,714.7,716
VES,9,PAPI-2L,38.3,3,40,12,15.454,N,84,32,18.401,W,1005.5,718
VES,27,PAPI-2L,45,3,40,12,16.271,N,84,31,36.614,W,1005,840
VGC,17,PAPI-2L,40,3,42,50,51.21,N,75,33,48.15,W,1136.2,746
VGC,35,PAPI-2L,40,4,42,50,17.14,N,75,33,30.16,W,1124.4,566.6
VGT,7,PAPI-4L,37,3,36,12,48.06,N,115,12,2.24,W,2198.4,812
VGT,,PAPI-4L,47.9,3.2,36,12,37.796,N,115,11,38.364,W,2180.5,1002
VGT,,PAPI-4L,25,3,36,12,48.817,N,115,12,4.516,W,2200,582
VGT,25,PAPI-4L,36,3,36,12,48.922,N,115,11,18.821,W,2175,633
VGT,,PAPI-4L,39.9,3,36,12,22.708,N,115,11,31.531,W,2169.4,639
VGT,,PAPI-4L,41.1,3,36,12,21.248,N,115,11,17.465,W,2157.7,603
VHHH,,PAPI-2L,65.6,3,22,18,43.89,N,113,54,6.91,E,21.6,1413
VHHH,,PAPI-2L,53.2,3,22,17,51.32,N,113,54,8.23,E,27.7,1016
VHHH,,PAPI-2L,53.4,3,22,18,23.45,N,113,55,47.93,E,27.3,1017
VHHH,,PAPI-2L,65.6,3,22,19,11.44,N,113,55,32.44,E,22,1415.7
VHN,3,PAPI-2L,44.9,3,31,3,21.794,N,104,47,20.835,W,3951.1,957
VHN,21,PAPI-2L,44.2,3,31,3,52.22,N,104,46,46.09,W,3924.1,736
VIH,4,PAPI-4L,40,3,38,7,36.783,N,91,46,25.984,W,1128.8,890
VIH,22,VASI-4L,51.8,3,38,7,59.207,N,91,45,56.003,W,1101.2,1100
VIQ,10,PAPI-2L,31.9,3,44,33,30.367,N,90,30,59.892,W,1213,550
VIQ,28,PAPI-2L,48.2,4,44,33,28.325,N,90,30,31.031,W,1233.7,750
VIS,12,PAPI-4L,39.9,3,36,19,18.274,N,119,23,48.206,W,289.9,760
VIS,30,PAPI-4L,53,3,36,18,51.258,N,119,23,14.596,W,292.4,1008
VJI,24,PAPI-2L,23.2,3.25,36,41,22.589,N,82,1,43.361,W,2077.6,603
VKS,1,PAPI-2R,39.4,3,32,14,6.693,N,90,55,43.721,W,100.9,750
VKS,19,PAPI-2L,43.9,3,32,14,32.274,N,90,55,39.722,W,104.2,872
VKX,6,PAPI-2L,19,5,38,44,50.21,N,76,57,28.38,W,108.9,200
VLA,18,PAPI-4L,20,3,38,59,47.812,N,89,10,2.212,W,532.1,354
VLD,4,PAPI-4L,52.1,3.25,30,46,47.764,N,83,17,0.458,W,198.9,919
VLD,18,PAPI-4L,50.2,3,30,47,16.443,N,83,16,29.054,W,197.6,944
VLD,22,PAPI-4L,56.3,3.25,30,47,17.462,N,83,16,35.625,W,197.8,978
VLD,36,PAPI-4L,52.4,3,30,46,16.975,N,83,16,17.925,W,200.3,972
VLL,10,PAPI-2R,44.2,3.75,42,32,34.598,N,83,10,53.382,W,718.6,805
VLL,28,PAPI-2L,43.5,3.75,42,32,34.7,N,83,10,25.41,W,702.4,650
VMR,12,PAPI-2L,37.5,3,42,46,2.88,N,96,56,17.99,W,1145,700
VMR,30,PAPI-2L,37.8,3,42,45,47.18,N,96,55,48.66,W,1145.6,700
VNC,5,PAPI-4L,42.4,3,27,4,7.039,N,82,26,34.609,W,14.3,776
VNC,13,PAPI-4L,46,3,27,4,23.334,N,82,26,36.769,W,15.7,903
VNC,23,PAPI-4L,48.7,3,27,4,26.835,N,82,26,12.327,W,17.8,923
VNC,31,PAPI-4L,40.1,3,27,4,4.422,N,82,26,15.8,W,16.3,768
VNW,9,PAPI-4L,38,3,40,51,52.8073,N,84,37,3.2766,W,783.1,759
VNW,27,PAPI-4L,37.7,3.5,40,51,53.0717,N,84,36,16.522,W,784.6,654
VNY,,PAPI-4R,49,3.5,34,12,45.034,N,118,29,26.286,W,786.6,905
VNY,,PAPI-4R,53.8,3,34,11,58.15,N,118,29,21.86,W,751.8,910
VNY,,PAPI-4L,29.7,3,34,12,33.75,N,118,29,20.74,W,775.2,500
VOK,9,PAPI-4L,53.4,3,43,56,20.67,N,90,15,58.4,W,909.9,1059
VOK,27,PAPI-4R,53.1,2.85,43,56,21.84,N,90,14,24.37,W,904.2,1059
VPC,1,PAPI-2L,31.1,3,34,7,8.411,N,84,50,56.437,W,753.4,629
VPC,19,PAPI-2L,44.2,3,34,7,43.71,N,84,50,53.851,W,732.6,816
VPS,2,PAPI-4L,52.3,3,30,28,31.71,N,86,31,2.07,W,52.5,950
VPS,12,PAPI-4L,50.3,3,30,29,14.93,N,86,32,58.39,W,86.2,950
VPS,20,PAPI-4L,77.1,2.8,30,29,44.907,N,86,30,43.82,W,64.5,1486
VPS,30,PAPI-4L,78.5,2.5,30,28,28.41,N,86,31,24.14,W,62.5,1545
VPZ,9,PAPI-4L,45.2,3,41,27,8.663,N,87,0,53.235,W,766.3,900
VPZ,18,PAPI-2L,24,3,41,27,39,N,87,0,25.25,W,768,500
VPZ,27,PAPI-4L,50.4,3,41,27,8.566,N,86,59,52.139,W,769.8,949
VPZ,36,PAPI-2L,35,3,41,27,11.57,N,87,0,25,W,761,725
VQQ,,PAPI-4L,68.3,3,30,12,56.433,N,81,53,14.757,W,74.8,1338
VQQ,,PAPI-4L,65.6,3,30,13,53.362,N,81,52,26.666,W,77.5,1283
VQQ,,PAPI-4L,66.9,3,30,12,56.848,N,81,52,12.447,W,68.1,1198
VQQ,,PAPI-4L,65.5,3,30,12,14.941,N,81,52,25.799,W,70.2,1277
VQS,9,PAPI-4L,45,3,18,8,2.966,N,65,29,47.433,W,45.2,911
VRB,4,PAPI-4L,40,3,27,39,4.72,N,80,25,31.092,W,23.6,744
VRB,,PAPI-2L,37,3,27,39,34.811,N,80,24,53.26,W,18.7,729
VRB,,PAPI-4L,43.4,3,27,39,25.506,N,80,25,34.702,W,23.3,800
VRB,22,PAPI-4L,42,3,27,39,32.369,N,80,25,8.377,W,21,770
VRB,,PAPI-4L,59.5,3,27,39,6.636,N,80,24,38.352,W,20.4,1100
VRB,,PAPI-2L,42.6,3.5,27,39,27.455,N,80,24,31.598,W,18.5,690
VRMG,10,PAPI-2L,53,3,4,41,30.78,S,73,8,48.48,E,5.6,1082.6
VRMG,28,PAPI-2L,53,3,4,41,40.59,S,73,9,52.18,E,6.2,1082.6
VRMM,18,PAPI-4R,72.2,3,4,12,5.64,N,73,31,44.34,E,5.5,1378
VRMM,36,PAPI-4R,72.6,3,4,11,1.56,N,73,31,45.41,E,5.3,1384
VSF,5,VASI-4L,59,4,43,20,26.63,N,72,31,10.39,W,573.4,803.6
VTA,9,PAPI-4L,41,3,40,1,28.22,N,82,27,55.999,W,880.5,818
VTA,27,PAPI-4L,36.3,3.25,40,1,29.672,N,82,27,20.478,W,871.7,606
VTI,9,PAPI-2L,44.8,4,42,13,10,N,92,1,59.38,W,826.6,599
VTI,27,PAPI-2L,32,3,42,13,8.8,N,92,1,22.14,W,838.5,596.4
VTI,27,PAPI-2L,32,3,42,13,8.8,N,92,1,22.14,W,838.5,596.4
VTN,3,PAPI-2L,39.1,3,42,51,16.093,N,100,33,13.5559,W,2595.1,749
VTN,14,PAPI-2L,36.5,3,42,51,33.8343,N,100,32,59.2129,W,2587.6,700
VTN,21,PAPI-2L,44.7,3,42,51,30.8384,N,100,32,58.8225,W,2588.4,800
VTN,32,PAPI-2L,42.9,3,42,51,10.4686,N,100,32,37.3575,W,2586.3,749
VUJ,,PAPI-2L,30.4,3,35,24,39.124,N,80,9,18.163,W,602,712
VUJ,,PAPI-2L,40,3,35,25,9.89,N,80,8,49.642,W,571.1,882
VUO,8,VASI-4R,30.7,3.75,45,37,15.23,N,122,39,39.2,W,25,500
VUO,26,PAPI-2R,32.2,4,45,37,13.078,N,122,39,17.899,W,22.2,484
VVS,5,PAPI-2L,41.3,3,39,57,29.51,N,79,39,38.63,W,1225,689
VVS,14,PAPI-2L,26.7,3,39,57,27.5,N,79,39,31.3,W,1229.1,464.9
VVS,23,PAPI-2R,20,3,39,57,47.917,N,79,39,18.1,W,0,0
VVV,16,PAPI-4L,24,3,45,18,32.31,N,96,25,31.35,W,1100.2,477
VVV,34,PAPI-4L,40.5,3,45,18,11.21,N,96,25,25.29,W,1095.3,760
W00,18,PAPI-2R,47,6,38,56,36.824,N,76,46,22.312,W,171,400
W00,36,PAPI-2L,26,5.5,38,56,21.721,N,76,46,19.02,W,168.1,240
W22,29,PAPI-2L,26.5,3,38,59,59.95,N,80,16,10.41,W,1632.5,551.4
W29,11,PAPI-2L,30,3,38,58,36.965,N,76,19,57.56,W,6.3,573
W29,29,PAPI-2L,30,3,38,58,33.51,N,76,19,38.203,W,14.5,573
W40,5,PAPI-2L,43,3.5,35,13,2.706,N,78,2,34.036,W,166.3,701
W40,23,PAPI-2L,43.2,3.5,35,13,29.844,N,78,2,5.985,W,166.6,701
W41,14,PAPI-2L,39.4,3,38,1,10.363,N,75,49,39.185,W,4.1,750
W41,32,PAPI-2L,33.4,3.25,38,1,3.383,N,75,49,29.311,W,3.9,587
W43,13,PAPI-2L,37.8,3,44,40,2.859,N,104,34,22.211,W,4200.3,625
W43,31,PAPI-2L,44.4,4,44,39,31.046,N,104,33,47.513,W,4253.2,791
W75,1,PAPI-2L,62.8,4,37,36,6.946,N,76,26,47.273,W,24.8,962
W75,19,PAPI-2L,26.4,4,37,36,24.852,N,76,26,47.163,W,22.4,378
W78,1,PAPI-2L,59.4,3,36,42,26.14,N,78,50,52.13,W,390,992
W78,19,PAPI-2L,41.1,3,36,42,46.07,N,78,50,53.58,W,409,992
W96,11,PAPI-2R,45,4,37,30,13.551,N,77,7,49.85,W,120.1,647
W96,29,PAPI-2L,45.1,4,37,30,11.072,N,77,7,20.557,W,111.4,581
W99,31,PAPI-4L,46,6.5,38,59,30.71,N,79,8,22.67,W,947.4,404
WAL,4,PAPI-4L,56.6,3,37,55,46.65,N,75,28,8.1,W,34.8,1100
WAL,10,PAPI-4L,69.1,3,37,56,34.5,N,75,28,52.54,W,31.2,1100
WAL,17,PAPI-4L,63,3,37,56,39.79,N,75,27,59.33,W,36.5,1100
WAL,22,PAPI-4L,60.4,3,37,56,41.44,N,75,27,24.55,W,34.3,1100
WAL,28,PAPI-4L,60.9,3,37,56,34.14,N,75,27,40.07,W,38.2,1100
WAL,35,PAPI-4L,59,3,37,56,15.93,N,75,27,46.99,W,35.3,1100
WBW,7,PAPI-2L,40,4,41,17,43.264,N,75,51,16.144,W,542.6,569
WBW,25,PAPI-2L,40,3.75,41,17,56.244,N,75,50,52.809,W,542.6,593
WDG,13,PAPI-2L,39.9,3,36,22,47.546,N,97,47,11.311,W,1156.3,802
WDG,17,PAPI-4L,51.9,3,36,22,55.843,N,97,47,27.885,W,1160,1079
WDG,31,PAPI-2L,40,3,36,22,37.119,N,97,46,58.406,W,1159.1,745
WDG,35,PAPI-4L,49.3,3,36,21,56.146,N,97,47,27.909,W,1140.5,886
WDR,5,PAPI-2L,22.7,3,33,58,43.519,N,83,40,18.91,W,931,496
WDR,13,PAPI-4L,34.7,3,33,59,13.127,N,83,40,15.792,W,932,677
WDR,23,PAPI-2L,39.4,3,33,59,0.167,N,83,39,58.419,W,919,700
WDR,31,PAPI-4L,42,3,33,58,53.74,N,83,39,46.677,W,911.5,784
WHP,12,PAPI-2R,54,3.8,34,15,37.86,N,118,24,53.071,W,1002.8,729
WHP,30,PAPI-2L,26.2,3.8,34,15,25.174,N,118,24,39.666,W,959.9,478
WJF,6,PAPI-4L,40,3,34,44,19.16,N,118,13,39.27,W,2347.6,777.3
WJF,24,PAPI-4L,40,3,34,44,36.44,N,118,12,34.58,W,2333.2,749.2
WLD,17,PAPI-4L,40,3,37,10,29.67,N,97,2,9.99,W,1155,861
WLD,35,PAPI-4L,54.4,3,37,9,53.13,N,97,2,9.98,W,1153.8,949
WLK,27,PAPI-4R,25,3,66,36,3.76,N,159,59,17.06,W,19.4,462
WLW,34,VASI-4L,31,3,39,30,43.005,N,122,13,10.372,W,134.9,600
WMC,14,PAPI-2L,39.5,3,40,54,14.66,N,117,48,46.8,W,4301.6,750.8
WNA,16,PAPI-4L,25.9,3,60,41,36.65,N,161,58,44.34,W,19.3,457.7
WNA,34,PAPI-4L,24.9,3,60,41,13.73,N,161,58,40.78,W,18,457.7
WRB,15,PAPI-4L,55.3,2.7,32,39,3.52,N,83,36,4.29,W,294.8,1143.5
WRB,33,PAPI-4L,54.9,2.52,32,37,46.37,N,83,34,58.13,W,274.4,1223
WRI,6,PAPI-4L,75.5,3,40,0,26.935,N,74,35,36.468,W,123,1596
WRI,18,PAPI-4L,68,3,40,1,26.462,N,74,36,9.032,W,123.1,1276
WRI,24,PAPI-4L,75.6,3,40,1,15.436,N,74,34,31.688,W,106.2,1383
WRI,36,PAPI-4L,46.2,3,40,0,38.401,N,74,36,1.107,W,125,948
WRL,16,PAPI-4L,40.9,3,43,58,10.836,N,107,57,12.687,W,4179.4,680.05
WRL,34,PAPI-4L,40,3,43,57,17.93,N,107,57,6.31,W,4243.9,941
WS51,11,PAPI-2L,38.8,3,43,21,13.227,N,90,41,5.318,W,1063.9,821
WS51,29,PAPI-4L,46.5,3,43,21,5.768,N,90,40,37.792,W,1052.8,801
WSSL,3,PAPI-4L,55.2,3,1,24,46.06,N,103,51,53.77,E,35,872.9
WSSL,21,PAPI-4L,55.3,3,1,25,16.84,N,103,52,13.89,E,14.3,769.2
WSSS,1,PAPI-4R,56.4,3,1,20,7.7284,N,104,0,19.3459,E,15.3,1063
WSSS,,PAPI-4L,72.1,3,1,19,56.05,N,103,59,11.1,E,15,1371
WSSS,19,PAPI-4R,56.4,3,1,21,10.7733,N,104,0,45.9616,E,15.2,1063
WSSS,,PAPI-4L,,3,1,21,30.87,N,103,59,51.12,E,15,1371.4
WSSS,,PAPI-4L,,3,1,22,21.68,N,103,59,14.82,E,14,1345.1
WST,7,PAPI-4R,46,3.5,41,20,48.07,N,71,48,31.17,W,56.7,662.3
WST,14,PAPI-4L,40,4,41,21,10.84,N,71,48,22.38,W,61.1,493
WST,25,VASI-2L,35.8,3.5,41,21,4.26,N,71,48,2.45,W,76.8,612
WST,32,PAPI-4L,40,4,41,20,57.39,N,71,48,1.18,W,76.1,603
WTK,1,PAPI-4L,30,3,67,33,27.39,N,162,59,3.16,W,83,586
WVI,2,PAPI-2L,43,3,36,55,50.95,N,121,47,39.819,W,142.7,769
WVI,9,PAPI-2R,33.5,4,36,56,17.091,N,121,47,32.246,W,160.3,529
WVI,20,PAPI-2L,43.7,3,36,56,9.611,N,121,47,25.108,W,151.7,910
WVL,5,VASI-4L,51.2,3,44,31,42.46,N,69,40,44.96,W,276.4,806.2
WVL,23,PAPI-4L,40.3,3,44,32,15.382,N,69,40,19.885,W,326.1,897
WWD,1,PAPI-4L,40,3,39,0,16.261,N,74,54,20.327,W,19,815
WWD,10,PAPI-4L,45.2,3,39,0,25.788,N,74,55,2.309,W,16.6,841
WWD,19,PAPI-4L,40,3,39,0,50.572,N,74,54,20.618,W,16,750
WWD,28,PAPI-4L,57.2,3,39,0,25.992,N,74,54,23.564,W,18.6,1100
WWR,17,PAPI-4L,39.1,3,36,26,32.14,N,99,31,15.4,W,2163.6,726.5
WWR,35,PAPI-4L,39.5,3,36,25,53.4,N,99,31,15.79,W,2188.1,857.9
WYS,1,PAPI-4L,50.1,3,44,40,49.66,N,111,7,23.27,W,6647.7,976.75
WYS,19,PAPI-4L,53,3,44,41,46.586,N,111,6,43.905,W,6635.2,992
X06,6,PAPI-2L,53.5,3,27,11,39.057,N,81,50,21.481,W,60,1000
X06,24,PAPI-2L,49.9,3,27,11,49.326,N,81,50,6.564,W,59.1,1000
X07,6,PAPI-4L,44,3.5,27,53,22.018,N,81,37,38.414,W,124.6,698
X07,17,PAPI-2R,45,3.37,27,53,51.713,N,81,37,17.352,W,123.6,762
X07,24,PAPI-4L,44.4,3.5,27,53,42.134,N,81,36,59.995,W,123,700
X07,35,PAPI-2L,32.3,3,27,53,27.405,N,81,37,11.284,W,124,583
X14,14,PAPI-4L,39.9,3,26,44,36.72,N,81,25,52.99,W,19.1,799
X14,32,PAPI-4L,39.9,3,26,44,13.87,N,81,25,29.06,W,20.2,808
X21,15,PAPI-2L,45.1,3.75,28,37,28.613,N,80,50,11.894,W,26.8,652
X21,33,PAPI-2L,45,3.75,28,37,18.671,N,80,50,5.121,W,29.1,703
X23,1,PAPI-2R,40,3.5,28,55,22.751,N,81,39,6.811,W,103.6,600
X23,19,PAPI-2L,40,3.5,28,55,36.985,N,81,39,5.905,W,105.8,635
X35,5,PAPI-4L,27.6,3,29,3,36.619,N,82,22,51.199,W,63.4,521
X35,23,PAPI-4L,26.6,3,29,4,4.273,N,82,22,19.458,W,65,512
X51,10,PAPI-2L,71,3,25,30,9.908,N,80,33,3.77,W,7,1336
X51,36,PAPI-4R,24.2,3,25,29,32.448,N,80,33,25.092,W,7,462.219
X59,14,PAPI-4R,38.6,3,27,57,53.156,N,80,33,34.989,W,25.2,725
X59,28,PAPI-4R,47.2,3,27,57,34.436,N,80,33,22.824,W,24.4,950
X59,32,PAPI-4L,33.1,3,27,57,33.726,N,80,33,15.136,W,24.5,625
X60,5,PAPI-2L,37.9,3,29,21,14.682,N,82,28,29.388,W,70.2,776
X60,14,PAPI-2L,42.3,3,29,21,15.391,N,82,28,45.173,W,72.3,707
X60,23,PAPI-2L,35.2,3,29,21,50.959,N,82,27,48.114,W,73.1,719
X60,32,PAPI-2L,43.8,3,29,20,49.8,N,82,28,19.305,W,64.7,819
XA66,12,PAPI-4R,38.5,3,28,4,40.134,N,99,17,25.722,W,482.7,799.2
XA66,30,PAPI-4R,42.2,3,28,4,11.87,N,99,16,44.042,W,475.3,799.8
XA89,14,PAPI-4L,44.7,3,28,12,45.7,N,100,1,18.96,W,772.3,843
XA89,32,PAPI-4L,44.4,3,28,12,15.88,N,100,0,56.38,W,767.4,836
XBP,18,PAPI-2L,50.7,3,33,10,42.57,N,97,49,41.93,W,815.2,853.707
XBP,36,PAPI-2L,46,3.5,33,10,10.847,N,97,49,42.722,W,852,943.885
XLL,7,PAPI-4L,40.7,3,40,34,4.102,N,75,29,29.979,W,382.3,856
XLL,25,PAPI-4L,40.2,3.5,40,34,16.41,N,75,29,3.901,W,383.5,727
XMR,13,PAPI-4L,78.6,3,28,28,24.555,N,80,34,30.806,W,9.5,1499.1
XMR,31,PAPI-4L,78.9,3,28,27,42.11,N,80,33,28.87,W,9.3,1504.6
XNA,,PAPI-4L,51.9,3,36,17,25.73,N,94,18,38.67,W,1283.3,1056
XNA,,PAPI-4L,51.3,3,36,16,22.4,N,94,18,9.78,W,1267.5,916
XNX,17,PAPI-2L,27.9,3,36,22,54.925,N,86,24,35.076,W,578.3,628
XNX,35,PAPI-2L,36.5,3,36,22,5.42,N,86,24,25.448,W,537.3,604
XS44,8,PAPI-2L,44,3,31,0,53.025,N,104,13,8.758,W,4402.5,998.5
XS44,26,PAPI-2L,72,3,31,0,56.881,N,104,12,19.775,W,4354.8,998.7
XS67,14,PAPI-2L,40.5,3,27,56,54.506,N,96,59,15.467,W,5,763
XS67,32,PAPI-2L,41.5,3,27,56,25.587,N,96,58,56.605,W,8,763
XS71,17,PAPI-2L,40,3,28,45,7.25,N,98,2,44.47,W,377.6,763
XS71,35,PAPI-2L,56,3.5,28,44,44.78,N,98,2,43.42,W,377.3,921
XS75,12,PAPI-4L,41.3,3,30,27,34.94,N,98,29,40.86,W,1412.8,804
XS75,30,PAPI-4L,46.4,3.3,30,27,10.85,N,98,29,4.98,W,1407.4,783.4
XSA,10,PAPI-2L,40,3,37,51,33.68,N,76,53,54,W,131.4,930
XSA,28,PAPI-2L,40,3,37,51,35.51,N,76,53,23.66,W,123.9,930
XVG,13,PAPI-4L,19.4,4,46,59,31.543,N,94,12,23.331,W,1335.6,266
XVG,31,PAPI-2L,40.1,3,46,59,15.593,N,94,12,2.564,W,1335.3,679
XWA,4,PAPI-2L,40,3,48,15,20.707,N,103,45,14.067,W,2347.7,920
XWA,14,PAPI-4L,50,3,48,16,3.034,N,103,45,26.716,W,2306.7,884
XWA,22,PAPI-2L,40,3,48,15,38.32,N,103,44,39.895,W,2323.4,659
XWA,32,PAPI-4L,50,3,48,15,16.752,N,103,44,42.961,W,2343.9,1070
Y14,16,PAPI-2L,42,3,43,27,27.43,N,96,48,8.247,W,1508.9,801
Y14,34,PAPI-2L,44.9,3,43,27,7.406,N,96,48,1.039,W,1495.1,753
Y19,13,PAPI-2L,25,3,46,46,21.47,N,100,53,52.947,W,1941.8,467
Y19,31,PAPI-2L,25,3,46,45,53.093,N,100,53,24.319,W,1943.6,434
Y23,17,PAPI-2L,21.6,4,45,18,28.06,N,91,38,8.6,W,1055,300
Y23,35,PAPI-2L,15.9,3,45,18,6.42,N,91,38,5.78,W,1055,300
Y27,14,PAPI-2L,30,3,46,4,12.363,N,100,38,5.816,W,1632.9,553
Y27,32,PAPI-2L,30,3,46,3,49.575,N,100,37,50.457,W,1631.1,596
Y31,9,PAPI-4L,41,3,44,14,41.014,N,84,11,10.288,W,879,827
Y31,27,PAPI-4L,41,3,44,14,41.688,N,84,10,22.755,W,863.8,712
Y37,13,PAPI-2L,42.5,3,48,23,40.78,N,97,46,57.343,W,1097.3,944
Y37,31,PAPI-2L,42.6,3,48,23,31.136,N,97,46,42.26,W,1090.4,745
Y51,11,PAPI-2L,34.8,3,43,34,55.485,N,90,54,22.74,W,1269.3,600
Y51,29,PAPI-2L,37.1,3,43,34,44.855,N,90,53,50.57,W,1287.3,799
Y63,14,PAPI-4L,24.2,3,45,59,15.013,N,95,59,42.041,W,1205.7,438
Y63,32,PAPI-4L,26.1,3,45,58,56.503,N,95,59,20.152,W,1199.3,533
Y70,10,PAPI-4L,25,3,42,56,16.557,N,85,4,8.943,W,0,516
Y70,28,PAPI-4L,22,3,42,56,16.211,N,85,3,25.723,W,0,567
Y74,12,PAPI-2L,26.7,3,47,56,15.951,N,102,8,45.409,W,2005,398
Y74,30,PAPI-2L,25.7,3,47,56,2.221,N,102,8,20.171,W,2026.7,598
Y83,10,PAPI-2L,41,3,43,27,25.11,N,82,50,40.957,W,776.8,756
YAK,2,PAPI-4R,27,3,59,29,59.784,N,139,40,39.61,W,25.1,505
YAK,11,PAPI-4L,55.9,3,59,30,33.793,N,139,39,38.231,W,39.5,1070
YAK,20,PAPI-4L,28.6,3,59,30,27.752,N,139,39,44.612,W,35.8,567
YAK,29,PAPI-4L,50.6,3,59,29,54.222,N,139,38,20.432,W,32.2,982
YIP,5,PAPI-4L,74.7,3,42,13,59.8519,N,83,32,9.7465,W,714.8,1417
YIP,9,PAPI-4L,40.1,3,42,14,38.4161,N,83,32,25.7015,W,714.5,773
YIP,23,PAPI-4L,55.9,3,42,14,34.4372,N,83,31,20.3376,W,704,1019
YKM,4,PAPI-4L,44.2,3,46,33,54.87,N,120,32,41.212,W,1069.4,975
YKM,9,VASI-4L,54,3,46,34,17.267,N,120,33,18.708,W,1091.9,1162
YKM,22,PAPI-4L,45.2,3,46,34,5.146,N,120,32,15.517,W,1059.5,784
YKM,27,PAPI-4L,56.5,3,46,33,58.838,N,120,32,5.252,W,1054.5,980
YKN,2,PAPI-2L,25.3,3,42,54,40.887,N,97,23,8.342,W,1275.9,481
YKN,13,VASI-4L,41.4,3,42,55,21.065,N,97,23,32.286,W,1302.8,850
YKN,20,PAPI-2L,24.5,3,42,55,3.208,N,97,22,56.423,W,1279,471
YKN,31,VASI-4L,48.4,3,42,54,47.752,N,97,22,53.915,W,1276,825
YNG,5,PAPI-4R,50.7,3.25,41,15,3.999,N,80,40,50.336,W,1133.2,715
YNG,14,PAPI-4L,56.8,3,41,16,15.8988,N,80,41,23.8581,W,1114.5,927
YNG,23,PAPI-4R,24,3,41,15,29.4699,N,80,40,16.623,W,1182,643
YNG,32,PAPI-4L,34.9,3,41,15,24.8321,N,80,40,16.0817,W,1180.5,760
ZEF,7,PAPI-2L,47.9,3,36,16,43.901,N,80,47,21.602,W,1065.1,950.026
ZEF,25,PAPI-2L,42.3,3,36,16,53.36,N,80,46,54.737,W,1045,652
ZER,11,PAPI-2L,40,3,40,42,22.801,N,76,22,57.923,W,1728.8,763
ZER,29,PAPI-2L,45.1,3,40,42,18.018,N,76,22,12.544,W,1707.6,809
ZPH,1,PAPI-4L,45,3,28,13,6.526,N,82,9,12.172,W,78.3,868
ZPH,5,PAPI-4L,41.1,3.63,28,13,31.71,N,82,9,44.597,W,85,654
ZPH,19,PAPI-4L,42.5,3,28,13,51.098,N,82,9,11.898,W,88.1,832
ZPH,23,PAPI-4L,41,3.61,28,13,58.637,N,82,9,16.546,W,88,647
ZZV,4,PAPI-4R,35.1,3,39,56,25.494,N,81,53,40.789,W,899.8,598
ZZV,22,PAPI-4L,47,3,39,56,54.891,N,81,53,15.189,W,875.7,820
